away_ats,away_pa_pg,away_pass_def_rank,away_pass_rank,away_pf_pg,away_pr,away_pr_rank,away_py_allowed_pg,away_py_pg,away_rush_def_rank,away_rush_rank,away_ry_allowed_pg,away_ry_pg,away_sos,away_sos_rank,away_su,away_team_norm,away_team_raw,away_to_margin_pg,away_tot_def_rank,away_tot_off_rank,away_ty_allowed_pg,away_ty_pg,favored_side,game_key,hfa,home_ats,home_pa_pg,home_pass_def_rank,home_pass_rank,home_pf_pg,home_pr,home_pr_rank,home_py_allowed_pg,home_py_pg,home_rush_def_rank,home_rush_rank,home_ry_allowed_pg,home_ry_pg,home_sos,home_sos_rank,home_su,home_team_norm,home_team_raw,home_to_margin_pg,home_tot_def_rank,home_tot_off_rank,home_ty_allowed_pg,home_ty_pg,is_closing,kickoff_iso_utc,moneyline_away,moneyline_home,odds_source,rating_diff,rating_diff_favored_team,rating_vs_odds,rating_vs_odds_favored_team,raw_sources,season,snapshot_at,source_uid,spread_favored_team,spread_home_relative,total,week,home_score,away_score
,35.9,95,116,11.5,36.28,134.0,256.1,172.4,96,132,183.6,81.6,58.45,126.0,0-8,Massachusetts,Massachusetts,-0.1,103,133,439.8,254.0,,20251105_0000_massachusetts_akron,3.67,1-0-0,29.0,117,83,18.8,51.23,125.0,244.8,199.8,114,91,178.4,127.9,55.86,140.0,3-6,Akron,Akron,0.3,120,96,423.2,327.7,,2025-11-05T00:00:00Z,,,,14.95,,,,"{'league_metrics_away': {'ATS': None, 'PA': 35.9, 'PF': 11.5, 'PY(D)': 256.1, 'PY(O)': 172.4, 'R(D)_PY': 95, 'R(D)_RY': 96, 'R(D)_TY': 103, 'R(O)_PY': 116, 'R(O)_RY': 132, 'R(O)_TY': 133, 'RY(D)': 183.6, 'RY(O)': 81.6, 'SU': '0-8', 'TO': -0.1, 'TY(D)': 439.8, 'TY(O)': 254.0, 'Team': 'Massachusetts'}, 'league_metrics_home': {'ATS': None, 'PA': 29.0, 'PF': 18.8, 'PY(D)': 244.8, 'PY(O)': 199.8, 'R(D)_PY': 117, 'R(D)_RY': 114, 'R(D)_TY': 120, 'R(O)_PY': 83, 'R(O)_RY': 91, 'R(O)_TY': 96, 'RY(D)': 178.4, 'RY(O)': 127.9, 'SU': '3-6', 'TO': 0.3, 'TY(D)': 423.2, 'TY(O)': 327.7, 'Team': 'Akron'}, 'sagarin_away': {'fetched_at': '2025-11-23 01:49:37.608946+00:00', 'hfa': 3.67, 'page_stamp': 'COLLEGE FOOTBALL 2025 through results of 2025 NOVEMBER 15 SATURDAY - WEEK 12', 'pr': 36.28, 'pr_rank': 134, 'season': 2025, 'sos': 58.45, 'sos_rank': 126, 'source_url': 'http://sagarin.com/sports/cfsend.htm', 'team': 'Massachusetts', 'team_norm': 'Massachusetts', 'team_raw': 'Massachusetts', 'week': 11}, 'sagarin_home': {'fetched_at': '2025-11-23 01:49:37.608946+00:00', 'hfa': 3.67, 'page_stamp': 'COLLEGE FOOTBALL 2025 through results of 2025 NOVEMBER 15 SATURDAY - WEEK 12', 'pr': 51.23, 'pr_rank': 125, 'season': 2025, 'sos': 55.86, 'sos_rank': 140, 'source_url': 'http://sagarin.com/sports/cfsend.htm', 'team': 'Akron', 'team_norm': 'Akron', 'team_raw': 'Akron', 'week': 11}, 'schedule_row': {'away_team': 'Massachusetts', 'conference_game': True, 'home_team': 'Akron', 'id': 401762851, 'kickoff_iso_utc': '2025-11-05T00:00:00Z', 'season': 2025, 'venue': 'InfoCision Stadium', 'week': 11}}",2025,,401762851,,,,11,44.0,10.0
1-0-0,21.4,29,96,26.0,63.12,91.0,203.1,199.9,31,65,123.4,167.5,62.26,93.0,5-3,Miami (oh),Miami (OH),0.4,24,97,326.5,367.4,,20251105_0000_miami_oh_ohio,3.67,0-1-0,24.8,62,82,29.2,65.88,82.0,230.1,225.6,62,27,154.2,210.4,60.8,111.0,5-3,Ohio,Ohio,0.1,62,47,384.4,436.0,,2025-11-05T00:00:00Z,,,,2.76,,,,"{'league_metrics_away': {'ATS': None, 'PA': 21.4, 'PF': 26.0, 'PY(D)': 203.1, 'PY(O)': 199.9, 'R(D)_PY': 29, 'R(D)_RY': 31, 'R(D)_TY': 24, 'R(O)_PY': 96, 'R(O)_RY': 65, 'R(O)_TY': 97, 'RY(D)': 123.4, 'RY(O)': 167.5, 'SU': '5-3', 'TO': 0.4, 'TY(D)': 326.5, 'TY(O)': 367.4, 'Team': 'Miami (oh)'}, 'league_metrics_home': {'ATS': None, 'PA': 24.8, 'PF': 29.2, 'PY(D)': 230.1, 'PY(O)': 225.6, 'R(D)_PY': 62, 'R(D)_RY': 62, 'R(D)_TY': 62, 'R(O)_PY': 82, 'R(O)_RY': 27, 'R(O)_TY': 47, 'RY(D)': 154.2, 'RY(O)': 210.4, 'SU': '5-3', 'TO': 0.1, 'TY(D)': 384.4, 'TY(O)': 436.0, 'Team': 'Ohio'}, 'sagarin_away': {'fetched_at': '2025-11-23 01:49:37.608946+00:00', 'hfa': 3.67, 'page_stamp': 'COLLEGE FOOTBALL 2025 through results of 2025 NOVEMBER 15 SATURDAY - WEEK 12', 'pr': 63.12, 'pr_rank': 91, 'season': 2025, 'sos': 62.26, 'sos_rank': 93, 'source_url': 'http://sagarin.com/sports/cfsend.htm', 'team': 'Miami-ohio', 'team_norm': 'Miami-ohio', 'team_raw': 'Miami-Ohio', 'week': 11}, 'sagarin_home': {'fetched_at': '2025-11-23 01:49:37.608946+00:00', 'hfa': 3.67, 'page_stamp': 'COLLEGE FOOTBALL 2025 through results of 2025 NOVEMBER 15 SATURDAY - WEEK 12', 'pr': 65.88, 'pr_rank': 82, 'season': 2025, 'sos': 60.8, 'sos_rank': 111, 'source_url': 'http://sagarin.com/sports/cfsend.htm', 'team': 'Ohio', 'team_norm': 'Ohio', 'team_raw': 'Ohio', 'week': 11}, 'schedule_row': {'away_team': 'Miami (OH)', 'conference_game': True, 'home_team': 'Ohio', 'id': 401762852, 'kickoff_iso_utc': '2025-11-05T00:00:00Z', 'season': 2025, 'venue': 'Peden Stadium', 'week': 11}}",2025,,401762852,,,,11,24.0,20.0
1-0-0,36.5,102,110,18.6,48.46,130.0,260.6,180.5,117,130,206.9,89.0,60.32,116.0,3-5,Kent State,Kent State,-0.2,116,131,467.5,269.5,,20251106_0000_kent_state_ball_state,3.67,0-1-0,29.8,60,124,16.4,49.48,127.0,229.6,129.8,101,92,187.2,143.0,60.43,113.0,3-5,Ball State,Ball State,-0.4,89,130,416.9,272.8,,2025-11-06T00:00:00Z,,,,1.02,,,,"{'league_metrics_away': {'ATS': None, 'PA': 36.5, 'PF': 18.6, 'PY(D)': 260.6, 'PY(O)': 180.5, 'R(D)_PY': 102, 'R(D)_RY': 117, 'R(D)_TY': 116, 'R(O)_PY': 110, 'R(O)_RY': 130, 'R(O)_TY': 131, 'RY(D)': 206.9, 'RY(O)': 89.0, 'SU': '3-5', 'TO': -0.2, 'TY(D)': 467.5, 'TY(O)': 269.5, 'Team': 'Kent State'}, 'league_metrics_home': {'ATS': None, 'PA': 29.8, 'PF': 16.4, 'PY(D)': 229.6, 'PY(O)': 129.8, 'R(D)_PY': 60, 'R(D)_RY': 101, 'R(D)_TY': 89, 'R(O)_PY': 124, 'R(O)_RY': 92, 'R(O)_TY': 130, 'RY(D)': 187.2, 'RY(O)': 143.0, 'SU': '3-5', 'TO': -0.4, 'TY(D)': 416.9, 'TY(O)': 272.8, 'Team': 'Ball State'}, 'sagarin_away': {'fetched_at': '2025-11-23 01:49:37.608946+00:00', 'hfa': 3.67, 'page_stamp': 'COLLEGE FOOTBALL 2025 through results of 2025 NOVEMBER 15 SATURDAY - WEEK 12', 'pr': 48.46, 'pr_rank': 130, 'season': 2025, 'sos': 60.32, 'sos_rank': 116, 'source_url': 'http://sagarin.com/sports/cfsend.htm', 'team': 'Kent State', 'team_norm': 'Kent State', 'team_raw': 'Kent State', 'week': 11}, 'sagarin_home': {'fetched_at': '2025-11-23 01:49:37.608946+00:00', 'hfa': 3.67, 'page_stamp': 'COLLEGE FOOTBALL 2025 through results of 2025 NOVEMBER 15 SATURDAY - WEEK 12', 'pr': 49.48, 'pr_rank': 127, 'season': 2025, 'sos': 60.43, 'sos_rank': 113, 'source_url': 'http://sagarin.com/sports/cfsend.htm', 'team': 'Ball State', 'team_norm': 'Ball State', 'team_raw': 'Ball State', 'week': 11}, 'schedule_row': {'away_team': 'Kent State', 'conference_game': True, 'home_team': 'Ball State', 'id': 401762853, 'kickoff_iso_utc': '2025-11-06T00:00:00Z', 'season': 2025, 'venue': 'Scheumann Stadium', 'week': 11}}",2025,,401762853,,,,11,17.0,13.0
1-0-0,22.1,13,126,13.4,54.89,118.0,167.8,103.1,88,62,176.8,170.8,61.35,106.0,2-6,Northern Illinois,Northern Illinois,-0.1,34,129,344.5,273.9,,20251106_0000_northern_illinois_toledo,3.67,0-1-0,16.0,3,56,31.8,71.88,56.0,142.8,253.2,14,47,95.4,184.1,58.4,127.0,4-4,Toledo,Toledo,0.6,2,45,238.1,437.4,,2025-11-06T00:00:00Z,,,,16.99,,,,"{'league_metrics_away': {'ATS': None, 'PA': 22.1, 'PF': 13.4, 'PY(D)': 167.8, 'PY(O)': 103.1, 'R(D)_PY': 13, 'R(D)_RY': 88, 'R(D)_TY': 34, 'R(O)_PY': 126, 'R(O)_RY': 62, 'R(O)_TY': 129, 'RY(D)': 176.8, 'RY(O)': 170.8, 'SU': '2-6', 'TO': -0.1, 'TY(D)': 344.5, 'TY(O)': 273.9, 'Team': 'Northern Illinois'}, 'league_metrics_home': {'ATS': None, 'PA': 16.0, 'PF': 31.8, 'PY(D)': 142.8, 'PY(O)': 253.2, 'R(D)_PY': 3, 'R(D)_RY': 14, 'R(D)_TY': 2, 'R(O)_PY': 56, 'R(O)_RY': 47, 'R(O)_TY': 45, 'RY(D)': 95.4, 'RY(O)': 184.1, 'SU': '4-4', 'TO': 0.6, 'TY(D)': 238.1, 'TY(O)': 437.4, 'Team': 'Toledo'}, 'sagarin_away': {'fetched_at': '2025-11-23 01:49:37.608946+00:00', 'hfa': 3.67, 'page_stamp': 'COLLEGE FOOTBALL 2025 through results of 2025 NOVEMBER 15 SATURDAY - WEEK 12', 'pr': 54.89, 'pr_rank': 118, 'season': 2025, 'sos': 61.35, 'sos_rank': 106, 'source_url': 'http://sagarin.com/sports/cfsend.htm', 'team': 'Northern Illinois', 'team_norm': 'Northern Illinois', 'team_raw': 'Northern Illinois', 'week': 11}, 'sagarin_home': {'fetched_at': '2025-11-23 01:49:37.608946+00:00', 'hfa': 3.67, 'page_stamp': 'COLLEGE FOOTBALL 2025 through results of 2025 NOVEMBER 15 SATURDAY - WEEK 12', 'pr': 71.88, 'pr_rank': 56, 'season': 2025, 'sos': 58.4, 'sos_rank': 127, 'source_url': 'http://sagarin.com/sports/cfsend.htm', 'team': 'Toledo', 'team_norm': 'Toledo', 'team_raw': 'Toledo', 'week': 11}, 'schedule_row': {'away_team': 'Northern Illinois', 'conference_game': True, 'home_team': 'Toledo', 'id': 401762854, 'kickoff_iso_utc': '2025-11-06T00:00:00Z', 'season': 2025, 'venue': 'Glass Bowl', 'week': 11}}",2025,,401762854,,,,11,42.0,3.0
,35.4,56,85,28.8,60.82,99.0,227.8,224.0,127,100,242.5,137.6,61.68,100.0,3-5,Georgia Southern,Georgia Southern,0.4,119,102,470.2,361.6,,20251107_0030_georgia_southern_app_state,3.67,,27.6,104,33,27.0,55.57,117.0,261.1,280.6,22,104,114.1,135.0,60.24,117.0,4-4,App State,App State,-0.5,50,65,375.2,415.6,,2025-11-07T00:30:00Z,,,,-5.25,,,,"{'league_metrics_away': {'ATS': None, 'PA': 35.4, 'PF': 28.8, 'PY(D)': 227.8, 'PY(O)': 224.0, 'R(D)_PY': 56, 'R(D)_RY': 127, 'R(D)_TY': 119, 'R(O)_PY': 85, 'R(O)_RY': 100, 'R(O)_TY': 102, 'RY(D)': 242.5, 'RY(O)': 137.6, 'SU': '3-5', 'TO': 0.4, 'TY(D)': 470.2, 'TY(O)': 361.6, 'Team': 'Georgia Southern'}, 'league_metrics_home': {'ATS': None, 'PA': 27.6, 'PF': 27.0, 'PY(D)': 261.1, 'PY(O)': 280.6, 'R(D)_PY': 104, 'R(D)_RY': 22, 'R(D)_TY': 50, 'R(O)_PY': 33, 'R(O)_RY': 104, 'R(O)_TY': 65, 'RY(D)': 114.1, 'RY(O)': 135.0, 'SU': '4-4', 'TO': -0.5, 'TY(D)': 375.2, 'TY(O)': 415.6, 'Team': 'App State'}, 'sagarin_away': {'fetched_at': '2025-11-23 01:49:37.608946+00:00', 'hfa': 3.67, 'page_stamp': 'COLLEGE FOOTBALL 2025 through results of 2025 NOVEMBER 15 SATURDAY - WEEK 12', 'pr': 60.82, 'pr_rank': 99, 'season': 2025, 'sos': 61.68, 'sos_rank': 100, 'source_url': 'http://sagarin.com/sports/cfsend.htm', 'team': 'Georgia Southern', 'team_norm': 'Georgia Southern', 'team_raw': 'Georgia Southern', 'week': 11}, 'sagarin_home': {'fetched_at': '2025-11-23 01:49:37.608946+00:00', 'hfa': 3.67, 'page_stamp': 'COLLEGE FOOTBALL 2025 through results of 2025 NOVEMBER 15 SATURDAY - WEEK 12', 'pr': 55.57, 'pr_rank': 117, 'season': 2025, 'sos': 60.24, 'sos_rank': 117, 'source_url': 'http://sagarin.com/sports/cfsend.htm', 'team': 'Appalachian State', 'team_norm': 'Appalachian State', 'team_raw': 'Appalachian State', 'week': 11}, 'schedule_row': {'away_team': 'Georgia Southern', 'conference_game': True, 'home_team': 'App State', 'id': 401761644, 'kickoff_iso_utc': '2025-11-07T00:30:00Z', 'season': 2025, 'venue': 'Kidd Brewer Stadium', 'week': 11}}",2025,,401761644,,,,11,23.0,25.0
1-0-0,30.2,90,86,34.0,67.0,78.0,253.5,223.2,57,49,149.0,183.0,64.37,78.0,4-4,Utsa,UTSA,0.5,74,74,402.5,406.2,,20251107_0030_utsa_south_florida,3.67,0-1-0,24.4,113,46,40.4,76.91,38.0,271.1,261.5,21,17,113.6,225.8,68.11,66.0,6-2,South Florida,South Florida,0.8,63,17,384.8,487.2,,2025-11-07T00:30:00Z,,,,9.91,,,,"{'league_metrics_away': {'ATS': None, 'PA': 30.2, 'PF': 34.0, 'PY(D)': 253.5, 'PY(O)': 223.2, 'R(D)_PY': 90, 'R(D)_RY': 57, 'R(D)_TY': 74, 'R(O)_PY': 86, 'R(O)_RY': 49, 'R(O)_TY': 74, 'RY(D)': 149.0, 'RY(O)': 183.0, 'SU': '4-4', 'TO': 0.5, 'TY(D)': 402.5, 'TY(O)': 406.2, 'Team': 'Utsa'}, 'league_metrics_home': {'ATS': None, 'PA': 24.4, 'PF': 40.4, 'PY(D)': 271.1, 'PY(O)': 261.5, 'R(D)_PY': 113, 'R(D)_RY': 21, 'R(D)_TY': 63, 'R(O)_PY': 46, 'R(O)_RY': 17, 'R(O)_TY': 17, 'RY(D)': 113.6, 'RY(O)': 225.8, 'SU': '6-2', 'TO': 0.8, 'TY(D)': 384.8, 'TY(O)': 487.2, 'Team': 'South Florida'}, 'sagarin_away': {'fetched_at': '2025-11-23 01:49:37.608946+00:00', 'hfa': 3.67, 'page_stamp': 'COLLEGE FOOTBALL 2025 through results of 2025 NOVEMBER 15 SATURDAY - WEEK 12', 'pr': 67.0, 'pr_rank': 78, 'season': 2025, 'sos': 64.37, 'sos_rank': 78, 'source_url': 'http://sagarin.com/sports/cfsend.htm', 'team': 'Utsa', 'team_norm': 'Utsa', 'team_raw': 'UTSA', 'week': 11}, 'sagarin_home': {'fetched_at': '2025-11-23 01:49:37.608946+00:00', 'hfa': 3.67, 'page_stamp': 'COLLEGE FOOTBALL 2025 through results of 2025 NOVEMBER 15 SATURDAY - WEEK 12', 'pr': 76.91, 'pr_rank': 38, 'season': 2025, 'sos': 68.11, 'sos_rank': 66, 'source_url': 'http://sagarin.com/sports/cfsend.htm', 'team': 'South Florida', 'team_norm': 'South Florida', 'team_raw': 'South Florida', 'week': 11}, 'schedule_row': {'away_team': 'UTSA', 'conference_game': True, 'home_team': 'South Florida', 'id': 401762500, 'kickoff_iso_utc': '2025-11-07T00:30:00Z', 'season': 2025, 'venue': 'Raymond James Stadium', 'week': 11}}",2025,,401762500,,,,11,55.0,23.0
1-0-0,21.6,61,59,29.4,73.31,49.0,204.4,222.0,61,50,134.3,162.1,66.54,71.0,7-2,Houston,Houston,0.1,60,50,338.8,384.1,AWAY,20251108_0100_houston_ucf,3.67,,18.8,9,81,27.2,67.62,73.0,161.4,226.2,54,39,147.1,191.6,69.43,59.0,4-4,Ucf,UCF,-0.1,15,61,308.5,417.9,False,2025-11-08T01:00:00Z,-115.0,-105.0,williamhill_us,-5.69,,,,"{'league_metrics_away': {'ATS': None, 'PA': 21.6, 'PF': 29.4, 'PY(D)': 204.4, 'PY(O)': 222.0, 'R(D)_PY': 61, 'R(D)_RY': 61, 'R(D)_TY': 60, 'R(O)_PY': 59, 'R(O)_RY': 50, 'R(O)_TY': 50, 'RY(D)': 134.3, 'RY(O)': 162.1, 'SU': '7-2', 'TO': 0.1, 'TY(D)': 338.8, 'TY(O)': 384.1, 'Team': 'Houston'}, 'league_metrics_home': {'ATS': None, 'PA': 18.8, 'PF': 27.2, 'PY(D)': 161.4, 'PY(O)': 226.2, 'R(D)_PY': 9, 'R(D)_RY': 54, 'R(D)_TY': 15, 'R(O)_PY': 81, 'R(O)_RY': 39, 'R(O)_TY': 61, 'RY(D)': 147.1, 'RY(O)': 191.6, 'SU': '4-4', 'TO': -0.1, 'TY(D)': 308.5, 'TY(O)': 417.9, 'Team': 'Ucf'}, 'odds_row': {'source': 'staging', 'season': 2025, 'week': 11, 'markets': {'spreads': {'book': 'williamhill_us', 'fetch_ts': '2025-11-05T02:27:17Z', 'line': {'spread_home_relative': 1.0, 'favored_side': 'AWAY', 'spread_favored_team': -1.0, 'home_price': -110, 'away_price': -110, 'raw_outcomes': [{'name': 'Houston Cougars', 'token': 'houston', 'price': -110, 'point': -1.0}, {'name': 'UCF Knights', 'token': 'ucf', 'price': -110, 'point': 1.0}]}}, 'totals': {'book': 'williamhill_us', 'fetch_ts': '2025-11-05T02:27:17Z', 'line': {'total_points': 47.5, 'over_price': -110, 'under_price': -110, 'raw_outcomes': [{'name': 'Over', 'token': 'over', 'price': -110, 'point': 47.5}, {'name': 'Under', 'token': 'under', 'price': -110, 'point': 47.5}]}}, 'h2h': {'book': 'williamhill_us', 'fetch_ts': '2025-11-05T02:27:17Z', 'line': {'moneyline_home': -105, 'moneyline_away': -115, 'raw_outcomes': [{'name': 'Houston Cougars', 'token': 'houston', 'price': -115, 'point': None}, {'name': 'UCF Knights', 'token': 'ucf', 'price': -105, 'point': None}]}}}}, 'sagarin_away': {'fetched_at': '2025-11-23 01:49:37.608946+00:00', 'hfa': 3.67, 'page_stamp': 'COLLEGE FOOTBALL 2025 through results of 2025 NOVEMBER 15 SATURDAY - WEEK 12', 'pr': 73.31, 'pr_rank': 49, 'season': 2025, 'sos': 66.54, 'sos_rank': 71, 'source_url': 'http://sagarin.com/sports/cfsend.htm', 'team': 'Houston', 'team_norm': 'Houston', 'team_raw': 'Houston', 'week': 11}, 'sagarin_home': {'fetched_at': '2025-11-23 01:49:37.608946+00:00', 'hfa': 3.67, 'page_stamp': 'COLLEGE FOOTBALL 2025 through results of 2025 NOVEMBER 15 SATURDAY - WEEK 12', 'pr': 67.62, 'pr_rank': 73, 'season': 2025, 'sos': 69.43, 'sos_rank': 59, 'source_url': 'http://sagarin.com/sports/cfsend.htm', 'team': 'Central Florida(ucf)', 'team_norm': 'Central Florida(ucf)', 'team_raw': 'Central Florida(UCF)', 'week': 11}, 'schedule_row': {'away_team': 'Houston', 'conference_game': True, 'home_team': 'UCF', 'id': 401756946, 'kickoff_iso_utc': '2025-11-08T01:00:00Z', 'season': 2025, 'venue': 'FBC Mortgage Stadium', 'week': 11}}",2025,2025-11-05T02:27:17Z,401756946,-1.0,1.0,47.5,11,27.0,30.0
1-0-0,16.8,11,116,22.5,71.26,59.0,165.1,172.4,44,40,139.1,189.1,73.15,33.0,5-3,Northwestern,Northwestern,-0.5,13,103,304.2,361.5,,20251108_0200_northwestern_usc_trojans,3.67,,22.4,37,19,39.8,85.58,14.0,212.0,302.2,49,33,142.8,203.1,73.17,32.0,6-2,USC Trojans,USC,0.2,41,13,354.8,505.4,,2025-11-08T02:00:00Z,,,,14.32,,,,"{'league_metrics_away': {'ATS': None, 'PA': 16.8, 'PF': 22.5, 'PY(D)': 165.1, 'PY(O)': 172.4, 'R(D)_PY': 11, 'R(D)_RY': 44, 'R(D)_TY': 13, 'R(O)_PY': 116, 'R(O)_RY': 40, 'R(O)_TY': 103, 'RY(D)': 139.1, 'RY(O)': 189.1, 'SU': '5-3', 'TO': -0.5, 'TY(D)': 304.2, 'TY(O)': 361.5, 'Team': 'Northwestern'}, 'league_metrics_home': {'ATS': None, 'PA': 22.4, 'PF': 39.8, 'PY(D)': 212.0, 'PY(O)': 302.2, 'R(D)_PY': 37, 'R(D)_RY': 49, 'R(D)_TY': 41, 'R(O)_PY': 19, 'R(O)_RY': 33, 'R(O)_TY': 13, 'RY(D)': 142.8, 'RY(O)': 203.1, 'SU': '6-2', 'TO': 0.2, 'TY(D)': 354.8, 'TY(O)': 505.4, 'Team': 'USC Trojans'}, 'sagarin_away': {'fetched_at': '2025-11-23 01:49:37.608946+00:00', 'hfa': 3.67, 'page_stamp': 'COLLEGE FOOTBALL 2025 through results of 2025 NOVEMBER 15 SATURDAY - WEEK 12', 'pr': 71.26, 'pr_rank': 59, 'season': 2025, 'sos': 73.15, 'sos_rank': 33, 'source_url': 'http://sagarin.com/sports/cfsend.htm', 'team': 'Northwestern', 'team_norm': 'Northwestern', 'team_raw': 'Northwestern', 'week': 11}, 'sagarin_home': {'fetched_at': '2025-11-23 01:49:37.608946+00:00', 'hfa': 3.67, 'page_stamp': 'COLLEGE FOOTBALL 2025 through results of 2025 NOVEMBER 15 SATURDAY - WEEK 12', 'pr': 85.58, 'pr_rank': 14, 'season': 2025, 'sos': 73.17, 'sos_rank': 32, 'source_url': 'http://sagarin.com/sports/cfsend.htm', 'team': 'Southern California', 'team_norm': 'Southern California', 'team_raw': 'Southern California', 'week': 11}, 'schedule_row': {'away_team': 'Northwestern', 'conference_game': True, 'home_team': 'USC', 'id': 401752896, 'kickoff_iso_utc': '2025-11-08T02:00:00Z', 'season': 2025, 'venue': 'Los Angeles Memorial Coliseum', 'week': 11}}",2025,,401752896,,,,11,38.0,17.0
0-1-0,25.5,81,75,25.9,71.18,60.0,244.1,233.1,67,58,158.0,175.2,67.41,69.0,6-2,Tulane,Tulane,0.1,73,72,402.1,408.4,HOME,20251108_0200_tulane_memphis,3.67,1-0-0,19.2,85,50,37.7,72.54,52.0,218.7,228.7,50,16,128.2,201.0,61.69,99.0,8-1,Memphis,Memphis,1.0,67,20,346.9,429.7,False,2025-11-08T02:00:00Z,162.0,-195.0,williamhill_us,1.36,,,,"{'league_metrics_away': {'ATS': None, 'PA': 25.5, 'PF': 25.9, 'PY(D)': 244.1, 'PY(O)': 233.1, 'R(D)_PY': 81, 'R(D)_RY': 67, 'R(D)_TY': 73, 'R(O)_PY': 75, 'R(O)_RY': 58, 'R(O)_TY': 72, 'RY(D)': 158.0, 'RY(O)': 175.2, 'SU': '6-2', 'TO': 0.1, 'TY(D)': 402.1, 'TY(O)': 408.4, 'Team': 'Tulane'}, 'league_metrics_home': {'ATS': None, 'PA': 19.2, 'PF': 37.7, 'PY(D)': 218.7, 'PY(O)': 228.7, 'R(D)_PY': 85, 'R(D)_RY': 50, 'R(D)_TY': 67, 'R(O)_PY': 50, 'R(O)_RY': 16, 'R(O)_TY': 20, 'RY(D)': 128.2, 'RY(O)': 201.0, 'SU': '8-1', 'TO': 1.0, 'TY(D)': 346.9, 'TY(O)': 429.7, 'Team': 'Memphis'}, 'odds_row': {'source': 'staging', 'season': 2025, 'week': 11, 'markets': {'spreads': {'book': 'williamhill_us', 'fetch_ts': '2025-11-05T02:27:17Z', 'line': {'spread_home_relative': -5.0, 'favored_side': 'HOME', 'spread_favored_team': -5.0, 'home_price': -110, 'away_price': -110, 'raw_outcomes': [{'name': 'Memphis Tigers', 'token': 'memphis', 'price': -110, 'point': -5.0}, {'name': 'Tulane Green Wave', 'token': 'tulane', 'price': -110, 'point': 5.0}]}}, 'totals': {'book': 'williamhill_us', 'fetch_ts': '2025-11-05T02:27:17Z', 'line': {'total_points': 55.5, 'over_price': -110, 'under_price': -110, 'raw_outcomes': [{'name': 'Over', 'token': 'over', 'price': -110, 'point': 55.5}, {'name': 'Under', 'token': 'under', 'price': -110, 'point': 55.5}]}}, 'h2h': {'book': 'williamhill_us', 'fetch_ts': '2025-11-05T02:27:17Z', 'line': {'moneyline_home': -195, 'moneyline_away': 162, 'raw_outcomes': [{'name': 'Memphis Tigers', 'token': 'memphis', 'price': -195, 'point': None}, {'name': 'Tulane Green Wave', 'token': 'tulane', 'price': 162, 'point': None}]}}}}, 'sagarin_away': {'fetched_at': '2025-11-23 01:49:37.608946+00:00', 'hfa': 3.67, 'page_stamp': 'COLLEGE FOOTBALL 2025 through results of 2025 NOVEMBER 15 SATURDAY - WEEK 12', 'pr': 71.18, 'pr_rank': 60, 'season': 2025, 'sos': 67.41, 'sos_rank': 69, 'source_url': 'http://sagarin.com/sports/cfsend.htm', 'team': 'Tulane', 'team_norm': 'Tulane', 'team_raw': 'Tulane', 'week': 11}, 'sagarin_home': {'fetched_at': '2025-11-23 01:49:37.608946+00:00', 'hfa': 3.67, 'page_stamp': 'COLLEGE FOOTBALL 2025 through results of 2025 NOVEMBER 15 SATURDAY - WEEK 12', 'pr': 72.54, 'pr_rank': 52, 'season': 2025, 'sos': 61.69, 'sos_rank': 99, 'source_url': 'http://sagarin.com/sports/cfsend.htm', 'team': 'Memphis', 'team_norm': 'Memphis', 'team_raw': 'Memphis', 'week': 11}, 'schedule_row': {'away_team': 'Tulane', 'conference_game': True, 'home_team': 'Memphis', 'id': 401762501, 'kickoff_iso_utc': '2025-11-08T02:00:00Z', 'season': 2025, 'venue': 'Simmons Bank Liberty Stadium', 'week': 11}}",2025,2025-11-05T02:27:17Z,401762501,-5.0,-5.0,55.5,11,32.0,38.0
1-0-0,17.0,20,90,36.2,82.69,21.0,188.9,216.8,36,20,129.8,218.0,72.57,41.0,8-0,Byu,BYU,1.2,19,48,318.6,434.8,,20251108_1700_byu_texas_tech,3.67,1-0-0,13.2,43,8,43.6,89.71,8.0,193.2,293.1,5,18,77.7,199.7,66.75,70.0,8-1,Texas Tech,Texas Tech,0.9,14,3,270.9,492.8,,2025-11-08T17:00:00Z,,,,7.02,,,,"{'league_metrics_away': {'ATS': None, 'PA': 17.0, 'PF': 36.2, 'PY(D)': 188.9, 'PY(O)': 216.8, 'R(D)_PY': 20, 'R(D)_RY': 36, 'R(D)_TY': 19, 'R(O)_PY': 90, 'R(O)_RY': 20, 'R(O)_TY': 48, 'RY(D)': 129.8, 'RY(O)': 218.0, 'SU': '8-0', 'TO': 1.2, 'TY(D)': 318.6, 'TY(O)': 434.8, 'Team': 'Byu'}, 'league_metrics_home': {'ATS': None, 'PA': 13.2, 'PF': 43.6, 'PY(D)': 193.2, 'PY(O)': 293.1, 'R(D)_PY': 43, 'R(D)_RY': 5, 'R(D)_TY': 14, 'R(O)_PY': 8, 'R(O)_RY': 18, 'R(O)_TY': 3, 'RY(D)': 77.7, 'RY(O)': 199.7, 'SU': '8-1', 'TO': 0.9, 'TY(D)': 270.9, 'TY(O)': 492.8, 'Team': 'Texas Tech'}, 'sagarin_away': {'fetched_at': '2025-11-23 01:49:37.608946+00:00', 'hfa': 3.67, 'page_stamp': 'COLLEGE FOOTBALL 2025 through results of 2025 NOVEMBER 15 SATURDAY - WEEK 12', 'pr': 82.69, 'pr_rank': 21, 'season': 2025, 'sos': 72.57, 'sos_rank': 41, 'source_url': 'http://sagarin.com/sports/cfsend.htm', 'team': 'Byu', 'team_norm': 'Byu', 'team_raw': 'BYU', 'week': 11}, 'sagarin_home': {'fetched_at': '2025-11-23 01:49:37.608946+00:00', 'hfa': 3.67, 'page_stamp': 'COLLEGE FOOTBALL 2025 through results of 2025 NOVEMBER 15 SATURDAY - WEEK 12', 'pr': 89.71, 'pr_rank': 8, 'season': 2025, 'sos': 66.75, 'sos_rank': 70, 'source_url': 'http://sagarin.com/sports/cfsend.htm', 'team': 'Texas Tech', 'team_norm': 'Texas Tech', 'team_raw': 'Texas Tech', 'week': 11}, 'schedule_row': {'away_team': 'BYU', 'conference_game': True, 'home_team': 'Texas Tech', 'id': 401756945, 'kickoff_iso_utc': '2025-11-08T17:00:00Z', 'season': 2025, 'venue': 'Jones AT&T Stadium', 'week': 11}}",2025,,401756945,,,,11,29.0,7.0
0-1-0,30.1,71,84,22.0,66.08,81.0,210.7,199.7,128,87,217.0,131.4,72.76,37.0,3-6,Colorado,Colorado,-0.7,125,92,427.7,331.1,,20251108_1700_colorado_west_virginia,3.67,1-0-0,30.4,124,100,23.2,68.43,69.0,255.0,174.3,82,31,153.7,184.0,73.11,34.0,3-6,West Virginia,West Virginia,0.4,113,77,408.7,358.3,,2025-11-08T17:00:00Z,,,,2.35,,,,"{'league_metrics_away': {'ATS': None, 'PA': 30.1, 'PF': 22.0, 'PY(D)': 210.7, 'PY(O)': 199.7, 'R(D)_PY': 71, 'R(D)_RY': 128, 'R(D)_TY': 125, 'R(O)_PY': 84, 'R(O)_RY': 87, 'R(O)_TY': 92, 'RY(D)': 217.0, 'RY(O)': 131.4, 'SU': '3-6', 'TO': -0.7, 'TY(D)': 427.7, 'TY(O)': 331.1, 'Team': 'Colorado'}, 'league_metrics_home': {'ATS': None, 'PA': 30.4, 'PF': 23.2, 'PY(D)': 255.0, 'PY(O)': 174.3, 'R(D)_PY': 124, 'R(D)_RY': 82, 'R(D)_TY': 113, 'R(O)_PY': 100, 'R(O)_RY': 31, 'R(O)_TY': 77, 'RY(D)': 153.7, 'RY(O)': 184.0, 'SU': '3-6', 'TO': 0.4, 'TY(D)': 408.7, 'TY(O)': 358.3, 'Team': 'West Virginia'}, 'sagarin_away': {'fetched_at': '2025-11-23 01:49:37.608946+00:00', 'hfa': 3.67, 'page_stamp': 'COLLEGE FOOTBALL 2025 through results of 2025 NOVEMBER 15 SATURDAY - WEEK 12', 'pr': 66.08, 'pr_rank': 81, 'season': 2025, 'sos': 72.76, 'sos_rank': 37, 'source_url': 'http://sagarin.com/sports/cfsend.htm', 'team': 'Colorado', 'team_norm': 'Colorado', 'team_raw': 'Colorado', 'week': 11}, 'sagarin_home': {'fetched_at': '2025-11-23 01:49:37.608946+00:00', 'hfa': 3.67, 'page_stamp': 'COLLEGE FOOTBALL 2025 through results of 2025 NOVEMBER 15 SATURDAY - WEEK 12', 'pr': 68.43, 'pr_rank': 69, 'season': 2025, 'sos': 73.11, 'sos_rank': 34, 'source_url': 'http://sagarin.com/sports/cfsend.htm', 'team': 'West Virginia', 'team_norm': 'West Virginia', 'team_raw': 'West Virginia', 'week': 11}, 'schedule_row': {'away_team': 'Colorado', 'conference_game': True, 'home_team': 'West Virginia', 'id': 401756947, 'kickoff_iso_utc': '2025-11-08T17:00:00Z', 'season': 2025, 'venue': 'Milan Puskar Stadium', 'week': 11}}",2025,,401756947,,,,11,29.0,22.0
,19.6,42,72,32.5,92.51,5.0,215.2,236.0,12,46,94.2,184.4,78.19,8.0,7-1,Georgia Bulldogs,Georgia,-0.2,16,58,309.5,420.4,,20251108_1700_georgia_bulldogs_mississippi_state,3.67,0-0-1,24.7,68,31,33.2,73.79,46.0,206.1,250.9,96,56,163.2,157.3,77.29,11.0,5-4,Mississippi State,Mississippi State,0.4,86,34,369.3,408.2,,2025-11-08T17:00:00Z,,,,-18.72,,,,"{'league_metrics_away': {'ATS': None, 'PA': 19.6, 'PF': 32.5, 'PY(D)': 215.2, 'PY(O)': 236.0, 'R(D)_PY': 42, 'R(D)_RY': 12, 'R(D)_TY': 16, 'R(O)_PY': 72, 'R(O)_RY': 46, 'R(O)_TY': 58, 'RY(D)': 94.2, 'RY(O)': 184.4, 'SU': '7-1', 'TO': -0.2, 'TY(D)': 309.5, 'TY(O)': 420.4, 'Team': 'Georgia Bulldogs'}, 'league_metrics_home': {'ATS': None, 'PA': 24.7, 'PF': 33.2, 'PY(D)': 206.1, 'PY(O)': 250.9, 'R(D)_PY': 68, 'R(D)_RY': 96, 'R(D)_TY': 86, 'R(O)_PY': 31, 'R(O)_RY': 56, 'R(O)_TY': 34, 'RY(D)': 163.2, 'RY(O)': 157.3, 'SU': '5-4', 'TO': 0.4, 'TY(D)': 369.3, 'TY(O)': 408.2, 'Team': 'Mississippi State'}, 'sagarin_away': {'fetched_at': '2025-11-23 01:49:37.608946+00:00', 'hfa': 3.67, 'page_stamp': 'COLLEGE FOOTBALL 2025 through results of 2025 NOVEMBER 15 SATURDAY - WEEK 12', 'pr': 92.51, 'pr_rank': 5, 'season': 2025, 'sos': 78.19, 'sos_rank': 8, 'source_url': 'http://sagarin.com/sports/cfsend.htm', 'team': 'Georgia Bulldogs', 'team_norm': 'Georgia Bulldogs', 'team_raw': 'Georgia', 'week': 11}, 'sagarin_home': {'fetched_at': '2025-11-23 01:49:37.608946+00:00', 'hfa': 3.67, 'page_stamp': 'COLLEGE FOOTBALL 2025 through results of 2025 NOVEMBER 15 SATURDAY - WEEK 12', 'pr': 73.79, 'pr_rank': 46, 'season': 2025, 'sos': 77.29, 'sos_rank': 11, 'source_url': 'http://sagarin.com/sports/cfsend.htm', 'team': 'Mississippi State', 'team_norm': 'Mississippi State', 'team_raw': 'Mississippi State', 'week': 11}, 'schedule_row': {'away_team': 'Georgia', 'conference_game': True, 'home_team': 'Mississippi State', 'id': 401752762, 'kickoff_iso_utc': '2025-11-08T17:00:00Z', 'season': 2025, 'venue': 'Davis Wade Stadium', 'week': 11}}",2025,,401752762,,,,11,21.0,41.0
2-0-0,10.8,21,23,46.4,93.49,2.0,168.3,259.2,7,3,80.0,253.3,71.3,50.0,9-0,Indiana,Indiana,1.3,8,1,248.3,512.6,,20251108_1700_indiana_penn_state,3.67,,21.8,12,111,31.5,85.33,15.0,166.4,180.4,73,77,160.8,155.2,73.84,24.0,3-5,Penn State,Penn State,0.2,25,116,327.1,335.6,,2025-11-08T17:00:00Z,,,,-8.16,,,,"{'league_metrics_away': {'ATS': None, 'PA': 10.8, 'PF': 46.4, 'PY(D)': 168.3, 'PY(O)': 259.2, 'R(D)_PY': 21, 'R(D)_RY': 7, 'R(D)_TY': 8, 'R(O)_PY': 23, 'R(O)_RY': 3, 'R(O)_TY': 1, 'RY(D)': 80.0, 'RY(O)': 253.3, 'SU': '9-0', 'TO': 1.3, 'TY(D)': 248.3, 'TY(O)': 512.6, 'Team': 'Indiana'}, 'league_metrics_home': {'ATS': None, 'PA': 21.8, 'PF': 31.5, 'PY(D)': 166.4, 'PY(O)': 180.4, 'R(D)_PY': 12, 'R(D)_RY': 73, 'R(D)_TY': 25, 'R(O)_PY': 111, 'R(O)_RY': 77, 'R(O)_TY': 116, 'RY(D)': 160.8, 'RY(O)': 155.2, 'SU': '3-5', 'TO': 0.2, 'TY(D)': 327.1, 'TY(O)': 335.6, 'Team': 'Penn State'}, 'sagarin_away': {'fetched_at': '2025-11-23 01:49:37.608946+00:00', 'hfa': 3.67, 'page_stamp': 'COLLEGE FOOTBALL 2025 through results of 2025 NOVEMBER 15 SATURDAY - WEEK 12', 'pr': 93.49, 'pr_rank': 2, 'season': 2025, 'sos': 71.3, 'sos_rank': 50, 'source_url': 'http://sagarin.com/sports/cfsend.htm', 'team': 'Indiana', 'team_norm': 'Indiana', 'team_raw': 'Indiana', 'week': 11}, 'sagarin_home': {'fetched_at': '2025-11-23 01:49:37.608946+00:00', 'hfa': 3.67, 'page_stamp': 'COLLEGE FOOTBALL 2025 through results of 2025 NOVEMBER 15 SATURDAY - WEEK 12', 'pr': 85.33, 'pr_rank': 15, 'season': 2025, 'sos': 73.84, 'sos_rank': 24, 'source_url': 'http://sagarin.com/sports/cfsend.htm', 'team': 'Penn State', 'team_norm': 'Penn State', 'team_raw': 'Penn State', 'week': 11}, 'schedule_row': {'away_team': 'Indiana', 'conference_game': True, 'home_team': 'Penn State', 'id': 401752893, 'kickoff_iso_utc': '2025-11-08T17:00:00Z', 'season': 2025, 'venue': 'Beaver Stadium', 'week': 11}}",2025,,401752893,,,,11,24.0,27.0
,16.1,15,98,34.8,78.98,32.0,171.1,198.0,2,9,80.9,248.0,60.88,108.0,7-1,James Madison,James Madison,0.1,7,40,252.0,446.0,,20251108_1700_james_madison_marshall,3.67,,32.5,110,103,34.1,63.41,90.0,266.2,187.5,53,30,146.9,207.5,62.34,91.0,4-4,Marshall,Marshall,0.6,80,80,413.1,395.0,,2025-11-08T17:00:00Z,,,,-15.57,,,,"{'league_metrics_away': {'ATS': None, 'PA': 16.1, 'PF': 34.8, 'PY(D)': 171.1, 'PY(O)': 198.0, 'R(D)_PY': 15, 'R(D)_RY': 2, 'R(D)_TY': 7, 'R(O)_PY': 98, 'R(O)_RY': 9, 'R(O)_TY': 40, 'RY(D)': 80.9, 'RY(O)': 248.0, 'SU': '7-1', 'TO': 0.1, 'TY(D)': 252.0, 'TY(O)': 446.0, 'Team': 'James Madison'}, 'league_metrics_home': {'ATS': None, 'PA': 32.5, 'PF': 34.1, 'PY(D)': 266.2, 'PY(O)': 187.5, 'R(D)_PY': 110, 'R(D)_RY': 53, 'R(D)_TY': 80, 'R(O)_PY': 103, 'R(O)_RY': 30, 'R(O)_TY': 80, 'RY(D)': 146.9, 'RY(O)': 207.5, 'SU': '4-4', 'TO': 0.6, 'TY(D)': 413.1, 'TY(O)': 395.0, 'Team': 'Marshall'}, 'sagarin_away': {'fetched_at': '2025-11-23 01:49:37.608946+00:00', 'hfa': 3.67, 'page_stamp': 'COLLEGE FOOTBALL 2025 through results of 2025 NOVEMBER 15 SATURDAY - WEEK 12', 'pr': 78.98, 'pr_rank': 32, 'season': 2025, 'sos': 60.88, 'sos_rank': 108, 'source_url': 'http://sagarin.com/sports/cfsend.htm', 'team': 'James Madison', 'team_norm': 'James Madison', 'team_raw': 'James Madison', 'week': 11}, 'sagarin_home': {'fetched_at': '2025-11-23 01:49:37.608946+00:00', 'hfa': 3.67, 'page_stamp': 'COLLEGE FOOTBALL 2025 through results of 2025 NOVEMBER 15 SATURDAY - WEEK 12', 'pr': 63.41, 'pr_rank': 90, 'season': 2025, 'sos': 62.34, 'sos_rank': 91, 'source_url': 'http://sagarin.com/sports/cfsend.htm', 'team': 'Marshall', 'team_norm': 'Marshall', 'team_raw': 'Marshall', 'week': 11}, 'schedule_row': {'away_team': 'James Madison', 'conference_game': True, 'home_team': 'Marshall', 'id': 401761646, 'kickoff_iso_utc': '2025-11-08T17:00:00Z', 'season': 2025, 'venue': 'Joan C. Edwards Stadium', 'week': 11}}",2025,,401761646,,,,11,23.0,35.0
0-1-0,21.2,131,15,30.8,82.4,23.0,300.2,277.0,25,108,102.8,111.1,69.5,57.0,6-3,Smu,SMU,0.9,111,46,403.0,388.1,,20251108_1700_smu_boston_college,3.67,1-0-0,33.3,122,18,24.9,64.24,86.0,253.3,268.9,98,125,164.0,92.2,73.71,25.0,1-8,Boston College,Boston College,-0.8,117,74,417.3,361.1,,2025-11-08T17:00:00Z,,,,-18.16,,,,"{'league_metrics_away': {'ATS': None, 'PA': 21.2, 'PF': 30.8, 'PY(D)': 300.2, 'PY(O)': 277.0, 'R(D)_PY': 131, 'R(D)_RY': 25, 'R(D)_TY': 111, 'R(O)_PY': 15, 'R(O)_RY': 108, 'R(O)_TY': 46, 'RY(D)': 102.8, 'RY(O)': 111.1, 'SU': '6-3', 'TO': 0.9, 'TY(D)': 403.0, 'TY(O)': 388.1, 'Team': 'Smu'}, 'league_metrics_home': {'ATS': None, 'PA': 33.3, 'PF': 24.9, 'PY(D)': 253.3, 'PY(O)': 268.9, 'R(D)_PY': 122, 'R(D)_RY': 98, 'R(D)_TY': 117, 'R(O)_PY': 18, 'R(O)_RY': 125, 'R(O)_TY': 74, 'RY(D)': 164.0, 'RY(O)': 92.2, 'SU': '1-8', 'TO': -0.8, 'TY(D)': 417.3, 'TY(O)': 361.1, 'Team': 'Boston College'}, 'sagarin_away': {'fetched_at': '2025-11-23 01:49:37.608946+00:00', 'hfa': 3.67, 'page_stamp': 'COLLEGE FOOTBALL 2025 through results of 2025 NOVEMBER 15 SATURDAY - WEEK 12', 'pr': 82.4, 'pr_rank': 23, 'season': 2025, 'sos': 69.5, 'sos_rank': 57, 'source_url': 'http://sagarin.com/sports/cfsend.htm', 'team': 'Smu', 'team_norm': 'Smu', 'team_raw': 'SMU', 'week': 11}, 'sagarin_home': {'fetched_at': '2025-11-23 01:49:37.608946+00:00', 'hfa': 3.67, 'page_stamp': 'COLLEGE FOOTBALL 2025 through results of 2025 NOVEMBER 15 SATURDAY - WEEK 12', 'pr': 64.24, 'pr_rank': 86, 'season': 2025, 'sos': 73.71, 'sos_rank': 25, 'source_url': 'http://sagarin.com/sports/cfsend.htm', 'team': 'Boston College', 'team_norm': 'Boston College', 'team_raw': 'Boston College', 'week': 11}, 'schedule_row': {'away_team': 'SMU', 'conference_game': True, 'home_team': 'Boston College', 'id': 401754584, 'kickoff_iso_utc': '2025-11-08T17:00:00Z', 'season': 2025, 'venue': 'Alumni Stadium (Chestnut Hill, MA)', 'week': 11}}",2025,,401754584,,,,11,13.0,45.0
,24.6,40,66,33.0,63.08,92.0,212.6,246.0,78,83,168.1,151.8,60.0,118.0,6-2,Southern Miss,Southern Miss,1.5,59,78,380.8,397.8,,20251108_1700_southern_miss_arkansas_state,3.67,,26.4,97,41,23.6,61.39,97.0,228.1,237.0,115,86,181.1,132.6,61.84,96.0,5-4,Arkansas State,Arkansas State,-0.2,114,64,409.2,369.6,,2025-11-08T17:00:00Z,,,,-1.69,,,,"{'league_metrics_away': {'ATS': None, 'PA': 24.6, 'PF': 33.0, 'PY(D)': 212.6, 'PY(O)': 246.0, 'R(D)_PY': 40, 'R(D)_RY': 78, 'R(D)_TY': 59, 'R(O)_PY': 66, 'R(O)_RY': 83, 'R(O)_TY': 78, 'RY(D)': 168.1, 'RY(O)': 151.8, 'SU': '6-2', 'TO': 1.5, 'TY(D)': 380.8, 'TY(O)': 397.8, 'Team': 'Southern Miss'}, 'league_metrics_home': {'ATS': None, 'PA': 26.4, 'PF': 23.6, 'PY(D)': 228.1, 'PY(O)': 237.0, 'R(D)_PY': 97, 'R(D)_RY': 115, 'R(D)_TY': 114, 'R(O)_PY': 41, 'R(O)_RY': 86, 'R(O)_TY': 64, 'RY(D)': 181.1, 'RY(O)': 132.6, 'SU': '5-4', 'TO': -0.2, 'TY(D)': 409.2, 'TY(O)': 369.6, 'Team': 'Arkansas State'}, 'sagarin_away': {'fetched_at': '2025-11-23 01:49:37.608946+00:00', 'hfa': 3.67, 'page_stamp': 'COLLEGE FOOTBALL 2025 through results of 2025 NOVEMBER 15 SATURDAY - WEEK 12', 'pr': 63.08, 'pr_rank': 92, 'season': 2025, 'sos': 60.0, 'sos_rank': 118, 'source_url': 'http://sagarin.com/sports/cfsend.htm', 'team': 'Southern Miss', 'team_norm': 'Southern Miss', 'team_raw': 'Southern Miss', 'week': 11}, 'sagarin_home': {'fetched_at': '2025-11-23 01:49:37.608946+00:00', 'hfa': 3.67, 'page_stamp': 'COLLEGE FOOTBALL 2025 through results of 2025 NOVEMBER 15 SATURDAY - WEEK 12', 'pr': 61.39, 'pr_rank': 97, 'season': 2025, 'sos': 61.84, 'sos_rank': 96, 'source_url': 'http://sagarin.com/sports/cfsend.htm', 'team': 'Arkansas State', 'team_norm': 'Arkansas State', 'team_raw': 'Arkansas State', 'week': 11}, 'schedule_row': {'away_team': 'Southern Miss', 'conference_game': True, 'home_team': 'Arkansas State', 'id': 401761647, 'kickoff_iso_utc': '2025-11-08T17:00:00Z', 'season': 2025, 'venue': 'Centennial Bank Stadium', 'week': 11}}",2025,,401761647,,,,11,21.0,27.0
,28.1,48,73,31.4,59.74,104.0,196.8,209.4,123,48,192.2,163.3,61.6,102.0,5-4,Temple,Temple,1.2,101,59,389.0,372.8,HOME,20251108_1700_temple_army,3.67,,23.1,26,127,23.4,65.02,85.0,201.9,87.6,51,5,145.1,265.4,65.47,72.0,4-4,Army,Army,0.4,35,107,347.0,353.0,False,2025-11-08T17:00:00Z,195.0,-245.0,williamhill_us,5.28,,,,"{'league_metrics_away': {'ATS': None, 'PA': 28.1, 'PF': 31.4, 'PY(D)': 196.8, 'PY(O)': 209.4, 'R(D)_PY': 48, 'R(D)_RY': 123, 'R(D)_TY': 101, 'R(O)_PY': 73, 'R(O)_RY': 48, 'R(O)_TY': 59, 'RY(D)': 192.2, 'RY(O)': 163.3, 'SU': '5-4', 'TO': 1.2, 'TY(D)': 389.0, 'TY(O)': 372.8, 'Team': 'Temple'}, 'league_metrics_home': {'ATS': None, 'PA': 23.1, 'PF': 23.4, 'PY(D)': 201.9, 'PY(O)': 87.6, 'R(D)_PY': 26, 'R(D)_RY': 51, 'R(D)_TY': 35, 'R(O)_PY': 127, 'R(O)_RY': 5, 'R(O)_TY': 107, 'RY(D)': 145.1, 'RY(O)': 265.4, 'SU': '4-4', 'TO': 0.4, 'TY(D)': 347.0, 'TY(O)': 353.0, 'Team': 'Army'}, 'odds_row': {'source': 'staging', 'season': 2025, 'week': 11, 'markets': {'spreads': {'book': 'williamhill_us', 'fetch_ts': '2025-11-05T02:27:17Z', 'line': {'spread_home_relative': -6.5, 'favored_side': 'HOME', 'spread_favored_team': -6.5, 'home_price': -114, 'away_price': -107, 'raw_outcomes': [{'name': 'Army Black Knights', 'token': 'army', 'price': -114, 'point': -6.5}, {'name': 'Temple Owls', 'token': 'temple', 'price': -107, 'point': 6.5}]}}, 'totals': {'book': 'williamhill_us', 'fetch_ts': '2025-11-05T02:27:17Z', 'line': {'total_points': 46.5, 'over_price': -112, 'under_price': -109, 'raw_outcomes': [{'name': 'Over', 'token': 'over', 'price': -112, 'point': 46.5}, {'name': 'Under', 'token': 'under', 'price': -109, 'point': 46.5}]}}, 'h2h': {'book': 'williamhill_us', 'fetch_ts': '2025-11-05T02:27:17Z', 'line': {'moneyline_home': -245, 'moneyline_away': 195, 'raw_outcomes': [{'name': 'Army Black Knights', 'token': 'army', 'price': -245, 'point': None}, {'name': 'Temple Owls', 'token': 'temple', 'price': 195, 'point': None}]}}}}, 'sagarin_away': {'fetched_at': '2025-11-23 01:49:37.608946+00:00', 'hfa': 3.67, 'page_stamp': 'COLLEGE FOOTBALL 2025 through results of 2025 NOVEMBER 15 SATURDAY - WEEK 12', 'pr': 59.74, 'pr_rank': 104, 'season': 2025, 'sos': 61.6, 'sos_rank': 102, 'source_url': 'http://sagarin.com/sports/cfsend.htm', 'team': 'Temple', 'team_norm': 'Temple', 'team_raw': 'Temple', 'week': 11}, 'sagarin_home': {'fetched_at': '2025-11-23 01:49:37.608946+00:00', 'hfa': 3.67, 'page_stamp': 'COLLEGE FOOTBALL 2025 through results of 2025 NOVEMBER 15 SATURDAY - WEEK 12', 'pr': 65.02, 'pr_rank': 85, 'season': 2025, 'sos': 65.47, 'sos_rank': 72, 'source_url': 'http://sagarin.com/sports/cfsend.htm', 'team': 'Army West Point', 'team_norm': 'Army West Point', 'team_raw': 'Army West Point', 'week': 11}, 'schedule_row': {'away_team': 'Temple', 'conference_game': True, 'home_team': 'Army', 'id': 401762503, 'kickoff_iso_utc': '2025-11-08T17:00:00Z', 'season': 2025, 'venue': 'Michie Stadium', 'week': 11}}",2025,2025-11-05T02:27:17Z,401762503,-6.5,-6.5,46.5,11,14.0,13.0
0-1-0,25.7,54,112,18.2,54.15,120.0,201.2,157.8,74,66,144.8,147.1,61.63,101.0,3-6,Bowling Green,Bowling Green,0.1,66,115,346.0,304.9,,20251108_1800_bowling_green_eastern_michigan,3.67,1-0-0,32.9,74,52,24.1,56.17,113.0,212.1,227.9,129,73,244.3,139.2,59.69,121.0,2-7,Eastern Michigan,Eastern Michigan,0.0,130,68,456.4,367.1,,2025-11-08T18:00:00Z,,,,2.02,,,,"{'league_metrics_away': {'ATS': None, 'PA': 25.7, 'PF': 18.2, 'PY(D)': 201.2, 'PY(O)': 157.8, 'R(D)_PY': 54, 'R(D)_RY': 74, 'R(D)_TY': 66, 'R(O)_PY': 112, 'R(O)_RY': 66, 'R(O)_TY': 115, 'RY(D)': 144.8, 'RY(O)': 147.1, 'SU': '3-6', 'TO': 0.1, 'TY(D)': 346.0, 'TY(O)': 304.9, 'Team': 'Bowling Green'}, 'league_metrics_home': {'ATS': None, 'PA': 32.9, 'PF': 24.1, 'PY(D)': 212.1, 'PY(O)': 227.9, 'R(D)_PY': 74, 'R(D)_RY': 129, 'R(D)_TY': 130, 'R(O)_PY': 52, 'R(O)_RY': 73, 'R(O)_TY': 68, 'RY(D)': 244.3, 'RY(O)': 139.2, 'SU': '2-7', 'TO': 0.0, 'TY(D)': 456.4, 'TY(O)': 367.1, 'Team': 'Eastern Michigan'}, 'sagarin_away': {'fetched_at': '2025-11-23 01:49:37.608946+00:00', 'hfa': 3.67, 'page_stamp': 'COLLEGE FOOTBALL 2025 through results of 2025 NOVEMBER 15 SATURDAY - WEEK 12', 'pr': 54.15, 'pr_rank': 120, 'season': 2025, 'sos': 61.63, 'sos_rank': 101, 'source_url': 'http://sagarin.com/sports/cfsend.htm', 'team': 'Bowling Green', 'team_norm': 'Bowling Green', 'team_raw': 'Bowling Green', 'week': 11}, 'sagarin_home': {'fetched_at': '2025-11-23 01:49:37.608946+00:00', 'hfa': 3.67, 'page_stamp': 'COLLEGE FOOTBALL 2025 through results of 2025 NOVEMBER 15 SATURDAY - WEEK 12', 'pr': 56.17, 'pr_rank': 113, 'season': 2025, 'sos': 59.69, 'sos_rank': 121, 'source_url': 'http://sagarin.com/sports/cfsend.htm', 'team': 'Eastern Michigan', 'team_norm': 'Eastern Michigan', 'team_raw': 'Eastern Michigan', 'week': 11}, 'schedule_row': {'away_team': 'Bowling Green', 'conference_game': True, 'home_team': 'Eastern Michigan', 'id': 401762855, 'kickoff_iso_utc': '2025-11-08T18:00:00Z', 'season': 2025, 'venue': 'Rynearson Stadium', 'week': 11}}",2025,,401762855,,,,11,27.0,21.0
1-0-0,27.0,72,53,22.8,,,237.5,254.1,46,114,139.6,120.8,,,5-3,Missouri State,Missouri State,0.1,52,89,377.1,374.9,,20251108_1800_missouri_state_liberty,,,22.6,20,99,24.1,,,188.9,197.4,89,61,176.9,172.5,,,4-4,Liberty,Liberty,0.0,45,95,365.8,369.9,,2025-11-08T18:00:00Z,,,,,,,,"{'league_metrics_away': {'ATS': None, 'PA': 27.0, 'PF': 22.8, 'PY(D)': 237.5, 'PY(O)': 254.1, 'R(D)_PY': 72, 'R(D)_RY': 46, 'R(D)_TY': 52, 'R(O)_PY': 53, 'R(O)_RY': 114, 'R(O)_TY': 89, 'RY(D)': 139.6, 'RY(O)': 120.8, 'SU': '5-3', 'TO': 0.1, 'TY(D)': 377.1, 'TY(O)': 374.9, 'Team': 'Missouri State'}, 'league_metrics_home': {'ATS': None, 'PA': 22.6, 'PF': 24.1, 'PY(D)': 188.9, 'PY(O)': 197.4, 'R(D)_PY': 20, 'R(D)_RY': 89, 'R(D)_TY': 45, 'R(O)_PY': 99, 'R(O)_RY': 61, 'R(O)_TY': 95, 'RY(D)': 176.9, 'RY(O)': 172.5, 'SU': '4-4', 'TO': 0.0, 'TY(D)': 365.8, 'TY(O)': 369.9, 'Team': 'Liberty'}, 'sagarin_home': {'fetched_at': '2025-11-23 01:49:37.608946+00:00', 'hfa': 3.67, 'page_stamp': 'COLLEGE FOOTBALL 2025 through results of 2025 NOVEMBER 15 SATURDAY - WEEK 12', 'pr': 58.84, 'pr_rank': 108, 'season': 2025, 'sos': 58.09, 'sos_rank': 131, 'source_url': 'http://sagarin.com/sports/cfsend.htm', 'team': 'Liberty', 'team_norm': 'Liberty', 'team_raw': 'Liberty', 'week': 11}, 'schedule_row': {'away_team': 'Missouri State', 'conference_game': True, 'home_team': 'Liberty', 'id': 401757299, 'kickoff_iso_utc': '2025-11-08T18:00:00Z', 'season': 2025, 'venue': 'Williams Stadium (VA)', 'week': 11}}",2025,,401757299,,,,11,17.0,21.0
,6.9,2,28,36.6,96.92,1.0,133.0,284.2,3,80,81.8,154.0,72.62,40.0,8-0,Ohio State Buckeyes,Ohio State,0.5,1,44,214.8,438.2,,20251108_1800_ohio_state_buckeyes_purdue,3.67,0-1-0,27.0,107,45,22.1,64.08,87.0,234.4,234.1,95,71,161.1,142.3,77.43,10.0,2-7,Purdue,Purdue,-1.1,107,55,395.6,376.4,,2025-11-08T18:00:00Z,,,,-32.84,,,,"{'league_metrics_away': {'ATS': None, 'PA': 6.9, 'PF': 36.6, 'PY(D)': 133.0, 'PY(O)': 284.2, 'R(D)_PY': 2, 'R(D)_RY': 3, 'R(D)_TY': 1, 'R(O)_PY': 28, 'R(O)_RY': 80, 'R(O)_TY': 44, 'RY(D)': 81.8, 'RY(O)': 154.0, 'SU': '8-0', 'TO': 0.5, 'TY(D)': 214.8, 'TY(O)': 438.2, 'Team': 'Ohio State Buckeyes'}, 'league_metrics_home': {'ATS': None, 'PA': 27.0, 'PF': 22.1, 'PY(D)': 234.4, 'PY(O)': 234.1, 'R(D)_PY': 107, 'R(D)_RY': 95, 'R(D)_TY': 107, 'R(O)_PY': 45, 'R(O)_RY': 71, 'R(O)_TY': 55, 'RY(D)': 161.1, 'RY(O)': 142.3, 'SU': '2-7', 'TO': -1.1, 'TY(D)': 395.6, 'TY(O)': 376.4, 'Team': 'Purdue'}, 'sagarin_away': {'fetched_at': '2025-11-23 01:49:37.608946+00:00', 'hfa': 3.67, 'page_stamp': 'COLLEGE FOOTBALL 2025 through results of 2025 NOVEMBER 15 SATURDAY - WEEK 12', 'pr': 96.92, 'pr_rank': 1, 'season': 2025, 'sos': 72.62, 'sos_rank': 40, 'source_url': 'http://sagarin.com/sports/cfsend.htm', 'team': 'Ohio State Buckeyes', 'team_norm': 'Ohio State Buckeyes', 'team_raw': 'Ohio State', 'week': 11}, 'sagarin_home': {'fetched_at': '2025-11-23 01:49:37.608946+00:00', 'hfa': 3.67, 'page_stamp': 'COLLEGE FOOTBALL 2025 through results of 2025 NOVEMBER 15 SATURDAY - WEEK 12', 'pr': 64.08, 'pr_rank': 87, 'season': 2025, 'sos': 77.43, 'sos_rank': 10, 'source_url': 'http://sagarin.com/sports/cfsend.htm', 'team': 'Purdue', 'team_norm': 'Purdue', 'team_raw': 'Purdue', 'week': 11}, 'schedule_row': {'away_team': 'Ohio State', 'conference_game': True, 'home_team': 'Purdue', 'id': 401752897, 'kickoff_iso_utc': '2025-11-08T18:00:00Z', 'season': 2025, 'venue': 'Ross-Ade Stadium', 'week': 11}}",2025,,401752897,,,,11,10.0,34.0
,38.8,79,30,28.4,52.79,123.0,242.5,283.6,102,106,189.6,126.6,64.84,76.0,3-5,Uab,UAB,-1.0,99,70,432.1,410.2,HOME,20251108_1900_uab_rice,3.67,1-0-0,29.1,84,125,20.8,54.26,119.0,218.1,103.2,78,11,149.4,213.3,61.35,107.0,4-5,Rice,Rice,0.0,82,106,367.6,316.6,False,2025-11-08T19:00:00Z,115.0,-141.0,williamhill_us,1.47,,,,"{'league_metrics_away': {'ATS': None, 'PA': 38.8, 'PF': 28.4, 'PY(D)': 242.5, 'PY(O)': 283.6, 'R(D)_PY': 79, 'R(D)_RY': 102, 'R(D)_TY': 99, 'R(O)_PY': 30, 'R(O)_RY': 106, 'R(O)_TY': 70, 'RY(D)': 189.6, 'RY(O)': 126.6, 'SU': '3-5', 'TO': -1.0, 'TY(D)': 432.1, 'TY(O)': 410.2, 'Team': 'Uab'}, 'league_metrics_home': {'ATS': None, 'PA': 29.1, 'PF': 20.8, 'PY(D)': 218.1, 'PY(O)': 103.2, 'R(D)_PY': 84, 'R(D)_RY': 78, 'R(D)_TY': 82, 'R(O)_PY': 125, 'R(O)_RY': 11, 'R(O)_TY': 106, 'RY(D)': 149.4, 'RY(O)': 213.3, 'SU': '4-5', 'TO': 0.0, 'TY(D)': 367.6, 'TY(O)': 316.6, 'Team': 'Rice'}, 'odds_row': {'source': 'staging', 'season': 2025, 'week': 11, 'markets': {'spreads': {'book': 'williamhill_us', 'fetch_ts': '2025-11-05T02:27:17Z', 'line': {'spread_home_relative': -2.5, 'favored_side': 'HOME', 'spread_favored_team': -2.5, 'home_price': -115, 'away_price': -106, 'raw_outcomes': [{'name': 'Rice Owls', 'token': 'rice', 'price': -115, 'point': -2.5}, {'name': 'UAB Blazers', 'token': 'uab', 'price': -106, 'point': 2.5}]}}, 'totals': {'book': 'williamhill_us', 'fetch_ts': '2025-11-05T02:27:17Z', 'line': {'total_points': 54.0, 'over_price': -110, 'under_price': -110, 'raw_outcomes': [{'name': 'Over', 'token': 'over', 'price': -110, 'point': 54.0}, {'name': 'Under', 'token': 'under', 'price': -110, 'point': 54.0}]}}, 'h2h': {'book': 'williamhill_us', 'fetch_ts': '2025-11-05T02:27:17Z', 'line': {'moneyline_home': -141, 'moneyline_away': 115, 'raw_outcomes': [{'name': 'Rice Owls', 'token': 'rice', 'price': -141, 'point': None}, {'name': 'UAB Blazers', 'token': 'uab', 'price': 115, 'point': None}]}}}}, 'sagarin_away': {'fetched_at': '2025-11-23 01:49:37.608946+00:00', 'hfa': 3.67, 'page_stamp': 'COLLEGE FOOTBALL 2025 through results of 2025 NOVEMBER 15 SATURDAY - WEEK 12', 'pr': 52.79, 'pr_rank': 123, 'season': 2025, 'sos': 64.84, 'sos_rank': 76, 'source_url': 'http://sagarin.com/sports/cfsend.htm', 'team': 'Uab', 'team_norm': 'Uab', 'team_raw': 'UAB', 'week': 11}, 'sagarin_home': {'fetched_at': '2025-11-23 01:49:37.608946+00:00', 'hfa': 3.67, 'page_stamp': 'COLLEGE FOOTBALL 2025 through results of 2025 NOVEMBER 15 SATURDAY - WEEK 12', 'pr': 54.26, 'pr_rank': 119, 'season': 2025, 'sos': 61.35, 'sos_rank': 107, 'source_url': 'http://sagarin.com/sports/cfsend.htm', 'team': 'Rice', 'team_norm': 'Rice', 'team_raw': 'Rice', 'week': 11}, 'schedule_row': {'away_team': 'UAB', 'conference_game': True, 'home_team': 'Rice', 'id': 401762502, 'kickoff_iso_utc': '2025-11-08T19:00:00Z', 'season': 2025, 'venue': 'Rice Stadium', 'week': 11}}",2025,2025-11-05T02:27:17Z,401762502,-2.5,-2.5,54.0,11,24.0,17.0
0-1-0,22.0,53,60,26.0,67.9,72.0,226.2,249.6,64,127,155.1,95.0,71.34,49.0,4-4,Maryland,Maryland,0.9,61,113,381.4,344.6,AWAY,20251108_1930_maryland_rutgers,3.67,1-0-0,31.1,115,13,29.3,70.61,62.0,243.6,282.8,121,88,186.0,131.2,71.78,47.0,4-5,Rutgers,Rutgers,0.2,126,27,429.6,414.0,False,2025-11-08T19:30:00Z,-111.0,-110.0,mybookieag,2.71,,,,"{'league_metrics_away': {'ATS': None, 'PA': 22.0, 'PF': 26.0, 'PY(D)': 226.2, 'PY(O)': 249.6, 'R(D)_PY': 53, 'R(D)_RY': 64, 'R(D)_TY': 61, 'R(O)_PY': 60, 'R(O)_RY': 127, 'R(O)_TY': 113, 'RY(D)': 155.1, 'RY(O)': 95.0, 'SU': '4-4', 'TO': 0.9, 'TY(D)': 381.4, 'TY(O)': 344.6, 'Team': 'Maryland'}, 'league_metrics_home': {'ATS': None, 'PA': 31.1, 'PF': 29.3, 'PY(D)': 243.6, 'PY(O)': 282.8, 'R(D)_PY': 115, 'R(D)_RY': 121, 'R(D)_TY': 126, 'R(O)_PY': 13, 'R(O)_RY': 88, 'R(O)_TY': 27, 'RY(D)': 186.0, 'RY(O)': 131.2, 'SU': '4-5', 'TO': 0.2, 'TY(D)': 429.6, 'TY(O)': 414.0, 'Team': 'Rutgers'}, 'odds_row': {'source': 'staging', 'season': 2025, 'week': 11, 'markets': {'spreads': {'book': 'mybookieag', 'fetch_ts': '2025-11-05T02:27:17Z', 'line': {'spread_home_relative': 1.0, 'favored_side': 'AWAY', 'spread_favored_team': -1.0, 'home_price': -110, 'away_price': -110, 'raw_outcomes': [{'name': 'Maryland Terrapins', 'token': 'maryland', 'price': -110, 'point': -1.0}, {'name': 'Rutgers Scarlet Knights', 'token': 'rutgers', 'price': -110, 'point': 1.0}]}}, 'totals': {'book': 'mybookieag', 'fetch_ts': '2025-11-05T02:27:17Z', 'line': {'total_points': 59.0, 'over_price': -110, 'under_price': -110, 'raw_outcomes': [{'name': 'Over', 'token': 'over', 'price': -110, 'point': 59.0}, {'name': 'Under', 'token': 'under', 'price': -110, 'point': 59.0}]}}, 'h2h': {'book': 'mybookieag', 'fetch_ts': '2025-11-05T02:27:17Z', 'line': {'moneyline_home': -110, 'moneyline_away': -111, 'raw_outcomes': [{'name': 'Maryland Terrapins', 'token': 'maryland', 'price': -111, 'point': None}, {'name': 'Rutgers Scarlet Knights', 'token': 'rutgers', 'price': -110, 'point': None}]}}}}, 'sagarin_away': {'fetched_at': '2025-11-23 01:49:37.608946+00:00', 'hfa': 3.67, 'page_stamp': 'COLLEGE FOOTBALL 2025 through results of 2025 NOVEMBER 15 SATURDAY - WEEK 12', 'pr': 67.9, 'pr_rank': 72, 'season': 2025, 'sos': 71.34, 'sos_rank': 49, 'source_url': 'http://sagarin.com/sports/cfsend.htm', 'team': 'Maryland', 'team_norm': 'Maryland', 'team_raw': 'Maryland', 'week': 11}, 'sagarin_home': {'fetched_at': '2025-11-23 01:49:37.608946+00:00', 'hfa': 3.67, 'page_stamp': 'COLLEGE FOOTBALL 2025 through results of 2025 NOVEMBER 15 SATURDAY - WEEK 12', 'pr': 70.61, 'pr_rank': 62, 'season': 2025, 'sos': 71.78, 'sos_rank': 47, 'source_url': 'http://sagarin.com/sports/cfsend.htm', 'team': 'Rutgers', 'team_norm': 'Rutgers', 'team_raw': 'Rutgers', 'week': 11}, 'schedule_row': {'away_team': 'Maryland', 'conference_game': True, 'home_team': 'Rutgers', 'id': 401752894, 'kickoff_iso_utc': '2025-11-08T19:30:00Z', 'season': 2025, 'venue': 'SHI Stadium', 'week': 11}}",2025,2025-11-05T02:27:17Z,401752894,-1.0,1.0,59.0,11,35.0,20.0
0-1-0,37.2,112,88,17.5,44.98,133.0,270.1,218.1,119,124,207.9,106.9,63.31,83.0,1-7,Charlotte,Charlotte,-1.0,121,122,478.0,325.0,,20251108_2000_charlotte_east_carolina,3.67,,16.8,37,25,32.1,71.71,57.0,212.0,288.9,23,41,114.2,186.4,62.77,85.0,5-3,East Carolina,East Carolina,0.5,23,23,326.2,475.2,,2025-11-08T20:00:00Z,,,,26.73,,,,"{'league_metrics_away': {'ATS': None, 'PA': 37.2, 'PF': 17.5, 'PY(D)': 270.1, 'PY(O)': 218.1, 'R(D)_PY': 112, 'R(D)_RY': 119, 'R(D)_TY': 121, 'R(O)_PY': 88, 'R(O)_RY': 124, 'R(O)_TY': 122, 'RY(D)': 207.9, 'RY(O)': 106.9, 'SU': '1-7', 'TO': -1.0, 'TY(D)': 478.0, 'TY(O)': 325.0, 'Team': 'Charlotte'}, 'league_metrics_home': {'ATS': None, 'PA': 16.8, 'PF': 32.1, 'PY(D)': 212.0, 'PY(O)': 288.9, 'R(D)_PY': 37, 'R(D)_RY': 23, 'R(D)_TY': 23, 'R(O)_PY': 25, 'R(O)_RY': 41, 'R(O)_TY': 23, 'RY(D)': 114.2, 'RY(O)': 186.4, 'SU': '5-3', 'TO': 0.5, 'TY(D)': 326.2, 'TY(O)': 475.2, 'Team': 'East Carolina'}, 'sagarin_away': {'fetched_at': '2025-11-23 01:49:37.608946+00:00', 'hfa': 3.67, 'page_stamp': 'COLLEGE FOOTBALL 2025 through results of 2025 NOVEMBER 15 SATURDAY - WEEK 12', 'pr': 44.98, 'pr_rank': 133, 'season': 2025, 'sos': 63.31, 'sos_rank': 83, 'source_url': 'http://sagarin.com/sports/cfsend.htm', 'team': 'Charlotte', 'team_norm': 'Charlotte', 'team_raw': 'Charlotte', 'week': 11}, 'sagarin_home': {'fetched_at': '2025-11-23 01:49:37.608946+00:00', 'hfa': 3.67, 'page_stamp': 'COLLEGE FOOTBALL 2025 through results of 2025 NOVEMBER 15 SATURDAY - WEEK 12', 'pr': 71.71, 'pr_rank': 57, 'season': 2025, 'sos': 62.77, 'sos_rank': 85, 'source_url': 'http://sagarin.com/sports/cfsend.htm', 'team': 'East Carolina', 'team_norm': 'East Carolina', 'team_raw': 'East Carolina', 'week': 11}, 'schedule_row': {'away_team': 'Charlotte', 'conference_game': True, 'home_team': 'East Carolina', 'id': 401762504, 'kickoff_iso_utc': '2025-11-08T20:00:00Z', 'season': 2025, 'venue': 'Dowdy-Ficklen Stadium', 'week': 11}}",2025,,401762504,,,,11,48.0,22.0
,29.9,96,92,22.2,57.03,110.0,256.4,209.2,71,49,159.4,183.0,58.36,128.0,3-5,Florida International,Florida International,-0.4,88,81,415.8,392.2,,20251108_2000_florida_international_middle_tennessee,3.67,1-0-0,29.0,67,68,18.9,47.21,131.0,231.8,241.4,55,131,147.4,87.1,59.07,124.0,1-7,Middle Tennessee,Middle Tennessee,-0.1,56,120,379.1,328.5,,2025-11-08T20:00:00Z,,,,-9.82,,,,"{'league_metrics_away': {'ATS': None, 'PA': 29.9, 'PF': 22.2, 'PY(D)': 256.4, 'PY(O)': 209.2, 'R(D)_PY': 96, 'R(D)_RY': 71, 'R(D)_TY': 88, 'R(O)_PY': 92, 'R(O)_RY': 49, 'R(O)_TY': 81, 'RY(D)': 159.4, 'RY(O)': 183.0, 'SU': '3-5', 'TO': -0.4, 'TY(D)': 415.8, 'TY(O)': 392.2, 'Team': 'Florida International'}, 'league_metrics_home': {'ATS': None, 'PA': 29.0, 'PF': 18.9, 'PY(D)': 231.8, 'PY(O)': 241.4, 'R(D)_PY': 67, 'R(D)_RY': 55, 'R(D)_TY': 56, 'R(O)_PY': 68, 'R(O)_RY': 131, 'R(O)_TY': 120, 'RY(D)': 147.4, 'RY(O)': 87.1, 'SU': '1-7', 'TO': -0.1, 'TY(D)': 379.1, 'TY(O)': 328.5, 'Team': 'Middle Tennessee'}, 'sagarin_away': {'fetched_at': '2025-11-23 01:49:37.608946+00:00', 'hfa': 3.67, 'page_stamp': 'COLLEGE FOOTBALL 2025 through results of 2025 NOVEMBER 15 SATURDAY - WEEK 12', 'pr': 57.03, 'pr_rank': 110, 'season': 2025, 'sos': 58.36, 'sos_rank': 128, 'source_url': 'http://sagarin.com/sports/cfsend.htm', 'team': 'Fla. International', 'team_norm': 'Fla. International', 'team_raw': 'Fla. International', 'week': 11}, 'sagarin_home': {'fetched_at': '2025-11-23 01:49:37.608946+00:00', 'hfa': 3.67, 'page_stamp': 'COLLEGE FOOTBALL 2025 through results of 2025 NOVEMBER 15 SATURDAY - WEEK 12', 'pr': 47.21, 'pr_rank': 131, 'season': 2025, 'sos': 59.07, 'sos_rank': 124, 'source_url': 'http://sagarin.com/sports/cfsend.htm', 'team': 'Middle Tennessee', 'team_norm': 'Middle Tennessee', 'team_raw': 'Middle Tennessee', 'week': 11}, 'schedule_row': {'away_team': 'Florida International', 'conference_game': True, 'home_team': 'Middle Tennessee', 'id': 401757296, 'kickoff_iso_utc': '2025-11-08T20:00:00Z', 'season': 2025, 'venue': 'Johnny ""Red"" Floyd Stadium', 'week': 11}}",2025,,401757296,,,,11,30.0,56.0
,25.9,78,120,29.9,59.81,103.0,240.8,149.5,46,6,139.6,260.8,55.61,141.0,5-3,Jacksonville State,Jacksonville State,0.5,58,70,380.4,410.2,,20251108_2000_jacksonville_state_utep,3.67,,25.2,25,91,20.9,52.21,124.0,195.5,216.4,65,122,156.6,109.0,58.06,132.0,2-6,Utep,UTEP,-1.0,39,121,352.1,325.4,,2025-11-08T20:00:00Z,,,,-7.6,,,,"{'league_metrics_away': {'ATS': None, 'PA': 25.9, 'PF': 29.9, 'PY(D)': 240.8, 'PY(O)': 149.5, 'R(D)_PY': 78, 'R(D)_RY': 46, 'R(D)_TY': 58, 'R(O)_PY': 120, 'R(O)_RY': 6, 'R(O)_TY': 70, 'RY(D)': 139.6, 'RY(O)': 260.8, 'SU': '5-3', 'TO': 0.5, 'TY(D)': 380.4, 'TY(O)': 410.2, 'Team': 'Jacksonville State'}, 'league_metrics_home': {'ATS': None, 'PA': 25.2, 'PF': 20.9, 'PY(D)': 195.5, 'PY(O)': 216.4, 'R(D)_PY': 25, 'R(D)_RY': 65, 'R(D)_TY': 39, 'R(O)_PY': 91, 'R(O)_RY': 122, 'R(O)_TY': 121, 'RY(D)': 156.6, 'RY(O)': 109.0, 'SU': '2-6', 'TO': -1.0, 'TY(D)': 352.1, 'TY(O)': 325.4, 'Team': 'Utep'}, 'sagarin_away': {'fetched_at': '2025-11-23 01:49:37.608946+00:00', 'hfa': 3.67, 'page_stamp': 'COLLEGE FOOTBALL 2025 through results of 2025 NOVEMBER 15 SATURDAY - WEEK 12', 'pr': 59.81, 'pr_rank': 103, 'season': 2025, 'sos': 55.61, 'sos_rank': 141, 'source_url': 'http://sagarin.com/sports/cfsend.htm', 'team': 'Jacksonville State', 'team_norm': 'Jacksonville State', 'team_raw': 'Jacksonville State', 'week': 11}, 'sagarin_home': {'fetched_at': '2025-11-23 01:49:37.608946+00:00', 'hfa': 3.67, 'page_stamp': 'COLLEGE FOOTBALL 2025 through results of 2025 NOVEMBER 15 SATURDAY - WEEK 12', 'pr': 52.21, 'pr_rank': 124, 'season': 2025, 'sos': 58.06, 'sos_rank': 132, 'source_url': 'http://sagarin.com/sports/cfsend.htm', 'team': 'Utep', 'team_norm': 'Utep', 'team_raw': 'UTEP', 'week': 11}, 'schedule_row': {'away_team': 'Jacksonville State', 'conference_game': True, 'home_team': 'UTEP', 'id': 401757297, 'kickoff_iso_utc': '2025-11-08T20:00:00Z', 'season': 2025, 'venue': 'Sun Bowl', 'week': 11}}",2025,,401757297,,,,11,27.0,30.0
,18.1,77,101,28.6,,,240.6,194.1,38,57,131.4,176.4,,,5-3,Louisiana Tech,Louisiana Tech,0.6,49,94,372.0,370.5,,20251108_2000_louisiana_tech_delaware,,0-1-0,32.1,69,17,29.2,,,236.0,303.5,90,118,177.2,114.9,,,4-4,Delaware,Delaware,-0.5,81,60,413.2,418.4,,2025-11-08T20:00:00Z,,,,,,,,"{'league_metrics_away': {'ATS': None, 'PA': 18.1, 'PF': 28.6, 'PY(D)': 240.6, 'PY(O)': 194.1, 'R(D)_PY': 77, 'R(D)_RY': 38, 'R(D)_TY': 49, 'R(O)_PY': 101, 'R(O)_RY': 57, 'R(O)_TY': 94, 'RY(D)': 131.4, 'RY(O)': 176.4, 'SU': '5-3', 'TO': 0.6, 'TY(D)': 372.0, 'TY(O)': 370.5, 'Team': 'Louisiana Tech'}, 'league_metrics_home': {'ATS': None, 'PA': 32.1, 'PF': 29.2, 'PY(D)': 236.0, 'PY(O)': 303.5, 'R(D)_PY': 69, 'R(D)_RY': 90, 'R(D)_TY': 81, 'R(O)_PY': 17, 'R(O)_RY': 118, 'R(O)_TY': 60, 'RY(D)': 177.2, 'RY(O)': 114.9, 'SU': '4-4', 'TO': -0.5, 'TY(D)': 413.2, 'TY(O)': 418.4, 'Team': 'Delaware'}, 'sagarin_away': {'fetched_at': '2025-11-23 01:49:37.608946+00:00', 'hfa': 3.67, 'page_stamp': 'COLLEGE FOOTBALL 2025 through results of 2025 NOVEMBER 15 SATURDAY - WEEK 12', 'pr': 60.44, 'pr_rank': 102, 'season': 2025, 'sos': 59.05, 'sos_rank': 125, 'source_url': 'http://sagarin.com/sports/cfsend.htm', 'team': 'Louisiana Tech', 'team_norm': 'Louisiana Tech', 'team_raw': 'Louisiana Tech', 'week': 11}, 'schedule_row': {'away_team': 'Louisiana Tech', 'conference_game': True, 'home_team': 'Delaware', 'id': 401757295, 'kickoff_iso_utc': '2025-11-08T20:00:00Z', 'season': 2025, 'venue': 'Delaware Stadium', 'week': 11}}",2025,,401757295,,,,11,25.0,24.0
,29.6,50,78,22.0,53.91,122.0,223.6,230.8,105,84,192.0,150.6,61.75,98.0,2-6,Tulsa,Tulsa,-0.5,87,87,415.6,381.4,,20251108_2000_tulsa_florida_atlantic,3.67,,36.2,32,9,30.2,58.15,109.0,205.2,325.9,116,126,204.2,103.0,62.8,84.0,3-5,Florida Atlantic,Florida Atlantic,-1.8,78,52,409.5,428.9,,2025-11-08T20:00:00Z,,,,4.24,,,,"{'league_metrics_away': {'ATS': None, 'PA': 29.6, 'PF': 22.0, 'PY(D)': 223.6, 'PY(O)': 230.8, 'R(D)_PY': 50, 'R(D)_RY': 105, 'R(D)_TY': 87, 'R(O)_PY': 78, 'R(O)_RY': 84, 'R(O)_TY': 87, 'RY(D)': 192.0, 'RY(O)': 150.6, 'SU': '2-6', 'TO': -0.5, 'TY(D)': 415.6, 'TY(O)': 381.4, 'Team': 'Tulsa'}, 'league_metrics_home': {'ATS': None, 'PA': 36.2, 'PF': 30.2, 'PY(D)': 205.2, 'PY(O)': 325.9, 'R(D)_PY': 32, 'R(D)_RY': 116, 'R(D)_TY': 78, 'R(O)_PY': 9, 'R(O)_RY': 126, 'R(O)_TY': 52, 'RY(D)': 204.2, 'RY(O)': 103.0, 'SU': '3-5', 'TO': -1.8, 'TY(D)': 409.5, 'TY(O)': 428.9, 'Team': 'Florida Atlantic'}, 'sagarin_away': {'fetched_at': '2025-11-23 01:49:37.608946+00:00', 'hfa': 3.67, 'page_stamp': 'COLLEGE FOOTBALL 2025 through results of 2025 NOVEMBER 15 SATURDAY - WEEK 12', 'pr': 53.91, 'pr_rank': 122, 'season': 2025, 'sos': 61.75, 'sos_rank': 98, 'source_url': 'http://sagarin.com/sports/cfsend.htm', 'team': 'Tulsa', 'team_norm': 'Tulsa', 'team_raw': 'Tulsa', 'week': 11}, 'sagarin_home': {'fetched_at': '2025-11-23 01:49:37.608946+00:00', 'hfa': 3.67, 'page_stamp': 'COLLEGE FOOTBALL 2025 through results of 2025 NOVEMBER 15 SATURDAY - WEEK 12', 'pr': 58.15, 'pr_rank': 109, 'season': 2025, 'sos': 62.8, 'sos_rank': 84, 'source_url': 'http://sagarin.com/sports/cfsend.htm', 'team': 'Florida Atlantic', 'team_norm': 'Florida Atlantic', 'team_raw': 'Florida Atlantic', 'week': 11}, 'schedule_row': {'away_team': 'Tulsa', 'conference_game': True, 'home_team': 'Florida Atlantic', 'id': 401762505, 'kickoff_iso_utc': '2025-11-08T20:00:00Z', 'season': 2025, 'venue': 'FAU Stadium', 'week': 11}}",2025,,401762505,,,,11,40.0,21.0
,28.1,106,11,35.4,73.71,47.0,263.2,324.2,42,103,135.6,136.1,72.36,43.0,5-3,Duke,Duke,0.6,70,32,398.9,460.4,AWAY,20251108_2030_duke_uconn,3.67,0-1-0,23.9,80,6,36.9,68.27,70.0,216.8,299.3,111,51,174.9,161.8,57.35,137.0,6-3,Uconn,UConn,1.1,104,9,391.7,461.1,False,2025-11-08T20:30:00Z,-345.0,265.0,williamhill_us,-5.44,,,,"{'league_metrics_away': {'ATS': None, 'PA': 28.1, 'PF': 35.4, 'PY(D)': 263.2, 'PY(O)': 324.2, 'R(D)_PY': 106, 'R(D)_RY': 42, 'R(D)_TY': 70, 'R(O)_PY': 11, 'R(O)_RY': 103, 'R(O)_TY': 32, 'RY(D)': 135.6, 'RY(O)': 136.1, 'SU': '5-3', 'TO': 0.6, 'TY(D)': 398.9, 'TY(O)': 460.4, 'Team': 'Duke'}, 'league_metrics_home': {'ATS': None, 'PA': 23.9, 'PF': 36.9, 'PY(D)': 216.8, 'PY(O)': 299.3, 'R(D)_PY': 80, 'R(D)_RY': 111, 'R(D)_TY': 104, 'R(O)_PY': 6, 'R(O)_RY': 51, 'R(O)_TY': 9, 'RY(D)': 174.9, 'RY(O)': 161.8, 'SU': '6-3', 'TO': 1.1, 'TY(D)': 391.7, 'TY(O)': 461.1, 'Team': 'Uconn'}, 'odds_row': {'source': 'staging', 'season': 2025, 'week': 11, 'markets': {'spreads': {'book': 'williamhill_us', 'fetch_ts': '2025-11-05T02:27:17Z', 'line': {'spread_home_relative': 9.5, 'favored_side': 'AWAY', 'spread_favored_team': -9.5, 'home_price': -114, 'away_price': -107, 'raw_outcomes': [{'name': 'Duke Blue Devils', 'token': 'duke', 'price': -107, 'point': -9.5}, {'name': 'UConn Huskies', 'token': 'uconn', 'price': -114, 'point': 9.5}]}}, 'totals': {'book': 'williamhill_us', 'fetch_ts': '2025-11-05T02:27:17Z', 'line': {'total_points': 65.5, 'over_price': -115, 'under_price': -106, 'raw_outcomes': [{'name': 'Over', 'token': 'over', 'price': -115, 'point': 65.5}, {'name': 'Under', 'token': 'under', 'price': -106, 'point': 65.5}]}}, 'h2h': {'book': 'williamhill_us', 'fetch_ts': '2025-11-05T02:27:17Z', 'line': {'moneyline_home': 265, 'moneyline_away': -345, 'raw_outcomes': [{'name': 'Duke Blue Devils', 'token': 'duke', 'price': -345, 'point': None}, {'name': 'UConn Huskies', 'token': 'uconn', 'price': 265, 'point': None}]}}}}, 'sagarin_away': {'fetched_at': '2025-11-23 01:49:37.608946+00:00', 'hfa': 3.67, 'page_stamp': 'COLLEGE FOOTBALL 2025 through results of 2025 NOVEMBER 15 SATURDAY - WEEK 12', 'pr': 73.71, 'pr_rank': 47, 'season': 2025, 'sos': 72.36, 'sos_rank': 43, 'source_url': 'http://sagarin.com/sports/cfsend.htm', 'team': 'Duke', 'team_norm': 'Duke', 'team_raw': 'Duke', 'week': 11}, 'sagarin_home': {'fetched_at': '2025-11-23 01:49:37.608946+00:00', 'hfa': 3.67, 'page_stamp': 'COLLEGE FOOTBALL 2025 through results of 2025 NOVEMBER 15 SATURDAY - WEEK 12', 'pr': 68.27, 'pr_rank': 70, 'season': 2025, 'sos': 57.35, 'sos_rank': 137, 'source_url': 'http://sagarin.com/sports/cfsend.htm', 'team': 'Connecticut', 'team_norm': 'Connecticut', 'team_raw': 'Connecticut', 'week': 11}, 'schedule_row': {'away_team': 'Duke', 'conference_game': False, 'home_team': 'UConn', 'id': 401754590, 'kickoff_iso_utc': '2025-11-08T20:30:00Z', 'season': 2025, 'venue': 'Pratt & Whitney Stadium', 'week': 11}}",2025,2025-11-05T02:27:17Z,401754590,-9.5,9.5,65.5,11,37.0,34.0
0-1-0,22.0,75,36,27.9,75.29,44.0,212.2,243.6,84,45,155.0,164.1,72.93,36.0,5-4,Iowa State,Iowa State,0.1,80,36,367.2,407.7,,20251108_2030_iowa_state_tcu,3.67,0-1-0,25.1,98,20,34.6,73.47,48.0,257.9,301.5,28,109,120.9,124.6,72.71,38.0,6-2,Tcu,TCU,0.5,54,54,378.8,426.1,,2025-11-08T20:30:00Z,,,,-1.82,,,,"{'league_metrics_away': {'ATS': None, 'PA': 22.0, 'PF': 27.9, 'PY(D)': 212.2, 'PY(O)': 243.6, 'R(D)_PY': 75, 'R(D)_RY': 84, 'R(D)_TY': 80, 'R(O)_PY': 36, 'R(O)_RY': 45, 'R(O)_TY': 36, 'RY(D)': 155.0, 'RY(O)': 164.1, 'SU': '5-4', 'TO': 0.1, 'TY(D)': 367.2, 'TY(O)': 407.7, 'Team': 'Iowa State'}, 'league_metrics_home': {'ATS': None, 'PA': 25.1, 'PF': 34.6, 'PY(D)': 257.9, 'PY(O)': 301.5, 'R(D)_PY': 98, 'R(D)_RY': 28, 'R(D)_TY': 54, 'R(O)_PY': 20, 'R(O)_RY': 109, 'R(O)_TY': 54, 'RY(D)': 120.9, 'RY(O)': 124.6, 'SU': '6-2', 'TO': 0.5, 'TY(D)': 378.8, 'TY(O)': 426.1, 'Team': 'Tcu'}, 'sagarin_away': {'fetched_at': '2025-11-23 01:49:37.608946+00:00', 'hfa': 3.67, 'page_stamp': 'COLLEGE FOOTBALL 2025 through results of 2025 NOVEMBER 15 SATURDAY - WEEK 12', 'pr': 75.29, 'pr_rank': 44, 'season': 2025, 'sos': 72.93, 'sos_rank': 36, 'source_url': 'http://sagarin.com/sports/cfsend.htm', 'team': 'Iowa State', 'team_norm': 'Iowa State', 'team_raw': 'Iowa State', 'week': 11}, 'sagarin_home': {'fetched_at': '2025-11-23 01:49:37.608946+00:00', 'hfa': 3.67, 'page_stamp': 'COLLEGE FOOTBALL 2025 through results of 2025 NOVEMBER 15 SATURDAY - WEEK 12', 'pr': 73.47, 'pr_rank': 48, 'season': 2025, 'sos': 72.71, 'sos_rank': 38, 'source_url': 'http://sagarin.com/sports/cfsend.htm', 'team': 'Tcu', 'team_norm': 'Tcu', 'team_raw': 'TCU', 'week': 11}, 'schedule_row': {'away_team': 'Iowa State', 'conference_game': True, 'home_team': 'TCU', 'id': 401756944, 'kickoff_iso_utc': '2025-11-08T20:30:00Z', 'season': 2025, 'venue': 'Amon G. Carter Stadium', 'week': 11}}",2025,,401756944,,,,11,17.0,20.0
0-1-0,25.3,76,49,31.3,71.46,58.0,213.0,229.2,104,53,170.1,160.6,69.78,55.0,5-4,Kansas,Kansas,0.0,98,43,383.1,389.8,HOME,20251108_2030_kansas_arizona,3.67,,19.9,6,42,34.1,75.61,41.0,155.2,266.5,43,85,138.9,150.4,69.36,60.0,5-3,Arizona,Arizona,1.0,11,63,294.1,416.9,False,2025-11-08T20:30:00Z,162.0,-195.0,williamhill_us,4.15,,,,"{'league_metrics_away': {'ATS': None, 'PA': 25.3, 'PF': 31.3, 'PY(D)': 213.0, 'PY(O)': 229.2, 'R(D)_PY': 76, 'R(D)_RY': 104, 'R(D)_TY': 98, 'R(O)_PY': 49, 'R(O)_RY': 53, 'R(O)_TY': 43, 'RY(D)': 170.1, 'RY(O)': 160.6, 'SU': '5-4', 'TO': 0.0, 'TY(D)': 383.1, 'TY(O)': 389.8, 'Team': 'Kansas'}, 'league_metrics_home': {'ATS': None, 'PA': 19.9, 'PF': 34.1, 'PY(D)': 155.2, 'PY(O)': 266.5, 'R(D)_PY': 6, 'R(D)_RY': 43, 'R(D)_TY': 11, 'R(O)_PY': 42, 'R(O)_RY': 85, 'R(O)_TY': 63, 'RY(D)': 138.9, 'RY(O)': 150.4, 'SU': '5-3', 'TO': 1.0, 'TY(D)': 294.1, 'TY(O)': 416.9, 'Team': 'Arizona'}, 'odds_row': {'source': 'staging', 'season': 2025, 'week': 11, 'markets': {'spreads': {'book': 'williamhill_us', 'fetch_ts': '2025-11-05T02:27:17Z', 'line': {'spread_home_relative': -4.5, 'favored_side': 'HOME', 'spread_favored_team': -4.5, 'home_price': -110, 'away_price': -110, 'raw_outcomes': [{'name': 'Arizona Wildcats', 'token': 'arizona', 'price': -110, 'point': -4.5}, {'name': 'Kansas Jayhawks', 'token': 'kansas', 'price': -110, 'point': 4.5}]}}, 'totals': {'book': 'williamhill_us', 'fetch_ts': '2025-11-05T02:27:17Z', 'line': {'total_points': 56.0, 'over_price': -110, 'under_price': -110, 'raw_outcomes': [{'name': 'Over', 'token': 'over', 'price': -110, 'point': 56.0}, {'name': 'Under', 'token': 'under', 'price': -110, 'point': 56.0}]}}, 'h2h': {'book': 'williamhill_us', 'fetch_ts': '2025-11-05T02:27:17Z', 'line': {'moneyline_home': -195, 'moneyline_away': 162, 'raw_outcomes': [{'name': 'Arizona Wildcats', 'token': 'arizona', 'price': -195, 'point': None}, {'name': 'Kansas Jayhawks', 'token': 'kansas', 'price': 162, 'point': None}]}}}}, 'sagarin_away': {'fetched_at': '2025-11-23 01:49:37.608946+00:00', 'hfa': 3.67, 'page_stamp': 'COLLEGE FOOTBALL 2025 through results of 2025 NOVEMBER 15 SATURDAY - WEEK 12', 'pr': 71.46, 'pr_rank': 58, 'season': 2025, 'sos': 69.78, 'sos_rank': 55, 'source_url': 'http://sagarin.com/sports/cfsend.htm', 'team': 'Kansas', 'team_norm': 'Kansas', 'team_raw': 'Kansas', 'week': 11}, 'sagarin_home': {'fetched_at': '2025-11-23 01:49:37.608946+00:00', 'hfa': 3.67, 'page_stamp': 'COLLEGE FOOTBALL 2025 through results of 2025 NOVEMBER 15 SATURDAY - WEEK 12', 'pr': 75.61, 'pr_rank': 41, 'season': 2025, 'sos': 69.36, 'sos_rank': 60, 'source_url': 'http://sagarin.com/sports/cfsend.htm', 'team': 'Arizona', 'team_norm': 'Arizona', 'team_raw': 'Arizona', 'week': 11}, 'schedule_row': {'away_team': 'Kansas', 'conference_game': True, 'home_team': 'Arizona', 'id': 401756943, 'kickoff_iso_utc': '2025-11-08T20:30:00Z', 'season': 2025, 'venue': 'Arizona Stadium', 'week': 11}}",2025,2025-11-05T02:27:17Z,401756943,-4.5,-4.5,56.0,11,24.0,20.0
0-1-0,13.5,1,65,41.2,93.29,3.0,124.6,246.9,26,12,116.9,237.0,73.19,30.0,7-1,Oregon Ducks,Oregon,0.6,4,19,241.5,483.9,,20251108_2030_oregon_ducks_iowa,3.67,1-0-0,13.1,5,123,31.2,83.98,17.0,151.0,132.6,7,44,90.0,185.2,75.79,18.0,6-2,Iowa,Iowa,0.6,3,125,241.0,317.9,,2025-11-08T20:30:00Z,,,,-9.31,,,,"{'league_metrics_away': {'ATS': None, 'PA': 13.5, 'PF': 41.2, 'PY(D)': 124.6, 'PY(O)': 246.9, 'R(D)_PY': 1, 'R(D)_RY': 26, 'R(D)_TY': 4, 'R(O)_PY': 65, 'R(O)_RY': 12, 'R(O)_TY': 19, 'RY(D)': 116.9, 'RY(O)': 237.0, 'SU': '7-1', 'TO': 0.6, 'TY(D)': 241.5, 'TY(O)': 483.9, 'Team': 'Oregon Ducks'}, 'league_metrics_home': {'ATS': None, 'PA': 13.1, 'PF': 31.2, 'PY(D)': 151.0, 'PY(O)': 132.6, 'R(D)_PY': 5, 'R(D)_RY': 7, 'R(D)_TY': 3, 'R(O)_PY': 123, 'R(O)_RY': 44, 'R(O)_TY': 125, 'RY(D)': 90.0, 'RY(O)': 185.2, 'SU': '6-2', 'TO': 0.6, 'TY(D)': 241.0, 'TY(O)': 317.9, 'Team': 'Iowa'}, 'sagarin_away': {'fetched_at': '2025-11-23 01:49:37.608946+00:00', 'hfa': 3.67, 'page_stamp': 'COLLEGE FOOTBALL 2025 through results of 2025 NOVEMBER 15 SATURDAY - WEEK 12', 'pr': 93.29, 'pr_rank': 3, 'season': 2025, 'sos': 73.19, 'sos_rank': 30, 'source_url': 'http://sagarin.com/sports/cfsend.htm', 'team': 'Oregon Ducks', 'team_norm': 'Oregon Ducks', 'team_raw': 'Oregon', 'week': 11}, 'sagarin_home': {'fetched_at': '2025-11-23 01:49:37.608946+00:00', 'hfa': 3.67, 'page_stamp': 'COLLEGE FOOTBALL 2025 through results of 2025 NOVEMBER 15 SATURDAY - WEEK 12', 'pr': 83.98, 'pr_rank': 17, 'season': 2025, 'sos': 75.79, 'sos_rank': 18, 'source_url': 'http://sagarin.com/sports/cfsend.htm', 'team': 'Iowa', 'team_norm': 'Iowa', 'team_raw': 'Iowa', 'week': 11}, 'schedule_row': {'away_team': 'Oregon', 'conference_game': True, 'home_team': 'Iowa', 'id': 401752898, 'kickoff_iso_utc': '2025-11-08T20:30:00Z', 'season': 2025, 'venue': 'Kinnick Stadium', 'week': 11}}",2025,,401752898,,,,11,16.0,18.0
0-1-0,30.8,126,24,23.7,66.7,80.0,267.8,258.1,103,105,169.6,112.8,75.91,16.0,3-6,Syracuse,Syracuse,-0.9,128,62,437.3,370.9,HOME,20251108_2030_syracuse_miami,3.67,1-0-0,15.6,33,48,32.2,89.04,9.0,205.9,258.9,1,78,79.4,154.8,72.96,35.0,6-2,Miami,Miami,0.5,10,67,285.2,413.6,False,2025-11-08T20:30:00Z,1800.0,-7000.0,williamhill_us,22.34,,,,"{'league_metrics_away': {'ATS': None, 'PA': 30.8, 'PF': 23.7, 'PY(D)': 267.8, 'PY(O)': 258.1, 'R(D)_PY': 126, 'R(D)_RY': 103, 'R(D)_TY': 128, 'R(O)_PY': 24, 'R(O)_RY': 105, 'R(O)_TY': 62, 'RY(D)': 169.6, 'RY(O)': 112.8, 'SU': '3-6', 'TO': -0.9, 'TY(D)': 437.3, 'TY(O)': 370.9, 'Team': 'Syracuse'}, 'league_metrics_home': {'ATS': None, 'PA': 15.6, 'PF': 32.2, 'PY(D)': 205.9, 'PY(O)': 258.9, 'R(D)_PY': 33, 'R(D)_RY': 1, 'R(D)_TY': 10, 'R(O)_PY': 48, 'R(O)_RY': 78, 'R(O)_TY': 67, 'RY(D)': 79.4, 'RY(O)': 154.8, 'SU': '6-2', 'TO': 0.5, 'TY(D)': 285.2, 'TY(O)': 413.6, 'Team': 'Miami'}, 'odds_row': {'source': 'staging', 'season': 2025, 'week': 11, 'markets': {'spreads': {'book': 'williamhill_us', 'fetch_ts': '2025-11-05T02:27:17Z', 'line': {'spread_home_relative': -28.5, 'favored_side': 'HOME', 'spread_favored_team': -28.5, 'home_price': -110, 'away_price': -110, 'raw_outcomes': [{'name': 'Miami Hurricanes', 'token': 'miami', 'price': -110, 'point': -28.5}, {'name': 'Syracuse Orange', 'token': 'syracuse', 'price': -110, 'point': 28.5}]}}, 'totals': {'book': 'williamhill_us', 'fetch_ts': '2025-11-05T02:27:17Z', 'line': {'total_points': 45.5, 'over_price': -110, 'under_price': -110, 'raw_outcomes': [{'name': 'Over', 'token': 'over', 'price': -110, 'point': 45.5}, {'name': 'Under', 'token': 'under', 'price': -110, 'point': 45.5}]}}, 'h2h': {'book': 'williamhill_us', 'fetch_ts': '2025-11-05T02:27:17Z', 'line': {'moneyline_home': -7000, 'moneyline_away': 1800, 'raw_outcomes': [{'name': 'Miami Hurricanes', 'token': 'miami', 'price': -7000, 'point': None}, {'name': 'Syracuse Orange', 'token': 'syracuse', 'price': 1800, 'point': None}]}}}}, 'sagarin_away': {'fetched_at': '2025-11-23 01:49:37.608946+00:00', 'hfa': 3.67, 'page_stamp': 'COLLEGE FOOTBALL 2025 through results of 2025 NOVEMBER 15 SATURDAY - WEEK 12', 'pr': 66.7, 'pr_rank': 80, 'season': 2025, 'sos': 75.91, 'sos_rank': 16, 'source_url': 'http://sagarin.com/sports/cfsend.htm', 'team': 'Syracuse', 'team_norm': 'Syracuse', 'team_raw': 'Syracuse', 'week': 11}, 'sagarin_home': {'fetched_at': '2025-11-23 01:49:37.608946+00:00', 'hfa': 3.67, 'page_stamp': 'COLLEGE FOOTBALL 2025 through results of 2025 NOVEMBER 15 SATURDAY - WEEK 12', 'pr': 89.04, 'pr_rank': 9, 'season': 2025, 'sos': 72.96, 'sos_rank': 35, 'source_url': 'http://sagarin.com/sports/cfsend.htm', 'team': 'Miami-florida', 'team_norm': 'Miami-florida', 'team_raw': 'Miami-Florida', 'week': 11}, 'schedule_row': {'away_team': 'Syracuse', 'conference_game': True, 'home_team': 'Miami', 'id': 401754587, 'kickoff_iso_utc': '2025-11-08T20:30:00Z', 'season': 2025, 'venue': 'Hard Rock Stadium', 'week': 11}}",2025,2025-11-05T02:27:17Z,401754587,-28.5,-28.5,45.5,11,38.0,10.0
1-0-0,23.6,28,47,37.8,91.48,6.0,203.0,259.1,27,36,118.5,200.6,77.21,14.0,8-0,Texas Aandm,Texas A&M,-0.1,21,33,321.5,459.8,,20251108_2030_texas_aandm_missouri,3.67,0-1-0,16.8,7,70,35.4,83.33,20.0,155.4,237.9,4,13,87.0,235.8,72.19,45.0,6-2,Missouri,Missouri,-0.2,5,24,242.4,473.6,,2025-11-08T20:30:00Z,,,,-8.15,,,,"{'league_metrics_away': {'ATS': None, 'PA': 23.6, 'PF': 37.8, 'PY(D)': 203.0, 'PY(O)': 259.1, 'R(D)_PY': 28, 'R(D)_RY': 27, 'R(D)_TY': 21, 'R(O)_PY': 47, 'R(O)_RY': 36, 'R(O)_TY': 33, 'RY(D)': 118.5, 'RY(O)': 200.6, 'SU': '8-0', 'TO': -0.1, 'TY(D)': 321.5, 'TY(O)': 459.8, 'Team': 'Texas Aandm'}, 'league_metrics_home': {'ATS': None, 'PA': 16.8, 'PF': 35.4, 'PY(D)': 155.4, 'PY(O)': 237.9, 'R(D)_PY': 7, 'R(D)_RY': 4, 'R(D)_TY': 5, 'R(O)_PY': 70, 'R(O)_RY': 13, 'R(O)_TY': 24, 'RY(D)': 87.0, 'RY(O)': 235.8, 'SU': '6-2', 'TO': -0.2, 'TY(D)': 242.4, 'TY(O)': 473.6, 'Team': 'Missouri'}, 'sagarin_away': {'fetched_at': '2025-11-23 01:49:37.608946+00:00', 'hfa': 3.67, 'page_stamp': 'COLLEGE FOOTBALL 2025 through results of 2025 NOVEMBER 15 SATURDAY - WEEK 12', 'pr': 91.48, 'pr_rank': 6, 'season': 2025, 'sos': 77.21, 'sos_rank': 14, 'source_url': 'http://sagarin.com/sports/cfsend.htm', 'team': 'Texas Aandm', 'team_norm': 'Texas Aandm', 'team_raw': 'Texas A&M', 'week': 11}, 'sagarin_home': {'fetched_at': '2025-11-23 01:49:37.608946+00:00', 'hfa': 3.67, 'page_stamp': 'COLLEGE FOOTBALL 2025 through results of 2025 NOVEMBER 15 SATURDAY - WEEK 12', 'pr': 83.33, 'pr_rank': 20, 'season': 2025, 'sos': 72.19, 'sos_rank': 45, 'source_url': 'http://sagarin.com/sports/cfsend.htm', 'team': 'Missouri', 'team_norm': 'Missouri', 'team_raw': 'Missouri', 'week': 11}, 'schedule_row': {'away_team': 'Texas A&M', 'conference_game': True, 'home_team': 'Missouri', 'id': 401752763, 'kickoff_iso_utc': '2025-11-08T20:30:00Z', 'season': 2025, 'venue': 'Memorial Stadium', 'week': 11}}",2025,,401752763,,,,11,17.0,38.0
1-0-0,17.7,93,104,22.3,80.13,28.0,226.2,164.8,13,43,83.9,164.9,79.36,5.0,4-5,Auburn,Auburn,0.8,36,93,310.1,329.7,HOME,20251108_2100_auburn_vanderbilt,3.67,1-0-0,20.4,105,35,37.6,84.49,16.0,232.8,245.2,23,24,101.6,187.8,74.39,22.0,7-2,Vanderbilt,Vanderbilt,0.3,51,18,334.3,433.0,False,2025-11-08T21:00:00Z,205.0,-250.0,williamhill_us,4.36,,,,"{'league_metrics_away': {'ATS': None, 'PA': 17.7, 'PF': 22.3, 'PY(D)': 226.2, 'PY(O)': 164.8, 'R(D)_PY': 93, 'R(D)_RY': 13, 'R(D)_TY': 36, 'R(O)_PY': 104, 'R(O)_RY': 43, 'R(O)_TY': 93, 'RY(D)': 83.9, 'RY(O)': 164.9, 'SU': '4-5', 'TO': 0.8, 'TY(D)': 310.1, 'TY(O)': 329.7, 'Team': 'Auburn'}, 'league_metrics_home': {'ATS': None, 'PA': 20.4, 'PF': 37.6, 'PY(D)': 232.8, 'PY(O)': 245.2, 'R(D)_PY': 105, 'R(D)_RY': 23, 'R(D)_TY': 51, 'R(O)_PY': 35, 'R(O)_RY': 24, 'R(O)_TY': 18, 'RY(D)': 101.6, 'RY(O)': 187.8, 'SU': '7-2', 'TO': 0.3, 'TY(D)': 334.3, 'TY(O)': 433.0, 'Team': 'Vanderbilt'}, 'odds_row': {'source': 'staging', 'season': 2025, 'week': 11, 'markets': {'spreads': {'book': 'williamhill_us', 'fetch_ts': '2025-11-05T02:27:17Z', 'line': {'spread_home_relative': -6.5, 'favored_side': 'HOME', 'spread_favored_team': -6.5, 'home_price': -110, 'away_price': -110, 'raw_outcomes': [{'name': 'Auburn Tigers', 'token': 'auburn', 'price': -110, 'point': 6.5}, {'name': 'Vanderbilt Commodores', 'token': 'vanderbilt', 'price': -110, 'point': -6.5}]}}, 'totals': {'book': 'williamhill_us', 'fetch_ts': '2025-11-05T02:27:17Z', 'line': {'total_points': 45.5, 'over_price': -110, 'under_price': -110, 'raw_outcomes': [{'name': 'Over', 'token': 'over', 'price': -110, 'point': 45.5}, {'name': 'Under', 'token': 'under', 'price': -110, 'point': 45.5}]}}, 'h2h': {'book': 'williamhill_us', 'fetch_ts': '2025-11-05T02:27:17Z', 'line': {'moneyline_home': -250, 'moneyline_away': 205, 'raw_outcomes': [{'name': 'Auburn Tigers', 'token': 'auburn', 'price': 205, 'point': None}, {'name': 'Vanderbilt Commodores', 'token': 'vanderbilt', 'price': -250, 'point': None}]}}}}, 'sagarin_away': {'fetched_at': '2025-11-23 01:49:37.608946+00:00', 'hfa': 3.67, 'page_stamp': 'COLLEGE FOOTBALL 2025 through results of 2025 NOVEMBER 15 SATURDAY - WEEK 12', 'pr': 80.13, 'pr_rank': 28, 'season': 2025, 'sos': 79.36, 'sos_rank': 5, 'source_url': 'http://sagarin.com/sports/cfsend.htm', 'team': 'Auburn', 'team_norm': 'Auburn', 'team_raw': 'Auburn', 'week': 11}, 'sagarin_home': {'fetched_at': '2025-11-23 01:49:37.608946+00:00', 'hfa': 3.67, 'page_stamp': 'COLLEGE FOOTBALL 2025 through results of 2025 NOVEMBER 15 SATURDAY - WEEK 12', 'pr': 84.49, 'pr_rank': 16, 'season': 2025, 'sos': 74.39, 'sos_rank': 22, 'source_url': 'http://sagarin.com/sports/cfsend.htm', 'team': 'Vanderbilt', 'team_norm': 'Vanderbilt', 'team_raw': 'Vanderbilt', 'week': 11}, 'schedule_row': {'away_team': 'Auburn', 'conference_game': True, 'home_team': 'Vanderbilt', 'id': 401752764, 'kickoff_iso_utc': '2025-11-08T21:00:00Z', 'season': 2025, 'venue': 'FirstBank Stadium', 'week': 11}}",2025,2025-11-05T02:27:17Z,401752764,-6.5,-6.5,45.5,11,45.0,38.0
0-1-0,40.8,86,62,20.4,49.09,129.0,247.6,248.9,118,119,207.2,114.5,65.2,73.0,1-7,Georgia State,Georgia State,-0.9,112,100,454.9,363.4,,20251108_2100_georgia_state_coastal_carolina,3.67,,28.1,45,122,22.1,60.59,101.0,219.9,143.2,107,55,194.4,177.2,60.39,114.0,5-3,Coastal Carolina,Coastal Carolina,-0.2,84,124,414.2,320.5,,2025-11-08T21:00:00Z,,,,11.5,,,,"{'league_metrics_away': {'ATS': None, 'PA': 40.8, 'PF': 20.4, 'PY(D)': 247.6, 'PY(O)': 248.9, 'R(D)_PY': 86, 'R(D)_RY': 118, 'R(D)_TY': 112, 'R(O)_PY': 62, 'R(O)_RY': 119, 'R(O)_TY': 100, 'RY(D)': 207.2, 'RY(O)': 114.5, 'SU': '1-7', 'TO': -0.9, 'TY(D)': 454.9, 'TY(O)': 363.4, 'Team': 'Georgia State'}, 'league_metrics_home': {'ATS': None, 'PA': 28.1, 'PF': 22.1, 'PY(D)': 219.9, 'PY(O)': 143.2, 'R(D)_PY': 45, 'R(D)_RY': 107, 'R(D)_TY': 84, 'R(O)_PY': 122, 'R(O)_RY': 55, 'R(O)_TY': 124, 'RY(D)': 194.4, 'RY(O)': 177.2, 'SU': '5-3', 'TO': -0.2, 'TY(D)': 414.2, 'TY(O)': 320.5, 'Team': 'Coastal Carolina'}, 'sagarin_away': {'fetched_at': '2025-11-23 01:49:37.608946+00:00', 'hfa': 3.67, 'page_stamp': 'COLLEGE FOOTBALL 2025 through results of 2025 NOVEMBER 15 SATURDAY - WEEK 12', 'pr': 49.09, 'pr_rank': 129, 'season': 2025, 'sos': 65.2, 'sos_rank': 73, 'source_url': 'http://sagarin.com/sports/cfsend.htm', 'team': 'Georgia State', 'team_norm': 'Georgia State', 'team_raw': 'Georgia State', 'week': 11}, 'sagarin_home': {'fetched_at': '2025-11-23 01:49:37.608946+00:00', 'hfa': 3.67, 'page_stamp': 'COLLEGE FOOTBALL 2025 through results of 2025 NOVEMBER 15 SATURDAY - WEEK 12', 'pr': 60.59, 'pr_rank': 101, 'season': 2025, 'sos': 60.39, 'sos_rank': 114, 'source_url': 'http://sagarin.com/sports/cfsend.htm', 'team': 'Coastal Carolina', 'team_norm': 'Coastal Carolina', 'team_raw': 'Coastal Carolina', 'week': 11}, 'schedule_row': {'away_team': 'Georgia State', 'conference_game': True, 'home_team': 'Coastal Carolina', 'id': 401761645, 'kickoff_iso_utc': '2025-11-08T21:00:00Z', 'season': 2025, 'venue': 'Brooks Stadium (SC)', 'week': 11}}",2025,,401761645,,,,11,40.0,27.0
,21.1,66,89,26.2,59.11,106.0,231.1,217.5,68,74,158.1,156.2,57.82,134.0,6-2,Kennesaw State,Kennesaw State,-0.1,66,91,389.2,373.8,,20251108_2100_kennesaw_state_new_mexico_state,3.67,0-1-0,25.4,88,76,21.4,51.05,126.0,249.2,232.9,47,133,141.6,68.6,58.22,130.0,3-5,New Mexico State,New Mexico State,0.4,68,126,390.9,301.5,,2025-11-08T21:00:00Z,,,,-8.06,,,,"{'league_metrics_away': {'ATS': None, 'PA': 21.1, 'PF': 26.2, 'PY(D)': 231.1, 'PY(O)': 217.5, 'R(D)_PY': 66, 'R(D)_RY': 68, 'R(D)_TY': 66, 'R(O)_PY': 89, 'R(O)_RY': 74, 'R(O)_TY': 91, 'RY(D)': 158.1, 'RY(O)': 156.2, 'SU': '6-2', 'TO': -0.1, 'TY(D)': 389.2, 'TY(O)': 373.8, 'Team': 'Kennesaw State'}, 'league_metrics_home': {'ATS': None, 'PA': 25.4, 'PF': 21.4, 'PY(D)': 249.2, 'PY(O)': 232.9, 'R(D)_PY': 88, 'R(D)_RY': 47, 'R(D)_TY': 68, 'R(O)_PY': 76, 'R(O)_RY': 133, 'R(O)_TY': 126, 'RY(D)': 141.6, 'RY(O)': 68.6, 'SU': '3-5', 'TO': 0.4, 'TY(D)': 390.9, 'TY(O)': 301.5, 'Team': 'New Mexico State'}, 'sagarin_away': {'fetched_at': '2025-11-23 01:49:37.608946+00:00', 'hfa': 3.67, 'page_stamp': 'COLLEGE FOOTBALL 2025 through results of 2025 NOVEMBER 15 SATURDAY - WEEK 12', 'pr': 59.11, 'pr_rank': 106, 'season': 2025, 'sos': 57.82, 'sos_rank': 134, 'source_url': 'http://sagarin.com/sports/cfsend.htm', 'team': 'Kennesaw State', 'team_norm': 'Kennesaw State', 'team_raw': 'Kennesaw State', 'week': 11}, 'sagarin_home': {'fetched_at': '2025-11-23 01:49:37.608946+00:00', 'hfa': 3.67, 'page_stamp': 'COLLEGE FOOTBALL 2025 through results of 2025 NOVEMBER 15 SATURDAY - WEEK 12', 'pr': 51.05, 'pr_rank': 126, 'season': 2025, 'sos': 58.22, 'sos_rank': 130, 'source_url': 'http://sagarin.com/sports/cfsend.htm', 'team': 'New Mexico State', 'team_norm': 'New Mexico State', 'team_raw': 'New Mexico State', 'week': 11}, 'schedule_row': {'away_team': 'Kennesaw State', 'conference_game': True, 'home_team': 'New Mexico State', 'id': 401757298, 'kickoff_iso_utc': '2025-11-08T21:00:00Z', 'season': 2025, 'venue': 'Aggie Memorial Stadium', 'week': 11}}",2025,,401757298,,,,11,21.0,24.0
0-1-0,30.1,130,55,17.8,65.42,84.0,293.6,225.7,56,128,132.0,82.8,75.84,17.0,3-6,Stanford,Stanford,-0.6,122,111,425.6,308.4,,20251108_2130_stanford_north_carolina,3.67,1-0-0,22.1,36,113,19.4,67.43,76.0,210.5,175.5,17,112,110.4,123.1,67.8,67.0,3-5,North Carolina,North Carolina,-0.5,20,127,320.9,298.6,,2025-11-08T21:30:00Z,,,,2.01,,,,"{'league_metrics_away': {'ATS': None, 'PA': 30.1, 'PF': 17.8, 'PY(D)': 293.6, 'PY(O)': 225.7, 'R(D)_PY': 130, 'R(D)_RY': 56, 'R(D)_TY': 122, 'R(O)_PY': 55, 'R(O)_RY': 128, 'R(O)_TY': 111, 'RY(D)': 132.0, 'RY(O)': 82.8, 'SU': '3-6', 'TO': -0.6, 'TY(D)': 425.6, 'TY(O)': 308.4, 'Team': 'Stanford'}, 'league_metrics_home': {'ATS': None, 'PA': 22.1, 'PF': 19.4, 'PY(D)': 210.5, 'PY(O)': 175.5, 'R(D)_PY': 36, 'R(D)_RY': 17, 'R(D)_TY': 20, 'R(O)_PY': 113, 'R(O)_RY': 112, 'R(O)_TY': 127, 'RY(D)': 110.4, 'RY(O)': 123.1, 'SU': '3-5', 'TO': -0.5, 'TY(D)': 320.9, 'TY(O)': 298.6, 'Team': 'North Carolina'}, 'sagarin_away': {'fetched_at': '2025-11-23 01:49:37.608946+00:00', 'hfa': 3.67, 'page_stamp': 'COLLEGE FOOTBALL 2025 through results of 2025 NOVEMBER 15 SATURDAY - WEEK 12', 'pr': 65.42, 'pr_rank': 84, 'season': 2025, 'sos': 75.84, 'sos_rank': 17, 'source_url': 'http://sagarin.com/sports/cfsend.htm', 'team': 'Stanford', 'team_norm': 'Stanford', 'team_raw': 'Stanford', 'week': 11}, 'sagarin_home': {'fetched_at': '2025-11-23 01:49:37.608946+00:00', 'hfa': 3.67, 'page_stamp': 'COLLEGE FOOTBALL 2025 through results of 2025 NOVEMBER 15 SATURDAY - WEEK 12', 'pr': 67.43, 'pr_rank': 76, 'season': 2025, 'sos': 67.8, 'sos_rank': 67, 'source_url': 'http://sagarin.com/sports/cfsend.htm', 'team': 'North Carolina', 'team_norm': 'North Carolina', 'team_raw': 'North Carolina', 'week': 11}, 'schedule_row': {'away_team': 'Stanford', 'conference_game': True, 'home_team': 'North Carolina', 'id': 401754588, 'kickoff_iso_utc': '2025-11-08T21:30:00Z', 'season': 2025, 'venue': 'Kenan Stadium', 'week': 11}}",2025,,401754588,,,,11,20.0,15.0
1-0-0,20.9,62,38,35.5,82.66,22.0,230.1,272.4,15,64,103.1,168.2,71.19,51.0,6-2,Washington,Washington,0.5,28,41,333.2,440.6,AWAY,20251108_2130_washington_wisconsin,3.67,1-0-0,23.9,63,119,12.5,72.53,53.0,230.2,152.1,18,121,110.8,112.2,81.57,3.0,2-6,Wisconsin,Wisconsin,-0.9,30,132,341.0,264.4,False,2025-11-08T21:30:00Z,-455.0,345.0,williamhill_us,-10.13,,,,"{'league_metrics_away': {'ATS': None, 'PA': 20.9, 'PF': 35.5, 'PY(D)': 230.1, 'PY(O)': 272.4, 'R(D)_PY': 62, 'R(D)_RY': 15, 'R(D)_TY': 28, 'R(O)_PY': 38, 'R(O)_RY': 64, 'R(O)_TY': 41, 'RY(D)': 103.1, 'RY(O)': 168.2, 'SU': '6-2', 'TO': 0.5, 'TY(D)': 333.2, 'TY(O)': 440.6, 'Team': 'Washington'}, 'league_metrics_home': {'ATS': None, 'PA': 23.9, 'PF': 12.5, 'PY(D)': 230.2, 'PY(O)': 152.1, 'R(D)_PY': 63, 'R(D)_RY': 18, 'R(D)_TY': 30, 'R(O)_PY': 119, 'R(O)_RY': 121, 'R(O)_TY': 132, 'RY(D)': 110.8, 'RY(O)': 112.2, 'SU': '2-6', 'TO': -0.9, 'TY(D)': 341.0, 'TY(O)': 264.4, 'Team': 'Wisconsin'}, 'odds_row': {'source': 'staging', 'season': 2025, 'week': 11, 'markets': {'spreads': {'book': 'williamhill_us', 'fetch_ts': '2025-11-05T02:27:17Z', 'line': {'spread_home_relative': 11.5, 'favored_side': 'AWAY', 'spread_favored_team': -11.5, 'home_price': -110, 'away_price': -110, 'raw_outcomes': [{'name': 'Washington Huskies', 'token': 'washington', 'price': -110, 'point': -11.5}, {'name': 'Wisconsin Badgers', 'token': 'wisconsin', 'price': -110, 'point': 11.5}]}}, 'totals': {'book': 'williamhill_us', 'fetch_ts': '2025-11-05T02:27:17Z', 'line': {'total_points': 45.5, 'over_price': -115, 'under_price': -105, 'raw_outcomes': [{'name': 'Over', 'token': 'over', 'price': -115, 'point': 45.5}, {'name': 'Under', 'token': 'under', 'price': -105, 'point': 45.5}]}}, 'h2h': {'book': 'williamhill_us', 'fetch_ts': '2025-11-05T02:27:17Z', 'line': {'moneyline_home': 345, 'moneyline_away': -455, 'raw_outcomes': [{'name': 'Washington Huskies', 'token': 'washington', 'price': -455, 'point': None}, {'name': 'Wisconsin Badgers', 'token': 'wisconsin', 'price': 345, 'point': None}]}}}}, 'sagarin_away': {'fetched_at': '2025-11-23 01:49:37.608946+00:00', 'hfa': 3.67, 'page_stamp': 'COLLEGE FOOTBALL 2025 through results of 2025 NOVEMBER 15 SATURDAY - WEEK 12', 'pr': 82.66, 'pr_rank': 22, 'season': 2025, 'sos': 71.19, 'sos_rank': 51, 'source_url': 'http://sagarin.com/sports/cfsend.htm', 'team': 'Washington', 'team_norm': 'Washington', 'team_raw': 'Washington', 'week': 11}, 'sagarin_home': {'fetched_at': '2025-11-23 01:49:37.608946+00:00', 'hfa': 3.67, 'page_stamp': 'COLLEGE FOOTBALL 2025 through results of 2025 NOVEMBER 15 SATURDAY - WEEK 12', 'pr': 72.53, 'pr_rank': 53, 'season': 2025, 'sos': 81.57, 'sos_rank': 3, 'source_url': 'http://sagarin.com/sports/cfsend.htm', 'team': 'Wisconsin', 'team_norm': 'Wisconsin', 'team_raw': 'Wisconsin', 'week': 11}, 'schedule_row': {'away_team': 'Washington', 'conference_game': True, 'home_team': 'Wisconsin', 'id': 401752899, 'kickoff_iso_utc': '2025-11-08T21:30:00Z', 'season': 2025, 'venue': 'Camp Randall Stadium', 'week': 11}}",2025,2025-11-05T02:27:17Z,401752899,-11.5,11.5,45.5,11,13.0,10.0
,33.9,82,54,34.1,66.83,79.0,244.9,254.0,91,20,177.4,218.0,64.75,77.0,3-5,Texas State,Texas State,-1.0,92,25,422.2,472.0,,20251108_2200_texas_state_louisiana,3.67,0-1-0,29.3,52,114,24.3,61.6,95.0,201.0,155.4,125,29,196.0,185.3,62.45,89.0,3-6,Louisiana,Louisiana,-0.1,109,86,397.0,340.8,,2025-11-08T22:00:00Z,,,,-5.23,,,,"{'league_metrics_away': {'ATS': None, 'PA': 33.9, 'PF': 34.1, 'PY(D)': 244.9, 'PY(O)': 254.0, 'R(D)_PY': 82, 'R(D)_RY': 91, 'R(D)_TY': 92, 'R(O)_PY': 54, 'R(O)_RY': 20, 'R(O)_TY': 25, 'RY(D)': 177.4, 'RY(O)': 218.0, 'SU': '3-5', 'TO': -1.0, 'TY(D)': 422.2, 'TY(O)': 472.0, 'Team': 'Texas State'}, 'league_metrics_home': {'ATS': None, 'PA': 29.3, 'PF': 24.3, 'PY(D)': 201.0, 'PY(O)': 155.4, 'R(D)_PY': 52, 'R(D)_RY': 125, 'R(D)_TY': 109, 'R(O)_PY': 114, 'R(O)_RY': 29, 'R(O)_TY': 86, 'RY(D)': 196.0, 'RY(O)': 185.3, 'SU': '3-6', 'TO': -0.1, 'TY(D)': 397.0, 'TY(O)': 340.8, 'Team': 'Louisiana'}, 'sagarin_away': {'fetched_at': '2025-11-23 01:49:37.608946+00:00', 'hfa': 3.67, 'page_stamp': 'COLLEGE FOOTBALL 2025 through results of 2025 NOVEMBER 15 SATURDAY - WEEK 12', 'pr': 66.83, 'pr_rank': 79, 'season': 2025, 'sos': 64.75, 'sos_rank': 77, 'source_url': 'http://sagarin.com/sports/cfsend.htm', 'team': 'Texas State', 'team_norm': 'Texas State', 'team_raw': 'Texas State', 'week': 11}, 'sagarin_home': {'fetched_at': '2025-11-23 01:49:37.608946+00:00', 'hfa': 3.67, 'page_stamp': 'COLLEGE FOOTBALL 2025 through results of 2025 NOVEMBER 15 SATURDAY - WEEK 12', 'pr': 61.6, 'pr_rank': 95, 'season': 2025, 'sos': 62.45, 'sos_rank': 89, 'source_url': 'http://sagarin.com/sports/cfsend.htm', 'team': 'Louisiana-lafayette', 'team_norm': 'Louisiana-lafayette', 'team_raw': 'Louisiana-Lafayette', 'week': 11}, 'schedule_row': {'away_team': 'Texas State', 'conference_game': True, 'home_team': 'Louisiana', 'id': 401761648, 'kickoff_iso_utc': '2025-11-08T22:00:00Z', 'season': 2025, 'venue': 'Cajun Field', 'week': 11}}",2025,,401761648,,,,11,42.0,39.0
,35.1,121,105,33.9,60.82,100.0,281.5,185.0,94,4,180.6,270.1,63.59,82.0,2-6,Air Force,Air Force,-0.5,115,37,462.1,455.1,,20251108_2300_air_force_san_jos_state,3.67,,30.4,128,7,26.8,56.36,112.0,311.0,332.9,33,113,125.1,122.0,62.42,90.0,3-5,San José State,San José State,-0.1,100,38,436.1,454.9,,2025-11-08T23:00:00Z,,,,-4.46,,,,"{'league_metrics_away': {'ATS': None, 'PA': 35.1, 'PF': 33.9, 'PY(D)': 281.5, 'PY(O)': 185.0, 'R(D)_PY': 121, 'R(D)_RY': 94, 'R(D)_TY': 115, 'R(O)_PY': 105, 'R(O)_RY': 4, 'R(O)_TY': 37, 'RY(D)': 180.6, 'RY(O)': 270.1, 'SU': '2-6', 'TO': -0.5, 'TY(D)': 462.1, 'TY(O)': 455.1, 'Team': 'Air Force'}, 'league_metrics_home': {'ATS': None, 'PA': 30.4, 'PF': 26.8, 'PY(D)': 311.0, 'PY(O)': 332.9, 'R(D)_PY': 128, 'R(D)_RY': 33, 'R(D)_TY': 100, 'R(O)_PY': 7, 'R(O)_RY': 113, 'R(O)_TY': 38, 'RY(D)': 125.1, 'RY(O)': 122.0, 'SU': '3-5', 'TO': -0.1, 'TY(D)': 436.1, 'TY(O)': 454.9, 'Team': 'San José State'}, 'sagarin_away': {'fetched_at': '2025-11-23 01:49:37.608946+00:00', 'hfa': 3.67, 'page_stamp': 'COLLEGE FOOTBALL 2025 through results of 2025 NOVEMBER 15 SATURDAY - WEEK 12', 'pr': 60.82, 'pr_rank': 100, 'season': 2025, 'sos': 63.59, 'sos_rank': 82, 'source_url': 'http://sagarin.com/sports/cfsend.htm', 'team': 'Air Force', 'team_norm': 'Air Force', 'team_raw': 'Air Force', 'week': 11}, 'sagarin_home': {'fetched_at': '2025-11-23 01:49:37.608946+00:00', 'hfa': 3.67, 'page_stamp': 'COLLEGE FOOTBALL 2025 through results of 2025 NOVEMBER 15 SATURDAY - WEEK 12', 'pr': 56.36, 'pr_rank': 112, 'season': 2025, 'sos': 62.42, 'sos_rank': 90, 'source_url': 'http://sagarin.com/sports/cfsend.htm', 'team': 'San Jose State', 'team_norm': 'San Jose State', 'team_raw': 'San Jose State', 'week': 11}, 'schedule_row': {'away_team': 'Air Force', 'conference_game': True, 'home_team': 'San José State', 'id': 401760406, 'kickoff_iso_utc': '2025-11-08T23:00:00Z', 'season': 2025, 'venue': 'CEFCU Stadium', 'week': 11}}",2025,,401760406,,,,11,,
0-1-0,25.1,51,27,24.6,68.7,68.0,199.1,253.0,87,129,156.4,79.8,68.13,64.0,5-4,California,California,-0.1,71,90,355.6,332.8,HOME,20251109_0000_california_louisville,3.67,0-1-0,20.8,14,58,33.8,79.85,29.0,167.9,252.0,19,75,112.6,155.9,70.26,54.0,7-1,Louisville,Louisville,0.4,9,73,280.5,407.9,False,2025-11-09T00:00:00Z,800.0,-1400.0,williamhill_us,11.15,,,,"{'league_metrics_away': {'ATS': None, 'PA': 25.1, 'PF': 24.6, 'PY(D)': 199.1, 'PY(O)': 253.0, 'R(D)_PY': 51, 'R(D)_RY': 87, 'R(D)_TY': 71, 'R(O)_PY': 27, 'R(O)_RY': 129, 'R(O)_TY': 90, 'RY(D)': 156.4, 'RY(O)': 79.8, 'SU': '5-4', 'TO': -0.1, 'TY(D)': 355.6, 'TY(O)': 332.8, 'Team': 'California'}, 'league_metrics_home': {'ATS': None, 'PA': 20.8, 'PF': 33.8, 'PY(D)': 167.9, 'PY(O)': 252.0, 'R(D)_PY': 14, 'R(D)_RY': 19, 'R(D)_TY': 9, 'R(O)_PY': 58, 'R(O)_RY': 75, 'R(O)_TY': 73, 'RY(D)': 112.6, 'RY(O)': 155.9, 'SU': '7-1', 'TO': 0.4, 'TY(D)': 280.5, 'TY(O)': 407.9, 'Team': 'Louisville'}, 'odds_row': {'source': 'staging', 'season': 2025, 'week': 11, 'markets': {'spreads': {'book': 'williamhill_us', 'fetch_ts': '2025-11-05T02:27:17Z', 'line': {'spread_home_relative': -20.5, 'favored_side': 'HOME', 'spread_favored_team': -20.5, 'home_price': -110, 'away_price': -110, 'raw_outcomes': [{'name': 'California Golden Bears', 'token': 'california', 'price': -110, 'point': 20.5}, {'name': 'Louisville Cardinals', 'token': 'louisville', 'price': -110, 'point': -20.5}]}}, 'totals': {'book': 'williamhill_us', 'fetch_ts': '2025-11-05T02:27:17Z', 'line': {'total_points': 50.5, 'over_price': -110, 'under_price': -110, 'raw_outcomes': [{'name': 'Over', 'token': 'over', 'price': -110, 'point': 50.5}, {'name': 'Under', 'token': 'under', 'price': -110, 'point': 50.5}]}}, 'h2h': {'book': 'williamhill_us', 'fetch_ts': '2025-11-05T02:27:17Z', 'line': {'moneyline_home': -1400, 'moneyline_away': 800, 'raw_outcomes': [{'name': 'California Golden Bears', 'token': 'california', 'price': 800, 'point': None}, {'name': 'Louisville Cardinals', 'token': 'louisville', 'price': -1400, 'point': None}]}}}}, 'sagarin_away': {'fetched_at': '2025-11-23 01:49:37.608946+00:00', 'hfa': 3.67, 'page_stamp': 'COLLEGE FOOTBALL 2025 through results of 2025 NOVEMBER 15 SATURDAY - WEEK 12', 'pr': 68.7, 'pr_rank': 68, 'season': 2025, 'sos': 68.13, 'sos_rank': 64, 'source_url': 'http://sagarin.com/sports/cfsend.htm', 'team': 'California', 'team_norm': 'California', 'team_raw': 'California', 'week': 11}, 'sagarin_home': {'fetched_at': '2025-11-23 01:49:37.608946+00:00', 'hfa': 3.67, 'page_stamp': 'COLLEGE FOOTBALL 2025 through results of 2025 NOVEMBER 15 SATURDAY - WEEK 12', 'pr': 79.85, 'pr_rank': 29, 'season': 2025, 'sos': 70.26, 'sos_rank': 54, 'source_url': 'http://sagarin.com/sports/cfsend.htm', 'team': 'Louisville', 'team_norm': 'Louisville', 'team_raw': 'Louisville', 'week': 11}, 'schedule_row': {'away_team': 'California', 'conference_game': True, 'home_team': 'Louisville', 'id': 401754585, 'kickoff_iso_utc': '2025-11-09T00:00:00Z', 'season': 2025, 'venue': 'L&N Federal Credit Union Stadium', 'week': 11}}",2025,2025-11-05T02:27:17Z,401754585,-20.5,-20.5,50.5,11,26.0,29.0
,20.6,27,40,40.0,79.27,31.0,202.9,269.2,24,10,114.8,241.5,72.04,46.0,4-4,Florida State,Florida State,0.0,18,11,317.6,510.8,,20251109_0000_florida_state_clemson_tigers,3.67,,24.0,83,21,28.4,81.02,25.0,245.0,296.9,16,111,106.1,123.8,73.21,28.0,3-5,Clemson Tigers,Clemson,-0.6,37,57,350.9,420.6,,2025-11-09T00:00:00Z,,,,1.75,,,,"{'league_metrics_away': {'ATS': None, 'PA': 20.6, 'PF': 40.0, 'PY(D)': 202.9, 'PY(O)': 269.2, 'R(D)_PY': 27, 'R(D)_RY': 24, 'R(D)_TY': 18, 'R(O)_PY': 40, 'R(O)_RY': 10, 'R(O)_TY': 11, 'RY(D)': 114.8, 'RY(O)': 241.5, 'SU': '4-4', 'TO': 0.0, 'TY(D)': 317.6, 'TY(O)': 510.8, 'Team': 'Florida State'}, 'league_metrics_home': {'ATS': None, 'PA': 24.0, 'PF': 28.4, 'PY(D)': 245.0, 'PY(O)': 296.9, 'R(D)_PY': 83, 'R(D)_RY': 16, 'R(D)_TY': 37, 'R(O)_PY': 21, 'R(O)_RY': 111, 'R(O)_TY': 57, 'RY(D)': 106.1, 'RY(O)': 123.8, 'SU': '3-5', 'TO': -0.6, 'TY(D)': 350.9, 'TY(O)': 420.6, 'Team': 'Clemson Tigers'}, 'sagarin_away': {'fetched_at': '2025-11-23 01:49:37.608946+00:00', 'hfa': 3.67, 'page_stamp': 'COLLEGE FOOTBALL 2025 through results of 2025 NOVEMBER 15 SATURDAY - WEEK 12', 'pr': 79.27, 'pr_rank': 31, 'season': 2025, 'sos': 72.04, 'sos_rank': 46, 'source_url': 'http://sagarin.com/sports/cfsend.htm', 'team': 'Florida State', 'team_norm': 'Florida State', 'team_raw': 'Florida State', 'week': 11}, 'sagarin_home': {'fetched_at': '2025-11-23 01:49:37.608946+00:00', 'hfa': 3.67, 'page_stamp': 'COLLEGE FOOTBALL 2025 through results of 2025 NOVEMBER 15 SATURDAY - WEEK 12', 'pr': 81.02, 'pr_rank': 25, 'season': 2025, 'sos': 73.21, 'sos_rank': 28, 'source_url': 'http://sagarin.com/sports/cfsend.htm', 'team': 'Clemson Tigers', 'team_norm': 'Clemson Tigers', 'team_raw': 'Clemson', 'week': 11}, 'schedule_row': {'away_team': 'Florida State', 'conference_game': True, 'home_team': 'Clemson', 'id': 401754586, 'kickoff_iso_utc': '2025-11-09T00:00:00Z', 'season': 2025, 'venue': 'Memorial Stadium (Clemson, SC)', 'week': 11}}",2025,,401754586,,,,11,24.0,10.0
1-0-0,21.8,23,74,24.2,72.49,54.0,191.2,234.5,40,94,133.9,141.6,69.14,62.0,5-3,Wake Forest,Wake Forest,-0.4,22,88,325.1,376.1,,20251109_0000_wake_forest_virginia,3.67,0-1-0,22.2,103,29,36.4,77.9,36.0,231.8,252.3,35,22,113.6,188.6,69.49,58.0,8-1,Virginia,Virginia,1.0,65,14,345.3,440.9,,2025-11-09T00:00:00Z,,,,5.41,,,,"{'league_metrics_away': {'ATS': None, 'PA': 21.8, 'PF': 24.2, 'PY(D)': 191.2, 'PY(O)': 234.5, 'R(D)_PY': 23, 'R(D)_RY': 40, 'R(D)_TY': 22, 'R(O)_PY': 74, 'R(O)_RY': 94, 'R(O)_TY': 88, 'RY(D)': 133.9, 'RY(O)': 141.6, 'SU': '5-3', 'TO': -0.4, 'TY(D)': 325.1, 'TY(O)': 376.1, 'Team': 'Wake Forest'}, 'league_metrics_home': {'ATS': None, 'PA': 22.2, 'PF': 36.4, 'PY(D)': 231.8, 'PY(O)': 252.3, 'R(D)_PY': 103, 'R(D)_RY': 35, 'R(D)_TY': 65, 'R(O)_PY': 29, 'R(O)_RY': 22, 'R(O)_TY': 14, 'RY(D)': 113.6, 'RY(O)': 188.6, 'SU': '8-1', 'TO': 1.0, 'TY(D)': 345.3, 'TY(O)': 440.9, 'Team': 'Virginia'}, 'sagarin_away': {'fetched_at': '2025-11-23 01:49:37.608946+00:00', 'hfa': 3.67, 'page_stamp': 'COLLEGE FOOTBALL 2025 through results of 2025 NOVEMBER 15 SATURDAY - WEEK 12', 'pr': 72.49, 'pr_rank': 54, 'season': 2025, 'sos': 69.14, 'sos_rank': 62, 'source_url': 'http://sagarin.com/sports/cfsend.htm', 'team': 'Wake Forest', 'team_norm': 'Wake Forest', 'team_raw': 'Wake Forest', 'week': 11}, 'sagarin_home': {'fetched_at': '2025-11-23 01:49:37.608946+00:00', 'hfa': 3.67, 'page_stamp': 'COLLEGE FOOTBALL 2025 through results of 2025 NOVEMBER 15 SATURDAY - WEEK 12', 'pr': 77.9, 'pr_rank': 36, 'season': 2025, 'sos': 69.49, 'sos_rank': 58, 'source_url': 'http://sagarin.com/sports/cfsend.htm', 'team': 'Virginia', 'team_norm': 'Virginia', 'team_raw': 'Virginia', 'week': 11}, 'schedule_row': {'away_team': 'Wake Forest', 'conference_game': True, 'home_team': 'Virginia', 'id': 401754589, 'kickoff_iso_utc': '2025-11-09T00:00:00Z', 'season': 2025, 'venue': 'Scott Stadium', 'week': 11}}",2025,,401754589,,,,11,9.0,16.0
,20.5,47,81,22.1,78.91,33.0,220.2,226.2,29,107,121.6,126.5,82.86,1.0,3-5,Florida,Florida,-0.2,32,108,341.9,352.8,AWAY,20251109_0030_florida_kentucky,3.67,0-1-0,26.8,70,95,22.4,78.37,34.0,236.8,201.2,37,90,130.8,145.0,77.26,13.0,3-5,Kentucky,Kentucky,-0.6,48,112,367.5,346.2,False,2025-11-09T00:30:00Z,-165.0,140.0,williamhill_us,-0.54,,,,"{'league_metrics_away': {'ATS': None, 'PA': 20.5, 'PF': 22.1, 'PY(D)': 220.2, 'PY(O)': 226.2, 'R(D)_PY': 47, 'R(D)_RY': 29, 'R(D)_TY': 32, 'R(O)_PY': 81, 'R(O)_RY': 107, 'R(O)_TY': 108, 'RY(D)': 121.6, 'RY(O)': 126.5, 'SU': '3-5', 'TO': -0.2, 'TY(D)': 341.9, 'TY(O)': 352.8, 'Team': 'Florida'}, 'league_metrics_home': {'ATS': None, 'PA': 26.8, 'PF': 22.4, 'PY(D)': 236.8, 'PY(O)': 201.2, 'R(D)_PY': 70, 'R(D)_RY': 37, 'R(D)_TY': 48, 'R(O)_PY': 95, 'R(O)_RY': 90, 'R(O)_TY': 112, 'RY(D)': 130.8, 'RY(O)': 145.0, 'SU': '3-5', 'TO': -0.6, 'TY(D)': 367.5, 'TY(O)': 346.2, 'Team': 'Kentucky'}, 'odds_row': {'source': 'staging', 'season': 2025, 'week': 11, 'markets': {'spreads': {'book': 'williamhill_us', 'fetch_ts': '2025-11-05T02:27:17Z', 'line': {'spread_home_relative': 3.0, 'favored_side': 'AWAY', 'spread_favored_team': -3.0, 'home_price': -105, 'away_price': -115, 'raw_outcomes': [{'name': 'Florida Gators', 'token': 'florida', 'price': -115, 'point': -3.0}, {'name': 'Kentucky Wildcats', 'token': 'kentucky', 'price': -105, 'point': 3.0}]}}, 'totals': {'book': 'williamhill_us', 'fetch_ts': '2025-11-05T02:27:17Z', 'line': {'total_points': 43.5, 'over_price': -110, 'under_price': -110, 'raw_outcomes': [{'name': 'Over', 'token': 'over', 'price': -110, 'point': 43.5}, {'name': 'Under', 'token': 'under', 'price': -110, 'point': 43.5}]}}, 'h2h': {'book': 'williamhill_us', 'fetch_ts': '2025-11-05T02:27:17Z', 'line': {'moneyline_home': 140, 'moneyline_away': -165, 'raw_outcomes': [{'name': 'Florida Gators', 'token': 'florida', 'price': -165, 'point': None}, {'name': 'Kentucky Wildcats', 'token': 'kentucky', 'price': 140, 'point': None}]}}}}, 'sagarin_away': {'fetched_at': '2025-11-23 01:49:37.608946+00:00', 'hfa': 3.67, 'page_stamp': 'COLLEGE FOOTBALL 2025 through results of 2025 NOVEMBER 15 SATURDAY - WEEK 12', 'pr': 78.91, 'pr_rank': 33, 'season': 2025, 'sos': 82.86, 'sos_rank': 1, 'source_url': 'http://sagarin.com/sports/cfsend.htm', 'team': 'Florida', 'team_norm': 'Florida', 'team_raw': 'Florida', 'week': 11}, 'sagarin_home': {'fetched_at': '2025-11-23 01:49:37.608946+00:00', 'hfa': 3.67, 'page_stamp': 'COLLEGE FOOTBALL 2025 through results of 2025 NOVEMBER 15 SATURDAY - WEEK 12', 'pr': 78.37, 'pr_rank': 34, 'season': 2025, 'sos': 77.26, 'sos_rank': 13, 'source_url': 'http://sagarin.com/sports/cfsend.htm', 'team': 'Kentucky', 'team_norm': 'Kentucky', 'team_raw': 'Kentucky', 'week': 11}, 'schedule_row': {'away_team': 'Florida', 'conference_game': True, 'home_team': 'Kentucky', 'id': 401752760, 'kickoff_iso_utc': '2025-11-09T00:30:00Z', 'season': 2025, 'venue': 'Kroger Field', 'week': 11}}",2025,2025-11-05T02:27:17Z,401752760,-3.0,3.0,43.5,11,38.0,7.0
0-1-0,18.9,22,61,25.5,83.47,18.0,191.1,249.2,41,123,135.4,107.5,79.34,6.0,5-3,Lsu,LSU,0.5,24,105,326.5,356.5,,20251109_0030_lsu_alabama_crimson_tide,3.67,0-1-0,18.2,10,23,34.4,90.41,7.0,163.6,291.6,58,116,149.2,119.0,80.37,4.0,7-1,Alabama Crimson Tide,Alabama,1.1,17,69,312.9,410.6,,2025-11-09T00:30:00Z,,,,6.94,,,,"{'league_metrics_away': {'ATS': None, 'PA': 18.9, 'PF': 25.5, 'PY(D)': 191.1, 'PY(O)': 249.2, 'R(D)_PY': 22, 'R(D)_RY': 41, 'R(D)_TY': 24, 'R(O)_PY': 61, 'R(O)_RY': 123, 'R(O)_TY': 105, 'RY(D)': 135.4, 'RY(O)': 107.5, 'SU': '5-3', 'TO': 0.5, 'TY(D)': 326.5, 'TY(O)': 356.5, 'Team': 'Lsu'}, 'league_metrics_home': {'ATS': None, 'PA': 18.2, 'PF': 34.4, 'PY(D)': 163.6, 'PY(O)': 291.6, 'R(D)_PY': 10, 'R(D)_RY': 58, 'R(D)_TY': 17, 'R(O)_PY': 23, 'R(O)_RY': 116, 'R(O)_TY': 69, 'RY(D)': 149.2, 'RY(O)': 119.0, 'SU': '7-1', 'TO': 1.1, 'TY(D)': 312.9, 'TY(O)': 410.6, 'Team': 'Alabama Crimson Tide'}, 'sagarin_away': {'fetched_at': '2025-11-23 01:49:37.608946+00:00', 'hfa': 3.67, 'page_stamp': 'COLLEGE FOOTBALL 2025 through results of 2025 NOVEMBER 15 SATURDAY - WEEK 12', 'pr': 83.47, 'pr_rank': 18, 'season': 2025, 'sos': 79.34, 'sos_rank': 6, 'source_url': 'http://sagarin.com/sports/cfsend.htm', 'team': 'Lsu', 'team_norm': 'Lsu', 'team_raw': 'LSU', 'week': 11}, 'sagarin_home': {'fetched_at': '2025-11-23 01:49:37.608946+00:00', 'hfa': 3.67, 'page_stamp': 'COLLEGE FOOTBALL 2025 through results of 2025 NOVEMBER 15 SATURDAY - WEEK 12', 'pr': 90.41, 'pr_rank': 7, 'season': 2025, 'sos': 80.37, 'sos_rank': 4, 'source_url': 'http://sagarin.com/sports/cfsend.htm', 'team': 'Alabama Crimson Tide', 'team_norm': 'Alabama Crimson Tide', 'team_raw': 'Alabama', 'week': 11}, 'schedule_row': {'away_team': 'LSU', 'conference_game': True, 'home_team': 'Alabama', 'id': 401752759, 'kickoff_iso_utc': '2025-11-09T00:30:00Z', 'season': 2025, 'venue': 'Bryant-Denny Stadium', 'week': 11}}",2025,,401752759,,,,11,20.0,9.0
,24.0,92,121,34.8,67.53,74.0,253.8,149.0,34,1,126.5,318.0,59.91,119.0,7-1,Navy,Navy,0.1,57,26,380.2,467.0,,20251109_0030_navy_notre_dame_fighting_irish,3.67,,19.9,100,36,37.4,93.1,4.0,258.6,274.0,8,40,90.2,189.1,75.34,20.0,6-2,Notre Dame Fighting Irish,Notre Dame,1.2,36,29,348.9,463.1,,2025-11-09T00:30:00Z,,,,25.57,,,,"{'league_metrics_away': {'ATS': None, 'PA': 24.0, 'PF': 34.8, 'PY(D)': 253.8, 'PY(O)': 149.0, 'R(D)_PY': 92, 'R(D)_RY': 34, 'R(D)_TY': 57, 'R(O)_PY': 121, 'R(O)_RY': 1, 'R(O)_TY': 26, 'RY(D)': 126.5, 'RY(O)': 318.0, 'SU': '7-1', 'TO': 0.1, 'TY(D)': 380.2, 'TY(O)': 467.0, 'Team': 'Navy'}, 'league_metrics_home': {'ATS': None, 'PA': 19.9, 'PF': 37.4, 'PY(D)': 258.6, 'PY(O)': 274.0, 'R(D)_PY': 100, 'R(D)_RY': 8, 'R(D)_TY': 36, 'R(O)_PY': 36, 'R(O)_RY': 40, 'R(O)_TY': 29, 'RY(D)': 90.2, 'RY(O)': 189.1, 'SU': '6-2', 'TO': 1.2, 'TY(D)': 348.9, 'TY(O)': 463.1, 'Team': 'Notre Dame Fighting Irish'}, 'sagarin_away': {'fetched_at': '2025-11-23 01:49:37.608946+00:00', 'hfa': 3.67, 'page_stamp': 'COLLEGE FOOTBALL 2025 through results of 2025 NOVEMBER 15 SATURDAY - WEEK 12', 'pr': 67.53, 'pr_rank': 74, 'season': 2025, 'sos': 59.91, 'sos_rank': 119, 'source_url': 'http://sagarin.com/sports/cfsend.htm', 'team': 'Navy', 'team_norm': 'Navy', 'team_raw': 'Navy', 'week': 11}, 'sagarin_home': {'fetched_at': '2025-11-23 01:49:37.608946+00:00', 'hfa': 3.67, 'page_stamp': 'COLLEGE FOOTBALL 2025 through results of 2025 NOVEMBER 15 SATURDAY - WEEK 12', 'pr': 93.1, 'pr_rank': 4, 'season': 2025, 'sos': 75.34, 'sos_rank': 20, 'source_url': 'http://sagarin.com/sports/cfsend.htm', 'team': 'Notre Dame Fighting Irish', 'team_norm': 'Notre Dame Fighting Irish', 'team_raw': 'Notre Dame', 'week': 11}, 'schedule_row': {'away_team': 'Navy', 'conference_game': False, 'home_team': 'Notre Dame', 'id': 401757166, 'kickoff_iso_utc': '2025-11-09T00:30:00Z', 'season': 2025, 'venue': 'Notre Dame Stadium', 'week': 11}}",2025,,401757166,,,,11,49.0,10.0
1-0-0,27.5,39,118,14.0,54.08,121.0,212.2,155.4,63,98,155.0,139.9,63.77,80.0,1-7,Nevada,Nevada,-1.6,47,128,367.2,295.2,,20251109_0030_nevada_utah_state,3.67,0-1-0,31.8,99,57,31.5,63.45,89.0,258.2,252.9,100,68,186.5,160.9,62.65,87.0,4-4,Utah State,Utah State,0.1,105,66,444.8,413.8,,2025-11-09T00:30:00Z,,,,9.37,,,,"{'league_metrics_away': {'ATS': None, 'PA': 27.5, 'PF': 14.0, 'PY(D)': 212.2, 'PY(O)': 155.4, 'R(D)_PY': 39, 'R(D)_RY': 63, 'R(D)_TY': 47, 'R(O)_PY': 118, 'R(O)_RY': 98, 'R(O)_TY': 128, 'RY(D)': 155.0, 'RY(O)': 139.9, 'SU': '1-7', 'TO': -1.6, 'TY(D)': 367.2, 'TY(O)': 295.2, 'Team': 'Nevada'}, 'league_metrics_home': {'ATS': None, 'PA': 31.8, 'PF': 31.5, 'PY(D)': 258.2, 'PY(O)': 252.9, 'R(D)_PY': 99, 'R(D)_RY': 100, 'R(D)_TY': 105, 'R(O)_PY': 57, 'R(O)_RY': 68, 'R(O)_TY': 66, 'RY(D)': 186.5, 'RY(O)': 160.9, 'SU': '4-4', 'TO': 0.1, 'TY(D)': 444.8, 'TY(O)': 413.8, 'Team': 'Utah State'}, 'sagarin_away': {'fetched_at': '2025-11-23 01:49:37.608946+00:00', 'hfa': 3.67, 'page_stamp': 'COLLEGE FOOTBALL 2025 through results of 2025 NOVEMBER 15 SATURDAY - WEEK 12', 'pr': 54.08, 'pr_rank': 121, 'season': 2025, 'sos': 63.77, 'sos_rank': 80, 'source_url': 'http://sagarin.com/sports/cfsend.htm', 'team': 'Nevada', 'team_norm': 'Nevada', 'team_raw': 'Nevada', 'week': 11}, 'sagarin_home': {'fetched_at': '2025-11-23 01:49:37.608946+00:00', 'hfa': 3.67, 'page_stamp': 'COLLEGE FOOTBALL 2025 through results of 2025 NOVEMBER 15 SATURDAY - WEEK 12', 'pr': 63.45, 'pr_rank': 89, 'season': 2025, 'sos': 62.65, 'sos_rank': 87, 'source_url': 'http://sagarin.com/sports/cfsend.htm', 'team': 'Utah State', 'team_norm': 'Utah State', 'team_raw': 'Utah State', 'week': 11}, 'schedule_row': {'away_team': 'Nevada', 'conference_game': True, 'home_team': 'Utah State', 'id': 401760409, 'kickoff_iso_utc': '2025-11-09T00:30:00Z', 'season': 2025, 'venue': 'Maverik Stadium', 'week': 11}}",2025,,401760409,,,,11,51.0,14.0
0-1-0,19.8,4,27,33.0,77.24,37.0,128.3,253.0,97,76,163.8,138.1,69.18,61.0,6-3,Nebraska,Nebraska,0.3,27,42,292.1,391.1,HOME,20251109_0200_nebraska_ucla,3.67,0-1-0,31.0,18,106,20.4,68.96,65.0,183.1,183.5,110,69,195.9,160.6,77.1,15.0,3-5,Ucla,UCLA,-0.2,55,114,379.0,344.1,False,2025-11-09T02:00:00Z,105.0,-125.0,williamhill_us,-8.28,,,,"{'league_metrics_away': {'ATS': None, 'PA': 19.8, 'PF': 33.0, 'PY(D)': 128.3, 'PY(O)': 253.0, 'R(D)_PY': 4, 'R(D)_RY': 97, 'R(D)_TY': 27, 'R(O)_PY': 27, 'R(O)_RY': 76, 'R(O)_TY': 42, 'RY(D)': 163.8, 'RY(O)': 138.1, 'SU': '6-3', 'TO': 0.3, 'TY(D)': 292.1, 'TY(O)': 391.1, 'Team': 'Nebraska'}, 'league_metrics_home': {'ATS': None, 'PA': 31.0, 'PF': 20.4, 'PY(D)': 183.1, 'PY(O)': 183.5, 'R(D)_PY': 18, 'R(D)_RY': 110, 'R(D)_TY': 55, 'R(O)_PY': 106, 'R(O)_RY': 69, 'R(O)_TY': 114, 'RY(D)': 195.9, 'RY(O)': 160.6, 'SU': '3-5', 'TO': -0.2, 'TY(D)': 379.0, 'TY(O)': 344.1, 'Team': 'Ucla'}, 'odds_row': {'source': 'staging', 'season': 2025, 'week': 11, 'markets': {'spreads': {'book': 'williamhill_us', 'fetch_ts': '2025-11-05T02:27:17Z', 'line': {'spread_home_relative': -1.5, 'favored_side': 'HOME', 'spread_favored_team': -1.5, 'home_price': -110, 'away_price': -110, 'raw_outcomes': [{'name': 'Nebraska Cornhuskers', 'token': 'nebraska', 'price': -110, 'point': 1.5}, {'name': 'UCLA Bruins', 'token': 'ucla', 'price': -110, 'point': -1.5}]}}, 'totals': {'book': 'williamhill_us', 'fetch_ts': '2025-11-05T02:27:17Z', 'line': {'total_points': 43.5, 'over_price': -110, 'under_price': -110, 'raw_outcomes': [{'name': 'Over', 'token': 'over', 'price': -110, 'point': 43.5}, {'name': 'Under', 'token': 'under', 'price': -110, 'point': 43.5}]}}, 'h2h': {'book': 'williamhill_us', 'fetch_ts': '2025-11-05T02:27:17Z', 'line': {'moneyline_home': -125, 'moneyline_away': 105, 'raw_outcomes': [{'name': 'Nebraska Cornhuskers', 'token': 'nebraska', 'price': 105, 'point': None}, {'name': 'UCLA Bruins', 'token': 'ucla', 'price': -125, 'point': None}]}}}}, 'sagarin_away': {'fetched_at': '2025-11-23 01:49:37.608946+00:00', 'hfa': 3.67, 'page_stamp': 'COLLEGE FOOTBALL 2025 through results of 2025 NOVEMBER 15 SATURDAY - WEEK 12', 'pr': 77.24, 'pr_rank': 37, 'season': 2025, 'sos': 69.18, 'sos_rank': 61, 'source_url': 'http://sagarin.com/sports/cfsend.htm', 'team': 'Nebraska', 'team_norm': 'Nebraska', 'team_raw': 'Nebraska', 'week': 11}, 'sagarin_home': {'fetched_at': '2025-11-23 01:49:37.608946+00:00', 'hfa': 3.67, 'page_stamp': 'COLLEGE FOOTBALL 2025 through results of 2025 NOVEMBER 15 SATURDAY - WEEK 12', 'pr': 68.96, 'pr_rank': 65, 'season': 2025, 'sos': 77.1, 'sos_rank': 15, 'source_url': 'http://sagarin.com/sports/cfsend.htm', 'team': 'Ucla', 'team_norm': 'Ucla', 'team_raw': 'UCLA', 'week': 11}, 'schedule_row': {'away_team': 'Nebraska', 'conference_game': True, 'home_team': 'UCLA', 'id': 401752895, 'kickoff_iso_utc': '2025-11-09T02:00:00Z', 'season': 2025, 'venue': 'Rose Bowl', 'week': 11}}",2025,2025-11-05T02:27:17Z,401752895,-1.5,-1.5,43.5,11,21.0,28.0
,34.2,116,51,36.9,67.26,77.0,274.5,256.6,108,37,195.5,194.1,60.36,115.0,6-2,Unlv,UNLV,1.0,118,39,470.0,450.8,,20251109_0230_unlv_colorado_state,3.67,0-1-0,27.1,55,103,19.1,55.78,116.0,227.2,187.5,92,95,177.9,141.5,64.86,75.0,2-6,Colorado State,Colorado State,-0.1,77,119,405.1,329.0,,2025-11-09T02:30:00Z,,,,-11.48,,,,"{'league_metrics_away': {'ATS': None, 'PA': 34.2, 'PF': 36.9, 'PY(D)': 274.5, 'PY(O)': 256.6, 'R(D)_PY': 116, 'R(D)_RY': 108, 'R(D)_TY': 118, 'R(O)_PY': 51, 'R(O)_RY': 37, 'R(O)_TY': 39, 'RY(D)': 195.5, 'RY(O)': 194.1, 'SU': '6-2', 'TO': 1.0, 'TY(D)': 470.0, 'TY(O)': 450.8, 'Team': 'Unlv'}, 'league_metrics_home': {'ATS': None, 'PA': 27.1, 'PF': 19.1, 'PY(D)': 227.2, 'PY(O)': 187.5, 'R(D)_PY': 55, 'R(D)_RY': 92, 'R(D)_TY': 77, 'R(O)_PY': 103, 'R(O)_RY': 95, 'R(O)_TY': 119, 'RY(D)': 177.9, 'RY(O)': 141.5, 'SU': '2-6', 'TO': -0.1, 'TY(D)': 405.1, 'TY(O)': 329.0, 'Team': 'Colorado State'}, 'sagarin_away': {'fetched_at': '2025-11-23 01:49:37.608946+00:00', 'hfa': 3.67, 'page_stamp': 'COLLEGE FOOTBALL 2025 through results of 2025 NOVEMBER 15 SATURDAY - WEEK 12', 'pr': 67.26, 'pr_rank': 77, 'season': 2025, 'sos': 60.36, 'sos_rank': 115, 'source_url': 'http://sagarin.com/sports/cfsend.htm', 'team': 'Unlv', 'team_norm': 'Unlv', 'team_raw': 'UNLV', 'week': 11}, 'sagarin_home': {'fetched_at': '2025-11-23 01:49:37.608946+00:00', 'hfa': 3.67, 'page_stamp': 'COLLEGE FOOTBALL 2025 through results of 2025 NOVEMBER 15 SATURDAY - WEEK 12', 'pr': 55.78, 'pr_rank': 116, 'season': 2025, 'sos': 64.86, 'sos_rank': 75, 'source_url': 'http://sagarin.com/sports/cfsend.htm', 'team': 'Colorado State', 'team_norm': 'Colorado State', 'team_raw': 'Colorado State', 'week': 11}, 'schedule_row': {'away_team': 'UNLV', 'conference_game': True, 'home_team': 'Colorado State', 'id': 401760407, 'kickoff_iso_utc': '2025-11-09T02:30:00Z', 'season': 2025, 'venue': 'Canvas Stadium', 'week': 11}}",2025,,401760407,,,,11,10.0,42.0
,40.9,109,107,16.6,47.08,132.0,266.0,183.2,122,99,214.0,138.5,61.41,105.0,0-8,Sam Houston,Sam Houston,0.1,124,123,480.0,321.8,,20251109_0300_sam_houston_oregon_state,3.67,,29.9,118,67,19.9,56.68,111.0,245.8,215.3,80,81,151.8,136.7,64.87,74.0,2-7,Oregon State,Oregon State,-0.8,110,79,397.6,352.0,,2025-11-09T03:00:00Z,,,,9.6,,,,"{'league_metrics_away': {'ATS': None, 'PA': 40.9, 'PF': 16.6, 'PY(D)': 266.0, 'PY(O)': 183.2, 'R(D)_PY': 109, 'R(D)_RY': 122, 'R(D)_TY': 124, 'R(O)_PY': 107, 'R(O)_RY': 99, 'R(O)_TY': 123, 'RY(D)': 214.0, 'RY(O)': 138.5, 'SU': '0-8', 'TO': 0.1, 'TY(D)': 480.0, 'TY(O)': 321.8, 'Team': 'Sam Houston'}, 'league_metrics_home': {'ATS': None, 'PA': 29.9, 'PF': 19.9, 'PY(D)': 245.8, 'PY(O)': 215.3, 'R(D)_PY': 118, 'R(D)_RY': 80, 'R(D)_TY': 110, 'R(O)_PY': 67, 'R(O)_RY': 81, 'R(O)_TY': 79, 'RY(D)': 151.8, 'RY(O)': 136.7, 'SU': '2-7', 'TO': -0.8, 'TY(D)': 397.6, 'TY(O)': 352.0, 'Team': 'Oregon State'}, 'sagarin_away': {'fetched_at': '2025-11-23 01:49:37.608946+00:00', 'hfa': 3.67, 'page_stamp': 'COLLEGE FOOTBALL 2025 through results of 2025 NOVEMBER 15 SATURDAY - WEEK 12', 'pr': 47.08, 'pr_rank': 132, 'season': 2025, 'sos': 61.41, 'sos_rank': 105, 'source_url': 'http://sagarin.com/sports/cfsend.htm', 'team': 'Sam Houston State', 'team_norm': 'Sam Houston State', 'team_raw': 'Sam Houston State', 'week': 11}, 'sagarin_home': {'fetched_at': '2025-11-23 01:49:37.608946+00:00', 'hfa': 3.67, 'page_stamp': 'COLLEGE FOOTBALL 2025 through results of 2025 NOVEMBER 15 SATURDAY - WEEK 12', 'pr': 56.68, 'pr_rank': 111, 'season': 2025, 'sos': 64.87, 'sos_rank': 74, 'source_url': 'http://sagarin.com/sports/cfsend.htm', 'team': 'Oregon State', 'team_norm': 'Oregon State', 'team_raw': 'Oregon State', 'week': 11}, 'schedule_row': {'away_team': 'Sam Houston', 'conference_game': False, 'home_team': 'Oregon State', 'id': 401752944, 'kickoff_iso_utc': '2025-11-09T03:00:00Z', 'season': 2025, 'venue': 'Reser Stadium', 'week': 11}}",2025,,401752944,,,,11,17.0,21.0
,10.0,8,108,28.9,68.84,67.0,155.6,181.9,10,42,91.5,186.0,61.76,97.0,7-1,San Diego State,San Diego State,0.8,6,98,247.1,366.5,,20251109_0400_san_diego_state_hawai_i,3.67,,25.7,91,3,29.7,67.49,75.0,225.4,307.6,59,117,133.1,104.7,59.76,120.0,6-3,Hawai'i,Hawai'i,-0.7,75,28,358.6,412.2,,2025-11-09T04:00:00Z,,,,-1.35,,,,"{'league_metrics_away': {'ATS': None, 'PA': 10.0, 'PF': 28.9, 'PY(D)': 155.6, 'PY(O)': 181.9, 'R(D)_PY': 8, 'R(D)_RY': 10, 'R(D)_TY': 6, 'R(O)_PY': 108, 'R(O)_RY': 42, 'R(O)_TY': 98, 'RY(D)': 91.5, 'RY(O)': 186.0, 'SU': '7-1', 'TO': 0.8, 'TY(D)': 247.1, 'TY(O)': 366.5, 'Team': 'San Diego State'}, 'league_metrics_home': {'ATS': None, 'PA': 25.7, 'PF': 29.7, 'PY(D)': 225.4, 'PY(O)': 307.6, 'R(D)_PY': 91, 'R(D)_RY': 59, 'R(D)_TY': 75, 'R(O)_PY': 3, 'R(O)_RY': 117, 'R(O)_TY': 28, 'RY(D)': 133.1, 'RY(O)': 104.7, 'SU': '6-3', 'TO': -0.7, 'TY(D)': 358.6, 'TY(O)': 412.2, 'Team': ""Hawai'i""}, 'sagarin_away': {'fetched_at': '2025-11-23 01:49:37.608946+00:00', 'hfa': 3.67, 'page_stamp': 'COLLEGE FOOTBALL 2025 through results of 2025 NOVEMBER 15 SATURDAY - WEEK 12', 'pr': 68.84, 'pr_rank': 67, 'season': 2025, 'sos': 61.76, 'sos_rank': 97, 'source_url': 'http://sagarin.com/sports/cfsend.htm', 'team': 'San Diego State', 'team_norm': 'San Diego State', 'team_raw': 'San Diego State', 'week': 11}, 'sagarin_home': {'fetched_at': '2025-11-23 01:49:37.608946+00:00', 'hfa': 3.67, 'page_stamp': 'COLLEGE FOOTBALL 2025 through results of 2025 NOVEMBER 15 SATURDAY - WEEK 12', 'pr': 67.49, 'pr_rank': 75, 'season': 2025, 'sos': 59.76, 'sos_rank': 120, 'source_url': 'http://sagarin.com/sports/cfsend.htm', 'team': ""Hawai'i"", 'team_norm': ""Hawai'i"", 'team_raw': ""Hawai'i"", 'week': 11}, 'schedule_row': {'away_team': 'San Diego State', 'conference_game': True, 'home_team': ""Hawai'i"", 'id': 401760408, 'kickoff_iso_utc': '2025-11-09T04:00:00Z', 'season': 2025, 'venue': 'Clarence T.C. Ching Athletics Complex', 'week': 11}}",2025,,401760408,,,,11,38.0,6.0
