away_ats,away_pa_pg,away_pass_def_rank,away_pass_rank,away_pf_pg,away_pr,away_pr_rank,away_py_allowed_pg,away_py_pg,away_rush_def_rank,away_rush_rank,away_ry_allowed_pg,away_ry_pg,away_sos,away_sos_rank,away_su,away_team_norm,away_team_raw,away_to_margin_pg,away_tot_def_rank,away_tot_off_rank,away_ty_allowed_pg,away_ty_pg,favored_side,game_key,hfa,home_ats,home_pa_pg,home_pass_def_rank,home_pass_rank,home_pf_pg,home_pr,home_pr_rank,home_py_allowed_pg,home_py_pg,home_rush_def_rank,home_rush_rank,home_ry_allowed_pg,home_ry_pg,home_sos,home_sos_rank,home_su,home_team_norm,home_team_raw,home_to_margin_pg,home_tot_def_rank,home_tot_off_rank,home_ty_allowed_pg,home_ty_pg,is_closing,kickoff_iso_utc,moneyline_away,moneyline_home,odds_source,rating_diff,rating_diff_favored_team,rating_vs_odds,rating_vs_odds_favored_team,raw_sources,season,snapshot_at,source_uid,spread_favored_team,spread_home_relative,total,week
,25.2,40,120,18.3,52.55,122.0,199.7,153.4,64,79,147.4,144.4,59.64,116.0,3-8,Bowling Green,Bowling Green,0.1,46,126,347.1,297.7,,20251125_2130_bowling_green_massachusetts,3.43,,38.0,64,116,10.8,36.56,134.0,220.2,159.8,130,130,217.0,83.6,59.23,120.0,0-11,Massachusetts,Massachusetts,-0.5,125,132,437.2,243.5,,2025-11-25T21:30:00Z,,,,-15.99,,,,"{'league_metrics_away': {'ATS': None, 'PA': 25.2, 'PF': 18.3, 'PY(D)': 199.7, 'PY(O)': 153.4, 'R(D)_PY': 40, 'R(D)_RY': 64, 'R(D)_TY': 46, 'R(O)_PY': 120, 'R(O)_RY': 79, 'R(O)_TY': 126, 'RY(D)': 147.4, 'RY(O)': 144.4, 'SU': '3-8', 'TO': 0.1, 'TY(D)': 347.1, 'TY(O)': 297.7, 'Team': 'Bowling Green'}, 'league_metrics_home': {'ATS': None, 'PA': 38.0, 'PF': 10.8, 'PY(D)': 220.2, 'PY(O)': 159.8, 'R(D)_PY': 64, 'R(D)_RY': 130, 'R(D)_TY': 125, 'R(O)_PY': 116, 'R(O)_RY': 130, 'R(O)_TY': 132, 'RY(D)': 217.0, 'RY(O)': 83.6, 'SU': '0-11', 'TO': -0.5, 'TY(D)': 437.2, 'TY(O)': 243.5, 'Team': 'Massachusetts'}, 'sagarin_away': {'fetched_at': '2025-11-30 10:26:19.853969+00:00', 'hfa': 3.43, 'page_stamp': 'COLLEGE FOOTBALL 2025 through results of 2025 NOVEMBER 22 SATURDAY - WEEK 13', 'pr': 52.55, 'pr_rank': 122, 'season': 2025, 'sos': 59.64, 'sos_rank': 116, 'source_url': 'http://sagarin.com/sports/cfsend.htm', 'team': 'Bowling Green', 'team_norm': 'Bowling Green', 'team_raw': 'Bowling Green', 'week': 14}, 'sagarin_home': {'fetched_at': '2025-11-30 10:26:19.853969+00:00', 'hfa': 3.43, 'page_stamp': 'COLLEGE FOOTBALL 2025 through results of 2025 NOVEMBER 22 SATURDAY - WEEK 13', 'pr': 36.56, 'pr_rank': 134, 'season': 2025, 'sos': 59.23, 'sos_rank': 120, 'source_url': 'http://sagarin.com/sports/cfsend.htm', 'team': 'Massachusetts', 'team_norm': 'Massachusetts', 'team_raw': 'Massachusetts', 'week': 14}, 'schedule_row': {'away_team': 'Bowling Green', 'conference_game': True, 'home_team': 'Massachusetts', 'id': 401762868, 'kickoff_iso_utc': '2025-11-25T21:30:00Z', 'season': 2025, 'venue': 'Warren McGuirk Alumni Stadium', 'week': 14}}",2025,,401762868,,,,14
,18.5,8,124,23.0,65.11,81.0,162.2,146.2,35,36,125.6,181.5,62.18,92.0,7-4,Western Michigan,Western Michigan,0.1,13,109,287.8,327.6,,20251126_0030_western_michigan_eastern_michigan,3.43,,29.6,28,68,24.4,55.78,115.0,190.9,226.4,132,81,226.5,143.5,59.16,121.0,4-7,Eastern Michigan,Eastern Michigan,0.0,112,83,417.5,369.9,,2025-11-26T00:30:00Z,,,,-9.33,,,,"{'league_metrics_away': {'ATS': None, 'PA': 18.5, 'PF': 23.0, 'PY(D)': 162.2, 'PY(O)': 146.2, 'R(D)_PY': 8, 'R(D)_RY': 35, 'R(D)_TY': 13, 'R(O)_PY': 124, 'R(O)_RY': 36, 'R(O)_TY': 109, 'RY(D)': 125.6, 'RY(O)': 181.5, 'SU': '7-4', 'TO': 0.1, 'TY(D)': 287.8, 'TY(O)': 327.6, 'Team': 'Western Michigan'}, 'league_metrics_home': {'ATS': None, 'PA': 29.6, 'PF': 24.4, 'PY(D)': 190.9, 'PY(O)': 226.4, 'R(D)_PY': 28, 'R(D)_RY': 132, 'R(D)_TY': 112, 'R(O)_PY': 68, 'R(O)_RY': 81, 'R(O)_TY': 83, 'RY(D)': 226.5, 'RY(O)': 143.5, 'SU': '4-7', 'TO': 0.0, 'TY(D)': 417.5, 'TY(O)': 369.9, 'Team': 'Eastern Michigan'}, 'sagarin_away': {'fetched_at': '2025-11-30 10:26:19.853969+00:00', 'hfa': 3.43, 'page_stamp': 'COLLEGE FOOTBALL 2025 through results of 2025 NOVEMBER 22 SATURDAY - WEEK 13', 'pr': 65.11, 'pr_rank': 81, 'season': 2025, 'sos': 62.18, 'sos_rank': 92, 'source_url': 'http://sagarin.com/sports/cfsend.htm', 'team': 'Western Michigan', 'team_norm': 'Western Michigan', 'team_raw': 'Western Michigan', 'week': 14}, 'sagarin_home': {'fetched_at': '2025-11-30 10:26:19.853969+00:00', 'hfa': 3.43, 'page_stamp': 'COLLEGE FOOTBALL 2025 through results of 2025 NOVEMBER 22 SATURDAY - WEEK 13', 'pr': 55.78, 'pr_rank': 115, 'season': 2025, 'sos': 59.16, 'sos_rank': 121, 'source_url': 'http://sagarin.com/sports/cfsend.htm', 'team': 'Eastern Michigan', 'team_norm': 'Eastern Michigan', 'team_raw': 'Eastern Michigan', 'week': 14}, 'schedule_row': {'away_team': 'Western Michigan', 'conference_game': True, 'home_team': 'Eastern Michigan', 'id': 401762869, 'kickoff_iso_utc': '2025-11-26T00:30:00Z', 'season': 2025, 'venue': 'Rynearson Stadium', 'week': 14}}",2025,,401762869,,,,14
,27.9,96,129,32.9,67.62,71.0,263.9,140.0,44,1,146.1,308.8,59.56,118.0,8-2,Navy,Navy,0.2,67,50,410.0,448.8,,20251128_0030_navy_memphis,3.43,,22.0,93,56,36.2,72.32,55.0,239.3,240.3,38,26,127.4,192.4,61.39,102.0,8-3,Memphis,Memphis,0.7,63,27,366.6,432.6,,2025-11-28T00:30:00Z,,,,4.7,,,,"{'league_metrics_away': {'ATS': None, 'PA': 27.9, 'PF': 32.9, 'PY(D)': 263.9, 'PY(O)': 140.0, 'R(D)_PY': 96, 'R(D)_RY': 44, 'R(D)_TY': 67, 'R(O)_PY': 129, 'R(O)_RY': 1, 'R(O)_TY': 50, 'RY(D)': 146.1, 'RY(O)': 308.8, 'SU': '8-2', 'TO': 0.2, 'TY(D)': 410.0, 'TY(O)': 448.8, 'Team': 'Navy'}, 'league_metrics_home': {'ATS': None, 'PA': 22.0, 'PF': 36.2, 'PY(D)': 239.3, 'PY(O)': 240.3, 'R(D)_PY': 93, 'R(D)_RY': 38, 'R(D)_TY': 63, 'R(O)_PY': 56, 'R(O)_RY': 26, 'R(O)_TY': 27, 'RY(D)': 127.4, 'RY(O)': 192.4, 'SU': '8-3', 'TO': 0.7, 'TY(D)': 366.6, 'TY(O)': 432.6, 'Team': 'Memphis'}, 'sagarin_away': {'fetched_at': '2025-11-30 10:26:19.853969+00:00', 'hfa': 3.43, 'page_stamp': 'COLLEGE FOOTBALL 2025 through results of 2025 NOVEMBER 22 SATURDAY - WEEK 13', 'pr': 67.62, 'pr_rank': 71, 'season': 2025, 'sos': 59.56, 'sos_rank': 118, 'source_url': 'http://sagarin.com/sports/cfsend.htm', 'team': 'Navy', 'team_norm': 'Navy', 'team_raw': 'Navy', 'week': 14}, 'sagarin_home': {'fetched_at': '2025-11-30 10:26:19.853969+00:00', 'hfa': 3.43, 'page_stamp': 'COLLEGE FOOTBALL 2025 through results of 2025 NOVEMBER 22 SATURDAY - WEEK 13', 'pr': 72.32, 'pr_rank': 55, 'season': 2025, 'sos': 61.39, 'sos_rank': 102, 'source_url': 'http://sagarin.com/sports/cfsend.htm', 'team': 'Memphis', 'team_norm': 'Memphis', 'team_raw': 'Memphis', 'week': 14}, 'schedule_row': {'away_team': 'Navy', 'conference_game': True, 'home_team': 'Memphis', 'id': 401762516, 'kickoff_iso_utc': '2025-11-28T00:30:00Z', 'season': 2025, 'venue': 'Simmons Bank Liberty Stadium', 'week': 14}}",2025,,401762516,,,,14
,15.1,12,126,27.9,83.15,21.0,166.3,134.8,20,50,106.1,174.5,75.49,17.0,7-4,Iowa,Iowa,0.2,9,118,272.4,309.4,AWAY,20251128_1700_iowa_nebraska,3.43,,21.5,2,53,30.5,75.61,44.0,138.8,242.6,93,84,169.3,139.1,70.82,55.0,7-4,Nebraska,Nebraska,0.3,20,74,308.1,381.7,False,2025-11-28T17:00:00Z,-235.0,191.0,williamhill_us,-7.54,,,,"{'league_metrics_away': {'ATS': None, 'PA': 15.1, 'PF': 27.9, 'PY(D)': 166.3, 'PY(O)': 134.8, 'R(D)_PY': 12, 'R(D)_RY': 20, 'R(D)_TY': 9, 'R(O)_PY': 126, 'R(O)_RY': 50, 'R(O)_TY': 118, 'RY(D)': 106.1, 'RY(O)': 174.5, 'SU': '7-4', 'TO': 0.2, 'TY(D)': 272.4, 'TY(O)': 309.4, 'Team': 'Iowa'}, 'league_metrics_home': {'ATS': None, 'PA': 21.5, 'PF': 30.5, 'PY(D)': 138.8, 'PY(O)': 242.6, 'R(D)_PY': 2, 'R(D)_RY': 93, 'R(D)_TY': 20, 'R(O)_PY': 53, 'R(O)_RY': 84, 'R(O)_TY': 74, 'RY(D)': 169.3, 'RY(O)': 139.1, 'SU': '7-4', 'TO': 0.3, 'TY(D)': 308.1, 'TY(O)': 381.7, 'Team': 'Nebraska'}, 'sagarin_away': {'fetched_at': '2025-11-30 10:26:19.853969+00:00', 'hfa': 3.43, 'page_stamp': 'COLLEGE FOOTBALL 2025 through results of 2025 NOVEMBER 22 SATURDAY - WEEK 13', 'pr': 83.15, 'pr_rank': 21, 'season': 2025, 'sos': 75.49, 'sos_rank': 17, 'source_url': 'http://sagarin.com/sports/cfsend.htm', 'team': 'Iowa', 'team_norm': 'Iowa', 'team_raw': 'Iowa', 'week': 14}, 'sagarin_home': {'fetched_at': '2025-11-30 10:26:19.853969+00:00', 'hfa': 3.43, 'page_stamp': 'COLLEGE FOOTBALL 2025 through results of 2025 NOVEMBER 22 SATURDAY - WEEK 13', 'pr': 75.61, 'pr_rank': 44, 'season': 2025, 'sos': 70.82, 'sos_rank': 55, 'source_url': 'http://sagarin.com/sports/cfsend.htm', 'team': 'Nebraska', 'team_norm': 'Nebraska', 'team_raw': 'Nebraska', 'week': 14}, 'schedule_row': {'away_team': 'Iowa', 'conference_game': True, 'home_team': 'Nebraska', 'id': 401752916, 'kickoff_iso_utc': '2025-11-28T17:00:00Z', 'season': 2025, 'venue': 'Memorial Stadium (Lincoln, NE)', 'week': 14}, 'odds_row': {'source': 'staging', 'season': 2025, 'week': 14, 'markets': {'spreads': {'book': 'williamhill_us', 'fetch_ts': '2025-11-28T10:29:48Z', 'line': {'spread_home_relative': 6.0, 'favored_side': 'AWAY', 'spread_favored_team': -6.0, 'home_price': -110, 'away_price': -110, 'raw_outcomes': [{'name': 'Iowa Hawkeyes', 'token': 'iowa', 'price': -110, 'point': -6.0}, {'name': 'Nebraska Cornhuskers', 'token': 'nebraska', 'price': -110, 'point': 6.0}]}}, 'totals': {'book': 'williamhill_us', 'fetch_ts': '2025-11-28T10:29:48Z', 'line': {'total_points': 39.5, 'over_price': -112, 'under_price': -110, 'raw_outcomes': [{'name': 'Over', 'token': 'over', 'price': -112, 'point': 39.5}, {'name': 'Under', 'token': 'under', 'price': -110, 'point': 39.5}]}}, 'h2h': {'book': 'williamhill_us', 'fetch_ts': '2025-11-28T10:29:48Z', 'line': {'moneyline_home': 191, 'moneyline_away': -235, 'raw_outcomes': [{'name': 'Iowa Hawkeyes', 'token': 'iowa', 'price': -235, 'point': None}, {'name': 'Nebraska Cornhuskers', 'token': 'nebraska', 'price': 191, 'point': None}]}}}}}",2025,2025-11-28T10:29:48Z,401752916,-6.0,6.0,39.5,14
,33.8,118,98,20.0,47.69,131.0,255.0,196.2,113,128,181.8,86.3,59.39,119.0,4-7,Kent State,Kent State,-0.2,124,128,436.8,282.5,,20251128_1700_kent_state_northern_illinois,3.43,,23.4,18,130,15.8,53.64,120.0,170.9,105.4,110,50,179.5,174.5,61.38,103.0,3-8,Northern Illinois,Northern Illinois,0.1,52,129,350.4,279.9,,2025-11-28T17:00:00Z,,,,5.95,,,,"{'league_metrics_away': {'ATS': None, 'PA': 33.8, 'PF': 20.0, 'PY(D)': 255.0, 'PY(O)': 196.2, 'R(D)_PY': 118, 'R(D)_RY': 113, 'R(D)_TY': 124, 'R(O)_PY': 98, 'R(O)_RY': 128, 'R(O)_TY': 128, 'RY(D)': 181.8, 'RY(O)': 86.3, 'SU': '4-7', 'TO': -0.2, 'TY(D)': 436.8, 'TY(O)': 282.5, 'Team': 'Kent State'}, 'league_metrics_home': {'ATS': None, 'PA': 23.4, 'PF': 15.8, 'PY(D)': 170.9, 'PY(O)': 105.4, 'R(D)_PY': 18, 'R(D)_RY': 110, 'R(D)_TY': 52, 'R(O)_PY': 130, 'R(O)_RY': 50, 'R(O)_TY': 129, 'RY(D)': 179.5, 'RY(O)': 174.5, 'SU': '3-8', 'TO': 0.1, 'TY(D)': 350.4, 'TY(O)': 279.9, 'Team': 'Northern Illinois'}, 'sagarin_away': {'fetched_at': '2025-11-30 10:26:19.853969+00:00', 'hfa': 3.43, 'page_stamp': 'COLLEGE FOOTBALL 2025 through results of 2025 NOVEMBER 22 SATURDAY - WEEK 13', 'pr': 47.69, 'pr_rank': 131, 'season': 2025, 'sos': 59.39, 'sos_rank': 119, 'source_url': 'http://sagarin.com/sports/cfsend.htm', 'team': 'Kent State', 'team_norm': 'Kent State', 'team_raw': 'Kent State', 'week': 14}, 'sagarin_home': {'fetched_at': '2025-11-30 10:26:19.853969+00:00', 'hfa': 3.43, 'page_stamp': 'COLLEGE FOOTBALL 2025 through results of 2025 NOVEMBER 22 SATURDAY - WEEK 13', 'pr': 53.64, 'pr_rank': 120, 'season': 2025, 'sos': 61.38, 'sos_rank': 103, 'source_url': 'http://sagarin.com/sports/cfsend.htm', 'team': 'Northern Illinois', 'team_norm': 'Northern Illinois', 'team_raw': 'Northern Illinois', 'week': 14}, 'schedule_row': {'away_team': 'Kent State', 'conference_game': True, 'home_team': 'Northern Illinois', 'id': 401762871, 'kickoff_iso_utc': '2025-11-28T17:00:00Z', 'season': 2025, 'venue': 'Huskie Stadium', 'week': 14}}",2025,,401762871,,,,14
,22.6,45,103,28.5,64.93,82.0,204.6,191.3,76,14,152.5,218.2,58.39,124.0,7-4,Ohio,Ohio,0.1,57,47,357.2,409.5,AWAY,20251128_1700_ohio_buffalo,3.43,,22.8,26,69,23.8,54.39,119.0,190.0,225.3,50,88,139.5,136.2,55.05,142.0,5-6,Buffalo,Buffalo,-0.8,34,87,329.5,361.5,False,2025-11-28T17:00:00Z,-275.0,215.0,williamhill_us,-10.54,,,,"{'league_metrics_away': {'ATS': None, 'PA': 22.6, 'PF': 28.5, 'PY(D)': 204.6, 'PY(O)': 191.3, 'R(D)_PY': 45, 'R(D)_RY': 76, 'R(D)_TY': 57, 'R(O)_PY': 103, 'R(O)_RY': 14, 'R(O)_TY': 47, 'RY(D)': 152.5, 'RY(O)': 218.2, 'SU': '7-4', 'TO': 0.1, 'TY(D)': 357.2, 'TY(O)': 409.5, 'Team': 'Ohio'}, 'league_metrics_home': {'ATS': None, 'PA': 22.8, 'PF': 23.8, 'PY(D)': 190.0, 'PY(O)': 225.3, 'R(D)_PY': 26, 'R(D)_RY': 50, 'R(D)_TY': 34, 'R(O)_PY': 69, 'R(O)_RY': 88, 'R(O)_TY': 87, 'RY(D)': 139.5, 'RY(O)': 136.2, 'SU': '5-6', 'TO': -0.8, 'TY(D)': 329.5, 'TY(O)': 361.5, 'Team': 'Buffalo'}, 'sagarin_away': {'fetched_at': '2025-11-30 10:26:19.853969+00:00', 'hfa': 3.43, 'page_stamp': 'COLLEGE FOOTBALL 2025 through results of 2025 NOVEMBER 22 SATURDAY - WEEK 13', 'pr': 64.93, 'pr_rank': 82, 'season': 2025, 'sos': 58.39, 'sos_rank': 124, 'source_url': 'http://sagarin.com/sports/cfsend.htm', 'team': 'Ohio', 'team_norm': 'Ohio', 'team_raw': 'Ohio', 'week': 14}, 'sagarin_home': {'fetched_at': '2025-11-30 10:26:19.853969+00:00', 'hfa': 3.43, 'page_stamp': 'COLLEGE FOOTBALL 2025 through results of 2025 NOVEMBER 22 SATURDAY - WEEK 13', 'pr': 54.39, 'pr_rank': 119, 'season': 2025, 'sos': 55.05, 'sos_rank': 142, 'source_url': 'http://sagarin.com/sports/cfsend.htm', 'team': 'Buffalo', 'team_norm': 'Buffalo', 'team_raw': 'Buffalo', 'week': 14}, 'schedule_row': {'away_team': 'Ohio', 'conference_game': True, 'home_team': 'Buffalo', 'id': 401762870, 'kickoff_iso_utc': '2025-11-28T17:00:00Z', 'season': 2025, 'venue': 'UB Stadium', 'week': 14}, 'odds_row': {'source': 'staging', 'season': 2025, 'week': 14, 'markets': {'spreads': {'book': 'williamhill_us', 'fetch_ts': '2025-11-28T10:29:48Z', 'line': {'spread_home_relative': 7.0, 'favored_side': 'AWAY', 'spread_favored_team': -7.0, 'home_price': -108, 'away_price': -112, 'raw_outcomes': [{'name': 'Buffalo Bulls', 'token': 'buffalo', 'price': -108, 'point': 7.0}, {'name': 'Ohio Bobcats', 'token': 'ohio', 'price': -112, 'point': -7.0}]}}, 'totals': {'book': 'williamhill_us', 'fetch_ts': '2025-11-28T10:29:48Z', 'line': {'total_points': 45.0, 'over_price': -110, 'under_price': -111, 'raw_outcomes': [{'name': 'Over', 'token': 'over', 'price': -110, 'point': 45.0}, {'name': 'Under', 'token': 'under', 'price': -111, 'point': 45.0}]}}, 'h2h': {'book': 'williamhill_us', 'fetch_ts': '2025-11-28T10:29:48Z', 'line': {'moneyline_home': 215, 'moneyline_away': -275, 'raw_outcomes': [{'name': 'Buffalo Bulls', 'token': 'buffalo', 'price': 215, 'point': None}, {'name': 'Ohio Bobcats', 'token': 'ohio', 'price': -275, 'point': None}]}}}}}",2025,2025-11-28T10:29:48Z,401762870,-7.0,7.0,45.0,14
,20.2,21,6,37.2,87.5,10.0,183.0,305.1,51,30,140.5,189.3,73.41,34.0,10-1,Ole Miss,Ole Miss,-0.3,29,4,323.5,494.4,,20251128_1700_ole_miss_mississippi_state,3.43,,28.4,43,54,31.5,73.5,51.0,202.8,242.4,116,71,190.7,152.3,77.02,12.0,5-6,Mississippi State,Mississippi State,0.3,89,61,393.5,394.6,,2025-11-28T17:00:00Z,,,,-14.0,,,,"{'league_metrics_away': {'ATS': None, 'PA': 20.2, 'PF': 37.2, 'PY(D)': 183.0, 'PY(O)': 305.1, 'R(D)_PY': 21, 'R(D)_RY': 51, 'R(D)_TY': 29, 'R(O)_PY': 6, 'R(O)_RY': 30, 'R(O)_TY': 4, 'RY(D)': 140.5, 'RY(O)': 189.3, 'SU': '10-1', 'TO': -0.3, 'TY(D)': 323.5, 'TY(O)': 494.4, 'Team': 'Ole Miss'}, 'league_metrics_home': {'ATS': None, 'PA': 28.4, 'PF': 31.5, 'PY(D)': 202.8, 'PY(O)': 242.4, 'R(D)_PY': 43, 'R(D)_RY': 116, 'R(D)_TY': 89, 'R(O)_PY': 54, 'R(O)_RY': 71, 'R(O)_TY': 61, 'RY(D)': 190.7, 'RY(O)': 152.3, 'SU': '5-6', 'TO': 0.3, 'TY(D)': 393.5, 'TY(O)': 394.6, 'Team': 'Mississippi State'}, 'sagarin_away': {'fetched_at': '2025-11-30 10:26:19.853969+00:00', 'hfa': 3.43, 'page_stamp': 'COLLEGE FOOTBALL 2025 through results of 2025 NOVEMBER 22 SATURDAY - WEEK 13', 'pr': 87.5, 'pr_rank': 10, 'season': 2025, 'sos': 73.41, 'sos_rank': 34, 'source_url': 'http://sagarin.com/sports/cfsend.htm', 'team': 'Mississippi', 'team_norm': 'Mississippi', 'team_raw': 'Mississippi', 'week': 14}, 'sagarin_home': {'fetched_at': '2025-11-30 10:26:19.853969+00:00', 'hfa': 3.43, 'page_stamp': 'COLLEGE FOOTBALL 2025 through results of 2025 NOVEMBER 22 SATURDAY - WEEK 13', 'pr': 73.5, 'pr_rank': 51, 'season': 2025, 'sos': 77.02, 'sos_rank': 12, 'source_url': 'http://sagarin.com/sports/cfsend.htm', 'team': 'Mississippi State', 'team_norm': 'Mississippi State', 'team_raw': 'Mississippi State', 'week': 14}, 'schedule_row': {'away_team': 'Ole Miss', 'conference_game': True, 'home_team': 'Mississippi State', 'id': 401752788, 'kickoff_iso_utc': '2025-11-28T17:00:00Z', 'season': 2025, 'venue': 'Davis Wade Stadium', 'week': 14}}",2025,,401752788,,,,14
,18.5,20,91,42.0,87.05,13.0,176.6,204.8,97,2,171.8,279.9,71.0,52.0,9-2,Utah,Utah,0.3,49,7,348.5,484.7,AWAY,20251128_1700_utah_kansas,3.43,,26.4,51,71,28.7,69.54,66.0,210.5,223.0,101,65,174.3,158.8,70.88,54.0,5-6,Kansas,Kansas,-0.1,78,73,384.8,381.8,False,2025-11-28T17:00:00Z,-450.0,330.0,williamhill_us,-17.51,,,,"{'league_metrics_away': {'ATS': None, 'PA': 18.5, 'PF': 42.0, 'PY(D)': 176.6, 'PY(O)': 204.8, 'R(D)_PY': 20, 'R(D)_RY': 97, 'R(D)_TY': 49, 'R(O)_PY': 91, 'R(O)_RY': 2, 'R(O)_TY': 7, 'RY(D)': 171.8, 'RY(O)': 279.9, 'SU': '9-2', 'TO': 0.3, 'TY(D)': 348.5, 'TY(O)': 484.7, 'Team': 'Utah'}, 'league_metrics_home': {'ATS': None, 'PA': 26.4, 'PF': 28.7, 'PY(D)': 210.5, 'PY(O)': 223.0, 'R(D)_PY': 51, 'R(D)_RY': 101, 'R(D)_TY': 78, 'R(O)_PY': 71, 'R(O)_RY': 65, 'R(O)_TY': 73, 'RY(D)': 174.3, 'RY(O)': 158.8, 'SU': '5-6', 'TO': -0.1, 'TY(D)': 384.8, 'TY(O)': 381.8, 'Team': 'Kansas'}, 'sagarin_away': {'fetched_at': '2025-11-30 10:26:19.853969+00:00', 'hfa': 3.43, 'page_stamp': 'COLLEGE FOOTBALL 2025 through results of 2025 NOVEMBER 22 SATURDAY - WEEK 13', 'pr': 87.05, 'pr_rank': 13, 'season': 2025, 'sos': 71.0, 'sos_rank': 52, 'source_url': 'http://sagarin.com/sports/cfsend.htm', 'team': 'Utah', 'team_norm': 'Utah', 'team_raw': 'Utah', 'week': 14}, 'sagarin_home': {'fetched_at': '2025-11-30 10:26:19.853969+00:00', 'hfa': 3.43, 'page_stamp': 'COLLEGE FOOTBALL 2025 through results of 2025 NOVEMBER 22 SATURDAY - WEEK 13', 'pr': 69.54, 'pr_rank': 66, 'season': 2025, 'sos': 70.88, 'sos_rank': 54, 'source_url': 'http://sagarin.com/sports/cfsend.htm', 'team': 'Kansas', 'team_norm': 'Kansas', 'team_raw': 'Kansas', 'week': 14}, 'schedule_row': {'away_team': 'Utah', 'conference_game': True, 'home_team': 'Kansas', 'id': 401756964, 'kickoff_iso_utc': '2025-11-28T17:00:00Z', 'season': 2025, 'venue': 'Memorial Stadium', 'week': 14}, 'odds_row': {'source': 'staging', 'season': 2025, 'week': 14, 'markets': {'spreads': {'book': 'williamhill_us', 'fetch_ts': '2025-11-28T10:29:48Z', 'line': {'spread_home_relative': 10.5, 'favored_side': 'AWAY', 'spread_favored_team': -10.5, 'home_price': -108, 'away_price': -112, 'raw_outcomes': [{'name': 'Kansas Jayhawks', 'token': 'kansas', 'price': -108, 'point': 10.5}, {'name': 'Utah Utes', 'token': 'utah', 'price': -112, 'point': -10.5}]}}, 'totals': {'book': 'williamhill_us', 'fetch_ts': '2025-11-28T10:29:48Z', 'line': {'total_points': 60.5, 'over_price': -110, 'under_price': -109, 'raw_outcomes': [{'name': 'Over', 'token': 'over', 'price': -110, 'point': 60.5}, {'name': 'Under', 'token': 'under', 'price': -109, 'point': 60.5}]}}, 'h2h': {'book': 'williamhill_us', 'fetch_ts': '2025-11-28T10:29:48Z', 'line': {'moneyline_home': 330, 'moneyline_away': -450, 'raw_outcomes': [{'name': 'Kansas Jayhawks', 'token': 'kansas', 'price': 330, 'point': None}, {'name': 'Utah Utes', 'token': 'utah', 'price': -450, 'point': None}]}}}}}",2025,2025-11-28T10:29:48Z,401756964,-10.5,10.5,60.5,14
,31.2,120,122,28.7,58.56,102.0,259.4,148.9,99,4,173.0,256.5,62.93,86.0,3-8,Air Force,Air Force,-0.2,120,54,432.4,405.5,,20251128_2000_air_force_colorado_state,3.43,,29.8,80,88,18.3,54.76,118.0,231.7,206.2,119,115,194.9,117.0,66.3,72.0,2-9,Colorado State,Colorado State,-0.4,115,110,426.6,323.2,,2025-11-28T20:00:00Z,,,,-3.8,,,,"{'league_metrics_away': {'ATS': None, 'PA': 31.2, 'PF': 28.7, 'PY(D)': 259.4, 'PY(O)': 148.9, 'R(D)_PY': 120, 'R(D)_RY': 99, 'R(D)_TY': 120, 'R(O)_PY': 122, 'R(O)_RY': 4, 'R(O)_TY': 54, 'RY(D)': 173.0, 'RY(O)': 256.5, 'SU': '3-8', 'TO': -0.2, 'TY(D)': 432.4, 'TY(O)': 405.5, 'Team': 'Air Force'}, 'league_metrics_home': {'ATS': None, 'PA': 29.8, 'PF': 18.3, 'PY(D)': 231.7, 'PY(O)': 206.2, 'R(D)_PY': 80, 'R(D)_RY': 119, 'R(D)_TY': 115, 'R(O)_PY': 88, 'R(O)_RY': 115, 'R(O)_TY': 110, 'RY(D)': 194.9, 'RY(O)': 117.0, 'SU': '2-9', 'TO': -0.4, 'TY(D)': 426.6, 'TY(O)': 323.2, 'Team': 'Colorado State'}, 'sagarin_away': {'fetched_at': '2025-11-30 10:26:19.853969+00:00', 'hfa': 3.43, 'page_stamp': 'COLLEGE FOOTBALL 2025 through results of 2025 NOVEMBER 22 SATURDAY - WEEK 13', 'pr': 58.56, 'pr_rank': 102, 'season': 2025, 'sos': 62.93, 'sos_rank': 86, 'source_url': 'http://sagarin.com/sports/cfsend.htm', 'team': 'Air Force', 'team_norm': 'Air Force', 'team_raw': 'Air Force', 'week': 14}, 'sagarin_home': {'fetched_at': '2025-11-30 10:26:19.853969+00:00', 'hfa': 3.43, 'page_stamp': 'COLLEGE FOOTBALL 2025 through results of 2025 NOVEMBER 22 SATURDAY - WEEK 13', 'pr': 54.76, 'pr_rank': 118, 'season': 2025, 'sos': 66.3, 'sos_rank': 72, 'source_url': 'http://sagarin.com/sports/cfsend.htm', 'team': 'Colorado State', 'team_norm': 'Colorado State', 'team_raw': 'Colorado State', 'week': 14}, 'schedule_row': {'away_team': 'Air Force', 'conference_game': True, 'home_team': 'Colorado State', 'id': 401760421, 'kickoff_iso_utc': '2025-11-28T20:00:00Z', 'season': 2025, 'venue': 'Canvas Stadium', 'week': 14}}",2025,,401760421,,,,14
,17.4,47,57,33.7,90.92,5.0,206.9,239.8,5,28,87.7,190.7,75.8,16.0,10-1,Georgia Bulldogs,Georgia,-0.1,14,28,294.6,430.5,,20251128_2030_georgia_bulldogs_georgia_tech,3.43,,25.8,100,26,35.3,76.42,41.0,241.6,270.7,92,16,168.2,215.4,68.67,63.0,9-2,Georgia Tech,Georgia Tech,-0.5,105,6,409.8,486.1,,2025-11-28T20:30:00Z,,,,-14.5,,,,"{'league_metrics_away': {'ATS': None, 'PA': 17.4, 'PF': 33.7, 'PY(D)': 206.9, 'PY(O)': 239.8, 'R(D)_PY': 47, 'R(D)_RY': 5, 'R(D)_TY': 14, 'R(O)_PY': 57, 'R(O)_RY': 28, 'R(O)_TY': 28, 'RY(D)': 87.7, 'RY(O)': 190.7, 'SU': '10-1', 'TO': -0.1, 'TY(D)': 294.6, 'TY(O)': 430.5, 'Team': 'Georgia Bulldogs'}, 'league_metrics_home': {'ATS': None, 'PA': 25.8, 'PF': 35.3, 'PY(D)': 241.6, 'PY(O)': 270.7, 'R(D)_PY': 100, 'R(D)_RY': 92, 'R(D)_TY': 105, 'R(O)_PY': 26, 'R(O)_RY': 16, 'R(O)_TY': 6, 'RY(D)': 168.2, 'RY(O)': 215.4, 'SU': '9-2', 'TO': -0.5, 'TY(D)': 409.8, 'TY(O)': 486.1, 'Team': 'Georgia Tech'}, 'sagarin_away': {'fetched_at': '2025-11-30 10:26:19.853969+00:00', 'hfa': 3.43, 'page_stamp': 'COLLEGE FOOTBALL 2025 through results of 2025 NOVEMBER 22 SATURDAY - WEEK 13', 'pr': 90.92, 'pr_rank': 5, 'season': 2025, 'sos': 75.8, 'sos_rank': 16, 'source_url': 'http://sagarin.com/sports/cfsend.htm', 'team': 'Georgia Bulldogs', 'team_norm': 'Georgia Bulldogs', 'team_raw': 'Georgia', 'week': 14}, 'sagarin_home': {'fetched_at': '2025-11-30 10:26:19.853969+00:00', 'hfa': 3.43, 'page_stamp': 'COLLEGE FOOTBALL 2025 through results of 2025 NOVEMBER 22 SATURDAY - WEEK 13', 'pr': 76.42, 'pr_rank': 41, 'season': 2025, 'sos': 68.67, 'sos_rank': 63, 'source_url': 'http://sagarin.com/sports/cfsend.htm', 'team': 'Georgia Tech', 'team_norm': 'Georgia Tech', 'team_raw': 'Georgia Tech', 'week': 14}, 'schedule_row': {'away_team': 'Georgia', 'conference_game': False, 'home_team': 'Georgia Tech', 'id': 401752786, 'kickoff_iso_utc': '2025-11-28T20:30:00Z', 'season': 2025, 'venue': 'Mercedes-Benz Stadium', 'week': 14}}",2025,,401752786,,,,14
,11.6,6,121,25.4,69.02,67.0,158.2,153.2,19,32,105.4,187.9,59.91,114.0,9-2,San Diego State,San Diego State,0.5,6,100,263.5,340.1,,20251128_2030_san_diego_state_new_mexico,3.43,,23.0,102,72,28.4,64.5,85.0,243.4,222.5,21,70,107.1,153.1,62.25,91.0,8-3,New Mexico,New Mexico,-0.6,53,80,350.5,375.5,,2025-11-28T20:30:00Z,,,,-4.52,,,,"{'league_metrics_away': {'ATS': None, 'PA': 11.6, 'PF': 25.4, 'PY(D)': 158.2, 'PY(O)': 153.2, 'R(D)_PY': 6, 'R(D)_RY': 19, 'R(D)_TY': 6, 'R(O)_PY': 121, 'R(O)_RY': 32, 'R(O)_TY': 100, 'RY(D)': 105.4, 'RY(O)': 187.9, 'SU': '9-2', 'TO': 0.5, 'TY(D)': 263.5, 'TY(O)': 340.1, 'Team': 'San Diego State'}, 'league_metrics_home': {'ATS': None, 'PA': 23.0, 'PF': 28.4, 'PY(D)': 243.4, 'PY(O)': 222.5, 'R(D)_PY': 102, 'R(D)_RY': 21, 'R(D)_TY': 53, 'R(O)_PY': 72, 'R(O)_RY': 70, 'R(O)_TY': 80, 'RY(D)': 107.1, 'RY(O)': 153.1, 'SU': '8-3', 'TO': -0.6, 'TY(D)': 350.5, 'TY(O)': 375.5, 'Team': 'New Mexico'}, 'sagarin_away': {'fetched_at': '2025-11-30 10:26:19.853969+00:00', 'hfa': 3.43, 'page_stamp': 'COLLEGE FOOTBALL 2025 through results of 2025 NOVEMBER 22 SATURDAY - WEEK 13', 'pr': 69.02, 'pr_rank': 67, 'season': 2025, 'sos': 59.91, 'sos_rank': 114, 'source_url': 'http://sagarin.com/sports/cfsend.htm', 'team': 'San Diego State', 'team_norm': 'San Diego State', 'team_raw': 'San Diego State', 'week': 14}, 'sagarin_home': {'fetched_at': '2025-11-30 10:26:19.853969+00:00', 'hfa': 3.43, 'page_stamp': 'COLLEGE FOOTBALL 2025 through results of 2025 NOVEMBER 22 SATURDAY - WEEK 13', 'pr': 64.5, 'pr_rank': 85, 'season': 2025, 'sos': 62.25, 'sos_rank': 91, 'source_url': 'http://sagarin.com/sports/cfsend.htm', 'team': 'New Mexico', 'team_norm': 'New Mexico', 'team_raw': 'New Mexico', 'week': 14}, 'schedule_row': {'away_team': 'San Diego State', 'conference_game': True, 'home_team': 'New Mexico', 'id': 401760426, 'kickoff_iso_utc': '2025-11-28T20:30:00Z', 'season': 2025, 'venue': 'University Stadium (NM)', 'week': 14}}",2025,,401760426,,,,14
,27.6,23,94,28.1,57.91,107.0,184.4,202.4,118,78,193.5,145.5,62.72,88.0,5-6,Temple,Temple,0.9,72,95,377.9,347.9,,20251128_2030_temple_north_texas,3.43,,24.1,13,3,46.3,76.02,42.0,166.5,321.1,129,38,211.4,180.9,61.37,104.0,10-1,North Texas,North Texas,1.3,72,2,377.9,502.0,,2025-11-28T20:30:00Z,,,,18.11,,,,"{'league_metrics_away': {'ATS': None, 'PA': 27.6, 'PF': 28.1, 'PY(D)': 184.4, 'PY(O)': 202.4, 'R(D)_PY': 23, 'R(D)_RY': 118, 'R(D)_TY': 72, 'R(O)_PY': 94, 'R(O)_RY': 78, 'R(O)_TY': 95, 'RY(D)': 193.5, 'RY(O)': 145.5, 'SU': '5-6', 'TO': 0.9, 'TY(D)': 377.9, 'TY(O)': 347.9, 'Team': 'Temple'}, 'league_metrics_home': {'ATS': None, 'PA': 24.1, 'PF': 46.3, 'PY(D)': 166.5, 'PY(O)': 321.1, 'R(D)_PY': 13, 'R(D)_RY': 129, 'R(D)_TY': 72, 'R(O)_PY': 3, 'R(O)_RY': 38, 'R(O)_TY': 2, 'RY(D)': 211.4, 'RY(O)': 180.9, 'SU': '10-1', 'TO': 1.3, 'TY(D)': 377.9, 'TY(O)': 502.0, 'Team': 'North Texas'}, 'sagarin_away': {'fetched_at': '2025-11-30 10:26:19.853969+00:00', 'hfa': 3.43, 'page_stamp': 'COLLEGE FOOTBALL 2025 through results of 2025 NOVEMBER 22 SATURDAY - WEEK 13', 'pr': 57.91, 'pr_rank': 107, 'season': 2025, 'sos': 62.72, 'sos_rank': 88, 'source_url': 'http://sagarin.com/sports/cfsend.htm', 'team': 'Temple', 'team_norm': 'Temple', 'team_raw': 'Temple', 'week': 14}, 'sagarin_home': {'fetched_at': '2025-11-30 10:26:19.853969+00:00', 'hfa': 3.43, 'page_stamp': 'COLLEGE FOOTBALL 2025 through results of 2025 NOVEMBER 22 SATURDAY - WEEK 13', 'pr': 76.02, 'pr_rank': 42, 'season': 2025, 'sos': 61.37, 'sos_rank': 104, 'source_url': 'http://sagarin.com/sports/cfsend.htm', 'team': 'North Texas', 'team_norm': 'North Texas', 'team_raw': 'North Texas', 'week': 14}, 'schedule_row': {'away_team': 'Temple', 'conference_game': True, 'home_team': 'North Texas', 'id': 401762442, 'kickoff_iso_utc': '2025-11-28T20:30:00Z', 'season': 2025, 'venue': 'DATCU Stadium', 'week': 14}}",2025,,401762442,,,,14
,23.1,11,63,31.4,72.25,56.0,165.5,231.4,83,27,158.3,192.0,63.07,83.0,7-4,Boise State,Boise State,0.5,30,35,323.7,423.4,,20251128_2100_boise_state_utah_state,3.43,,28.5,99,38,32.5,65.34,80.0,241.0,257.5,103,60,176.0,167.0,63.31,81.0,6-5,Utah State,Utah State,0.4,111,32,417.0,424.5,,2025-11-28T21:00:00Z,,,,-6.91,,,,"{'league_metrics_away': {'ATS': None, 'PA': 23.1, 'PF': 31.4, 'PY(D)': 165.5, 'PY(O)': 231.4, 'R(D)_PY': 11, 'R(D)_RY': 83, 'R(D)_TY': 30, 'R(O)_PY': 63, 'R(O)_RY': 27, 'R(O)_TY': 35, 'RY(D)': 158.3, 'RY(O)': 192.0, 'SU': '7-4', 'TO': 0.5, 'TY(D)': 323.7, 'TY(O)': 423.4, 'Team': 'Boise State'}, 'league_metrics_home': {'ATS': None, 'PA': 28.5, 'PF': 32.5, 'PY(D)': 241.0, 'PY(O)': 257.5, 'R(D)_PY': 99, 'R(D)_RY': 103, 'R(D)_TY': 111, 'R(O)_PY': 38, 'R(O)_RY': 60, 'R(O)_TY': 32, 'RY(D)': 176.0, 'RY(O)': 167.0, 'SU': '6-5', 'TO': 0.4, 'TY(D)': 417.0, 'TY(O)': 424.5, 'Team': 'Utah State'}, 'sagarin_away': {'fetched_at': '2025-11-30 10:26:19.853969+00:00', 'hfa': 3.43, 'page_stamp': 'COLLEGE FOOTBALL 2025 through results of 2025 NOVEMBER 22 SATURDAY - WEEK 13', 'pr': 72.25, 'pr_rank': 56, 'season': 2025, 'sos': 63.07, 'sos_rank': 83, 'source_url': 'http://sagarin.com/sports/cfsend.htm', 'team': 'Boise State', 'team_norm': 'Boise State', 'team_raw': 'Boise State', 'week': 14}, 'sagarin_home': {'fetched_at': '2025-11-30 10:26:19.853969+00:00', 'hfa': 3.43, 'page_stamp': 'COLLEGE FOOTBALL 2025 through results of 2025 NOVEMBER 22 SATURDAY - WEEK 13', 'pr': 65.34, 'pr_rank': 80, 'season': 2025, 'sos': 63.31, 'sos_rank': 81, 'source_url': 'http://sagarin.com/sports/cfsend.htm', 'team': 'Utah State', 'team_norm': 'Utah State', 'team_raw': 'Utah State', 'week': 14}, 'schedule_row': {'away_team': 'Boise State', 'conference_game': True, 'home_team': 'Utah State', 'id': 401760422, 'kickoff_iso_utc': '2025-11-28T21:00:00Z', 'season': 2025, 'venue': 'Maverik Stadium', 'week': 14}}",2025,,401760422,,,,14
,11.6,13,35,43.3,93.64,4.0,166.5,259.6,4,10,82.5,224.6,71.58,49.0,11-0,Indiana,Indiana,1.4,3,8,249.0,484.3,AWAY,20251129_0030_indiana_purdue,3.43,,29.6,104,80,20.2,64.28,86.0,246.1,215.3,89,91,166.5,133.9,77.64,10.0,2-9,Purdue,Purdue,-0.9,107,93,412.6,349.2,False,2025-11-29T00:30:00Z,-7692.0,1425.0,williamhill_us,-29.36,,,,"{'league_metrics_away': {'ATS': None, 'PA': 11.6, 'PF': 43.3, 'PY(D)': 166.5, 'PY(O)': 259.6, 'R(D)_PY': 13, 'R(D)_RY': 4, 'R(D)_TY': 3, 'R(O)_PY': 35, 'R(O)_RY': 10, 'R(O)_TY': 8, 'RY(D)': 82.5, 'RY(O)': 224.6, 'SU': '11-0', 'TO': 1.4, 'TY(D)': 249.0, 'TY(O)': 484.3, 'Team': 'Indiana'}, 'league_metrics_home': {'ATS': None, 'PA': 29.6, 'PF': 20.2, 'PY(D)': 246.1, 'PY(O)': 215.3, 'R(D)_PY': 104, 'R(D)_RY': 89, 'R(D)_TY': 107, 'R(O)_PY': 80, 'R(O)_RY': 91, 'R(O)_TY': 93, 'RY(D)': 166.5, 'RY(O)': 133.9, 'SU': '2-9', 'TO': -0.9, 'TY(D)': 412.6, 'TY(O)': 349.2, 'Team': 'Purdue'}, 'sagarin_away': {'fetched_at': '2025-11-30 10:26:19.853969+00:00', 'hfa': 3.43, 'page_stamp': 'COLLEGE FOOTBALL 2025 through results of 2025 NOVEMBER 22 SATURDAY - WEEK 13', 'pr': 93.64, 'pr_rank': 4, 'season': 2025, 'sos': 71.58, 'sos_rank': 49, 'source_url': 'http://sagarin.com/sports/cfsend.htm', 'team': 'Indiana', 'team_norm': 'Indiana', 'team_raw': 'Indiana', 'week': 14}, 'sagarin_home': {'fetched_at': '2025-11-30 10:26:19.853969+00:00', 'hfa': 3.43, 'page_stamp': 'COLLEGE FOOTBALL 2025 through results of 2025 NOVEMBER 22 SATURDAY - WEEK 13', 'pr': 64.28, 'pr_rank': 86, 'season': 2025, 'sos': 77.64, 'sos_rank': 10, 'source_url': 'http://sagarin.com/sports/cfsend.htm', 'team': 'Purdue', 'team_norm': 'Purdue', 'team_raw': 'Purdue', 'week': 14}, 'schedule_row': {'away_team': 'Indiana', 'conference_game': True, 'home_team': 'Purdue', 'id': 401752924, 'kickoff_iso_utc': '2025-11-29T00:30:00Z', 'season': 2025, 'venue': 'Ross-Ade Stadium', 'week': 14}, 'odds_row': {'source': 'staging', 'season': 2025, 'week': 14, 'markets': {'spreads': {'book': 'williamhill_us', 'fetch_ts': '2025-11-28T22:24:51Z', 'line': {'spread_home_relative': 28.5, 'favored_side': 'AWAY', 'spread_favored_team': -28.5, 'home_price': -112, 'away_price': -108, 'raw_outcomes': [{'name': 'Indiana Hoosiers', 'token': 'indiana', 'price': -108, 'point': -28.5}, {'name': 'Purdue Boilermakers', 'token': 'purdue', 'price': -112, 'point': 28.5}]}}, 'totals': {'book': 'williamhill_us', 'fetch_ts': '2025-11-28T22:24:51Z', 'line': {'total_points': 53.5, 'over_price': -110, 'under_price': -110, 'raw_outcomes': [{'name': 'Over', 'token': 'over', 'price': -110, 'point': 53.5}, {'name': 'Under', 'token': 'under', 'price': -110, 'point': 53.5}]}}, 'h2h': {'book': 'mybookieag', 'fetch_ts': '2025-11-28T22:24:51Z', 'line': {'moneyline_home': 1425, 'moneyline_away': -7692, 'raw_outcomes': [{'name': 'Indiana Hoosiers', 'token': 'indiana', 'price': -7692, 'point': None}, {'name': 'Purdue Boilermakers', 'token': 'purdue', 'price': 1425, 'point': None}]}}}}}",2025,2025-11-28T22:24:51Z,401752924,-28.5,28.5,53.5,14
,21.5,22,29,38.1,90.26,6.0,183.1,269.2,26,24,118.8,196.3,75.36,19.0,11-0,Texas Aandm,Texas A&M,-0.5,16,16,301.9,465.5,,20251129_0030_texas_aandm_texas_longhorns,3.43,,20.0,101,34,29.8,86.28,15.0,243.2,259.9,7,107,92.7,121.9,76.37,14.0,8-3,Texas Longhorns,Texas,0.9,40,73,335.9,381.8,,2025-11-29T00:30:00Z,,,,-3.98,,,,"{'league_metrics_away': {'ATS': None, 'PA': 21.5, 'PF': 38.1, 'PY(D)': 183.1, 'PY(O)': 269.2, 'R(D)_PY': 22, 'R(D)_RY': 26, 'R(D)_TY': 16, 'R(O)_PY': 29, 'R(O)_RY': 24, 'R(O)_TY': 16, 'RY(D)': 118.8, 'RY(O)': 196.3, 'SU': '11-0', 'TO': -0.5, 'TY(D)': 301.9, 'TY(O)': 465.5, 'Team': 'Texas Aandm'}, 'league_metrics_home': {'ATS': None, 'PA': 20.0, 'PF': 29.8, 'PY(D)': 243.2, 'PY(O)': 259.9, 'R(D)_PY': 101, 'R(D)_RY': 7, 'R(D)_TY': 40, 'R(O)_PY': 34, 'R(O)_RY': 107, 'R(O)_TY': 73, 'RY(D)': 92.7, 'RY(O)': 121.9, 'SU': '8-3', 'TO': 0.9, 'TY(D)': 335.9, 'TY(O)': 381.8, 'Team': 'Texas Longhorns'}, 'sagarin_away': {'fetched_at': '2025-11-30 10:26:19.853969+00:00', 'hfa': 3.43, 'page_stamp': 'COLLEGE FOOTBALL 2025 through results of 2025 NOVEMBER 22 SATURDAY - WEEK 13', 'pr': 90.26, 'pr_rank': 6, 'season': 2025, 'sos': 75.36, 'sos_rank': 19, 'source_url': 'http://sagarin.com/sports/cfsend.htm', 'team': 'Texas Aandm', 'team_norm': 'Texas Aandm', 'team_raw': 'Texas A&M', 'week': 14}, 'sagarin_home': {'fetched_at': '2025-11-30 10:26:19.853969+00:00', 'hfa': 3.43, 'page_stamp': 'COLLEGE FOOTBALL 2025 through results of 2025 NOVEMBER 22 SATURDAY - WEEK 13', 'pr': 86.28, 'pr_rank': 15, 'season': 2025, 'sos': 76.37, 'sos_rank': 14, 'source_url': 'http://sagarin.com/sports/cfsend.htm', 'team': 'Texas Longhorns', 'team_norm': 'Texas Longhorns', 'team_raw': 'Texas', 'week': 14}, 'schedule_row': {'away_team': 'Texas A&M', 'conference_game': True, 'home_team': 'Texas', 'id': 401752792, 'kickoff_iso_utc': '2025-11-29T00:30:00Z', 'season': 2025, 'venue': 'DKR-Texas Memorial Stadium', 'week': 14}}",2025,,401752792,,,,14
,20.0,7,43,33.5,77.29,35.0,159.7,251.5,72,67,150.2,156.5,68.79,61.0,8-3,Arizona,Arizona,1.1,21,50,309.9,408.0,,20251129_0200_arizona_arizona_state,3.43,,23.0,64,76,26.3,77.66,34.0,220.2,219.9,28,23,119.7,196.7,72.22,43.0,8-3,Arizona State,Arizona State,0.0,44,40,339.9,416.6,,2025-11-29T02:00:00Z,,,,0.37,,,,"{'league_metrics_away': {'ATS': None, 'PA': 20.0, 'PF': 33.5, 'PY(D)': 159.7, 'PY(O)': 251.5, 'R(D)_PY': 7, 'R(D)_RY': 72, 'R(D)_TY': 21, 'R(O)_PY': 43, 'R(O)_RY': 67, 'R(O)_TY': 50, 'RY(D)': 150.2, 'RY(O)': 156.5, 'SU': '8-3', 'TO': 1.1, 'TY(D)': 309.9, 'TY(O)': 408.0, 'Team': 'Arizona'}, 'league_metrics_home': {'ATS': None, 'PA': 23.0, 'PF': 26.3, 'PY(D)': 220.2, 'PY(O)': 219.9, 'R(D)_PY': 64, 'R(D)_RY': 28, 'R(D)_TY': 44, 'R(O)_PY': 76, 'R(O)_RY': 23, 'R(O)_TY': 40, 'RY(D)': 119.7, 'RY(O)': 196.7, 'SU': '8-3', 'TO': 0.0, 'TY(D)': 339.9, 'TY(O)': 416.6, 'Team': 'Arizona State'}, 'sagarin_away': {'fetched_at': '2025-11-30 10:26:19.853969+00:00', 'hfa': 3.43, 'page_stamp': 'COLLEGE FOOTBALL 2025 through results of 2025 NOVEMBER 22 SATURDAY - WEEK 13', 'pr': 77.29, 'pr_rank': 35, 'season': 2025, 'sos': 68.79, 'sos_rank': 61, 'source_url': 'http://sagarin.com/sports/cfsend.htm', 'team': 'Arizona', 'team_norm': 'Arizona', 'team_raw': 'Arizona', 'week': 14}, 'sagarin_home': {'fetched_at': '2025-11-30 10:26:19.853969+00:00', 'hfa': 3.43, 'page_stamp': 'COLLEGE FOOTBALL 2025 through results of 2025 NOVEMBER 22 SATURDAY - WEEK 13', 'pr': 77.66, 'pr_rank': 34, 'season': 2025, 'sos': 72.22, 'sos_rank': 43, 'source_url': 'http://sagarin.com/sports/cfsend.htm', 'team': 'Arizona State', 'team_norm': 'Arizona State', 'team_raw': 'Arizona State', 'week': 14}, 'schedule_row': {'away_team': 'Arizona', 'conference_game': True, 'home_team': 'Arizona State', 'id': 401756961, 'kickoff_iso_utc': '2025-11-29T02:00:00Z', 'season': 2025, 'venue': 'Mountain America Stadium', 'week': 14}}",2025,,401756961,,,,14
,28.5,74,127,15.1,49.27,128.0,226.9,134.5,102,87,174.9,136.5,61.71,97.0,4-7,Ball State,Ball State,-0.2,99,130,401.8,270.9,,20251129_1700_ball_state_miami_oh,3.43,,21.7,50,100,24.4,64.56,84.0,208.9,193.2,27,69,119.4,153.3,62.18,93.0,6-5,Miami (oh),Miami (OH),0.6,33,96,328.3,346.5,,2025-11-29T17:00:00Z,,,,15.29,,,,"{'league_metrics_away': {'ATS': None, 'PA': 28.5, 'PF': 15.1, 'PY(D)': 226.9, 'PY(O)': 134.5, 'R(D)_PY': 74, 'R(D)_RY': 102, 'R(D)_TY': 99, 'R(O)_PY': 127, 'R(O)_RY': 87, 'R(O)_TY': 130, 'RY(D)': 174.9, 'RY(O)': 136.5, 'SU': '4-7', 'TO': -0.2, 'TY(D)': 401.8, 'TY(O)': 270.9, 'Team': 'Ball State'}, 'league_metrics_home': {'ATS': None, 'PA': 21.7, 'PF': 24.4, 'PY(D)': 208.9, 'PY(O)': 193.2, 'R(D)_PY': 50, 'R(D)_RY': 27, 'R(D)_TY': 33, 'R(O)_PY': 100, 'R(O)_RY': 69, 'R(O)_TY': 96, 'RY(D)': 119.4, 'RY(O)': 153.3, 'SU': '6-5', 'TO': 0.6, 'TY(D)': 328.3, 'TY(O)': 346.5, 'Team': 'Miami (oh)'}, 'sagarin_away': {'fetched_at': '2025-11-30 10:26:19.853969+00:00', 'hfa': 3.43, 'page_stamp': 'COLLEGE FOOTBALL 2025 through results of 2025 NOVEMBER 22 SATURDAY - WEEK 13', 'pr': 49.27, 'pr_rank': 128, 'season': 2025, 'sos': 61.71, 'sos_rank': 97, 'source_url': 'http://sagarin.com/sports/cfsend.htm', 'team': 'Ball State', 'team_norm': 'Ball State', 'team_raw': 'Ball State', 'week': 14}, 'sagarin_home': {'fetched_at': '2025-11-30 10:26:19.853969+00:00', 'hfa': 3.43, 'page_stamp': 'COLLEGE FOOTBALL 2025 through results of 2025 NOVEMBER 22 SATURDAY - WEEK 13', 'pr': 64.56, 'pr_rank': 84, 'season': 2025, 'sos': 62.18, 'sos_rank': 93, 'source_url': 'http://sagarin.com/sports/cfsend.htm', 'team': 'Miami-ohio', 'team_norm': 'Miami-ohio', 'team_raw': 'Miami-Ohio', 'week': 14}, 'schedule_row': {'away_team': 'Ball State', 'conference_game': True, 'home_team': 'Miami (OH)', 'id': 401762875, 'kickoff_iso_utc': '2025-11-29T17:00:00Z', 'season': 2025, 'venue': 'Yager Stadium', 'week': 14}}",2025,,401762875,,,,14
,21.0,91,23,28.7,79.76,28.0,239.0,274.5,22,95,108.7,129.8,70.42,57.0,6-5,Clemson Tigers,Clemson,-0.1,47,56,347.5,404.4,,20251129_1700_clemson_tigers_south_carolina,3.43,,21.5,54,84,23.5,81.64,25.0,211.6,211.1,46,113,136.1,118.0,79.58,4.0,4-7,South Carolina,South Carolina,0.6,48,107,347.7,329.1,,2025-11-29T17:00:00Z,,,,1.88,,,,"{'league_metrics_away': {'ATS': None, 'PA': 21.0, 'PF': 28.7, 'PY(D)': 239.0, 'PY(O)': 274.5, 'R(D)_PY': 91, 'R(D)_RY': 22, 'R(D)_TY': 47, 'R(O)_PY': 23, 'R(O)_RY': 95, 'R(O)_TY': 56, 'RY(D)': 108.7, 'RY(O)': 129.8, 'SU': '6-5', 'TO': -0.1, 'TY(D)': 347.5, 'TY(O)': 404.4, 'Team': 'Clemson Tigers'}, 'league_metrics_home': {'ATS': None, 'PA': 21.5, 'PF': 23.5, 'PY(D)': 211.6, 'PY(O)': 211.1, 'R(D)_PY': 54, 'R(D)_RY': 46, 'R(D)_TY': 48, 'R(O)_PY': 84, 'R(O)_RY': 113, 'R(O)_TY': 107, 'RY(D)': 136.1, 'RY(O)': 118.0, 'SU': '4-7', 'TO': 0.6, 'TY(D)': 347.7, 'TY(O)': 329.1, 'Team': 'South Carolina'}, 'sagarin_away': {'fetched_at': '2025-11-30 10:26:19.853969+00:00', 'hfa': 3.43, 'page_stamp': 'COLLEGE FOOTBALL 2025 through results of 2025 NOVEMBER 22 SATURDAY - WEEK 13', 'pr': 79.76, 'pr_rank': 28, 'season': 2025, 'sos': 70.42, 'sos_rank': 57, 'source_url': 'http://sagarin.com/sports/cfsend.htm', 'team': 'Clemson Tigers', 'team_norm': 'Clemson Tigers', 'team_raw': 'Clemson', 'week': 14}, 'sagarin_home': {'fetched_at': '2025-11-30 10:26:19.853969+00:00', 'hfa': 3.43, 'page_stamp': 'COLLEGE FOOTBALL 2025 through results of 2025 NOVEMBER 22 SATURDAY - WEEK 13', 'pr': 81.64, 'pr_rank': 25, 'season': 2025, 'sos': 79.58, 'sos_rank': 4, 'source_url': 'http://sagarin.com/sports/cfsend.htm', 'team': 'South Carolina', 'team_norm': 'South Carolina', 'team_raw': 'South Carolina', 'week': 14}, 'schedule_row': {'away_team': 'Clemson', 'conference_game': False, 'home_team': 'South Carolina', 'id': 401752790, 'kickoff_iso_utc': '2025-11-29T17:00:00Z', 'season': 2025, 'venue': 'Williams-Brice Stadium', 'week': 14}}",2025,,401752790,,,,14
,31.1,53,90,21.5,64.13,89.0,211.2,205.5,131,102,225.0,124.5,73.04,37.0,3-8,Colorado,Colorado,-0.1,123,106,436.2,330.0,,20251129_1700_colorado_kansas_state,3.43,,27.8,75,89,29.9,76.59,40.0,227.0,205.9,87,57,165.0,169.2,72.16,45.0,5-6,Kansas State,Kansas State,0.9,86,81,392.0,375.1,,2025-11-29T17:00:00Z,,,,12.46,,,,"{'league_metrics_away': {'ATS': None, 'PA': 31.1, 'PF': 21.5, 'PY(D)': 211.2, 'PY(O)': 205.5, 'R(D)_PY': 53, 'R(D)_RY': 131, 'R(D)_TY': 123, 'R(O)_PY': 90, 'R(O)_RY': 102, 'R(O)_TY': 106, 'RY(D)': 225.0, 'RY(O)': 124.5, 'SU': '3-8', 'TO': -0.1, 'TY(D)': 436.2, 'TY(O)': 330.0, 'Team': 'Colorado'}, 'league_metrics_home': {'ATS': None, 'PA': 27.8, 'PF': 29.9, 'PY(D)': 227.0, 'PY(O)': 205.9, 'R(D)_PY': 75, 'R(D)_RY': 87, 'R(D)_TY': 86, 'R(O)_PY': 89, 'R(O)_RY': 57, 'R(O)_TY': 81, 'RY(D)': 165.0, 'RY(O)': 169.2, 'SU': '5-6', 'TO': 0.9, 'TY(D)': 392.0, 'TY(O)': 375.1, 'Team': 'Kansas State'}, 'sagarin_away': {'fetched_at': '2025-11-30 10:26:19.853969+00:00', 'hfa': 3.43, 'page_stamp': 'COLLEGE FOOTBALL 2025 through results of 2025 NOVEMBER 22 SATURDAY - WEEK 13', 'pr': 64.13, 'pr_rank': 89, 'season': 2025, 'sos': 73.04, 'sos_rank': 37, 'source_url': 'http://sagarin.com/sports/cfsend.htm', 'team': 'Colorado', 'team_norm': 'Colorado', 'team_raw': 'Colorado', 'week': 14}, 'sagarin_home': {'fetched_at': '2025-11-30 10:26:19.853969+00:00', 'hfa': 3.43, 'page_stamp': 'COLLEGE FOOTBALL 2025 through results of 2025 NOVEMBER 22 SATURDAY - WEEK 13', 'pr': 76.59, 'pr_rank': 40, 'season': 2025, 'sos': 72.16, 'sos_rank': 45, 'source_url': 'http://sagarin.com/sports/cfsend.htm', 'team': 'Kansas State', 'team_norm': 'Kansas State', 'team_raw': 'Kansas State', 'week': 14}, 'schedule_row': {'away_team': 'Colorado', 'conference_game': True, 'home_team': 'Kansas State', 'id': 401756965, 'kickoff_iso_utc': '2025-11-29T17:00:00Z', 'season': 2025, 'venue': 'Bill Snyder Family Stadium', 'week': 14}}",2025,,401756965,,,,14
,21.9,69,17,32.7,68.5,68.0,222.3,282.7,40,46,127.6,177.6,63.72,79.0,7-4,East Carolina,East Carolina,0.2,51,18,349.9,460.4,,20251129_1700_east_carolina_florida_atlantic,3.43,,35.8,83,1,31.9,58.53,103.0,233.1,344.3,120,117,195.1,111.2,62.95,85.0,4-7,Florida Atlantic,Florida Atlantic,-1.5,117,20,428.2,455.5,,2025-11-29T17:00:00Z,,,,-9.97,,,,"{'league_metrics_away': {'ATS': None, 'PA': 21.9, 'PF': 32.7, 'PY(D)': 222.3, 'PY(O)': 282.7, 'R(D)_PY': 69, 'R(D)_RY': 40, 'R(D)_TY': 51, 'R(O)_PY': 17, 'R(O)_RY': 46, 'R(O)_TY': 18, 'RY(D)': 127.6, 'RY(O)': 177.6, 'SU': '7-4', 'TO': 0.2, 'TY(D)': 349.9, 'TY(O)': 460.4, 'Team': 'East Carolina'}, 'league_metrics_home': {'ATS': None, 'PA': 35.8, 'PF': 31.9, 'PY(D)': 233.1, 'PY(O)': 344.3, 'R(D)_PY': 83, 'R(D)_RY': 120, 'R(D)_TY': 117, 'R(O)_PY': 1, 'R(O)_RY': 117, 'R(O)_TY': 20, 'RY(D)': 195.1, 'RY(O)': 111.2, 'SU': '4-7', 'TO': -1.5, 'TY(D)': 428.2, 'TY(O)': 455.5, 'Team': 'Florida Atlantic'}, 'sagarin_away': {'fetched_at': '2025-11-30 10:26:19.853969+00:00', 'hfa': 3.43, 'page_stamp': 'COLLEGE FOOTBALL 2025 through results of 2025 NOVEMBER 22 SATURDAY - WEEK 13', 'pr': 68.5, 'pr_rank': 68, 'season': 2025, 'sos': 63.72, 'sos_rank': 79, 'source_url': 'http://sagarin.com/sports/cfsend.htm', 'team': 'East Carolina', 'team_norm': 'East Carolina', 'team_raw': 'East Carolina', 'week': 14}, 'sagarin_home': {'fetched_at': '2025-11-30 10:26:19.853969+00:00', 'hfa': 3.43, 'page_stamp': 'COLLEGE FOOTBALL 2025 through results of 2025 NOVEMBER 22 SATURDAY - WEEK 13', 'pr': 58.53, 'pr_rank': 103, 'season': 2025, 'sos': 62.95, 'sos_rank': 85, 'source_url': 'http://sagarin.com/sports/cfsend.htm', 'team': 'Florida Atlantic', 'team_norm': 'Florida Atlantic', 'team_raw': 'Florida Atlantic', 'week': 14}, 'schedule_row': {'away_team': 'East Carolina', 'conference_game': True, 'home_team': 'Florida Atlantic', 'id': 401762519, 'kickoff_iso_utc': '2025-11-29T17:00:00Z', 'season': 2025, 'venue': 'FAU Stadium', 'week': 14}}",2025,,401762519,,,,14
,21.6,46,78,28.1,72.41,54.0,206.3,216.5,45,52,135.3,172.6,67.04,68.0,8-3,Houston,Houston,0.2,45,66,341.5,389.2,HOME,20251129_1700_houston_baylor,3.43,,32.7,35,4,31.7,71.38,60.0,193.9,309.6,121,80,195.6,144.3,74.01,28.0,5-6,Baylor,Baylor,-1.1,82,21,389.5,453.9,False,2025-11-29T17:00:00Z,119.0,-143.0,williamhill_us,-1.03,,,,"{'league_metrics_away': {'ATS': None, 'PA': 21.6, 'PF': 28.1, 'PY(D)': 206.3, 'PY(O)': 216.5, 'R(D)_PY': 46, 'R(D)_RY': 45, 'R(D)_TY': 45, 'R(O)_PY': 78, 'R(O)_RY': 52, 'R(O)_TY': 66, 'RY(D)': 135.3, 'RY(O)': 172.6, 'SU': '8-3', 'TO': 0.2, 'TY(D)': 341.5, 'TY(O)': 389.2, 'Team': 'Houston'}, 'league_metrics_home': {'ATS': None, 'PA': 32.7, 'PF': 31.7, 'PY(D)': 193.9, 'PY(O)': 309.6, 'R(D)_PY': 35, 'R(D)_RY': 121, 'R(D)_TY': 82, 'R(O)_PY': 4, 'R(O)_RY': 80, 'R(O)_TY': 21, 'RY(D)': 195.6, 'RY(O)': 144.3, 'SU': '5-6', 'TO': -1.1, 'TY(D)': 389.5, 'TY(O)': 453.9, 'Team': 'Baylor'}, 'sagarin_away': {'fetched_at': '2025-11-30 10:26:19.853969+00:00', 'hfa': 3.43, 'page_stamp': 'COLLEGE FOOTBALL 2025 through results of 2025 NOVEMBER 22 SATURDAY - WEEK 13', 'pr': 72.41, 'pr_rank': 54, 'season': 2025, 'sos': 67.04, 'sos_rank': 68, 'source_url': 'http://sagarin.com/sports/cfsend.htm', 'team': 'Houston', 'team_norm': 'Houston', 'team_raw': 'Houston', 'week': 14}, 'sagarin_home': {'fetched_at': '2025-11-30 10:26:19.853969+00:00', 'hfa': 3.43, 'page_stamp': 'COLLEGE FOOTBALL 2025 through results of 2025 NOVEMBER 22 SATURDAY - WEEK 13', 'pr': 71.38, 'pr_rank': 60, 'season': 2025, 'sos': 74.01, 'sos_rank': 28, 'source_url': 'http://sagarin.com/sports/cfsend.htm', 'team': 'Baylor', 'team_norm': 'Baylor', 'team_raw': 'Baylor', 'week': 14}, 'schedule_row': {'away_team': 'Houston', 'conference_game': True, 'home_team': 'Baylor', 'id': 401756962, 'kickoff_iso_utc': '2025-11-29T17:00:00Z', 'season': 2025, 'venue': 'McLane Stadium', 'week': 14}, 'odds_row': {'source': 'staging', 'season': 2025, 'week': 14, 'markets': {'spreads': {'book': 'williamhill_us', 'fetch_ts': '2025-11-29T10:26:55Z', 'line': {'spread_home_relative': -2.5, 'favored_side': 'HOME', 'spread_favored_team': -2.5, 'home_price': -114, 'away_price': -107, 'raw_outcomes': [{'name': 'Baylor Bears', 'token': 'baylor', 'price': -114, 'point': -2.5}, {'name': 'Houston Cougars', 'token': 'houston', 'price': -107, 'point': 2.5}]}}, 'totals': {'book': 'williamhill_us', 'fetch_ts': '2025-11-29T10:26:55Z', 'line': {'total_points': 57.5, 'over_price': -107, 'under_price': -113, 'raw_outcomes': [{'name': 'Over', 'token': 'over', 'price': -107, 'point': 57.5}, {'name': 'Under', 'token': 'under', 'price': -113, 'point': 57.5}]}}, 'h2h': {'book': 'williamhill_us', 'fetch_ts': '2025-11-29T10:26:55Z', 'line': {'moneyline_home': -143, 'moneyline_away': 119, 'raw_outcomes': [{'name': 'Baylor Bears', 'token': 'baylor', 'price': -143, 'point': None}, {'name': 'Houston Cougars', 'token': 'houston', 'price': 119, 'point': None}]}}}}}",2025,2025-11-29T10:26:55Z,401756962,-2.5,-2.5,57.5,14
,20.8,63,64,28.1,77.13,37.0,220.0,231.3,69,58,149.1,169.0,72.45,42.0,7-4,Iowa State,Iowa State,0.3,65,58,369.1,400.3,,20251129_1700_iowa_state_oklahoma_state,3.43,,34.5,122,114,14.3,56.9,111.0,263.8,171.5,85,99,161.4,126.7,72.0,47.0,1-10,Oklahoma State,Oklahoma State,-0.4,114,125,425.2,298.3,,2025-11-29T17:00:00Z,,,,-20.23,,,,"{'league_metrics_away': {'ATS': None, 'PA': 20.8, 'PF': 28.1, 'PY(D)': 220.0, 'PY(O)': 231.3, 'R(D)_PY': 63, 'R(D)_RY': 69, 'R(D)_TY': 65, 'R(O)_PY': 64, 'R(O)_RY': 58, 'R(O)_TY': 58, 'RY(D)': 149.1, 'RY(O)': 169.0, 'SU': '7-4', 'TO': 0.3, 'TY(D)': 369.1, 'TY(O)': 400.3, 'Team': 'Iowa State'}, 'league_metrics_home': {'ATS': None, 'PA': 34.5, 'PF': 14.3, 'PY(D)': 263.8, 'PY(O)': 171.5, 'R(D)_PY': 122, 'R(D)_RY': 85, 'R(D)_TY': 114, 'R(O)_PY': 114, 'R(O)_RY': 99, 'R(O)_TY': 125, 'RY(D)': 161.4, 'RY(O)': 126.7, 'SU': '1-10', 'TO': -0.4, 'TY(D)': 425.2, 'TY(O)': 298.3, 'Team': 'Oklahoma State'}, 'sagarin_away': {'fetched_at': '2025-11-30 10:26:19.853969+00:00', 'hfa': 3.43, 'page_stamp': 'COLLEGE FOOTBALL 2025 through results of 2025 NOVEMBER 22 SATURDAY - WEEK 13', 'pr': 77.13, 'pr_rank': 37, 'season': 2025, 'sos': 72.45, 'sos_rank': 42, 'source_url': 'http://sagarin.com/sports/cfsend.htm', 'team': 'Iowa State', 'team_norm': 'Iowa State', 'team_raw': 'Iowa State', 'week': 14}, 'sagarin_home': {'fetched_at': '2025-11-30 10:26:19.853969+00:00', 'hfa': 3.43, 'page_stamp': 'COLLEGE FOOTBALL 2025 through results of 2025 NOVEMBER 22 SATURDAY - WEEK 13', 'pr': 56.9, 'pr_rank': 111, 'season': 2025, 'sos': 72.0, 'sos_rank': 47, 'source_url': 'http://sagarin.com/sports/cfsend.htm', 'team': 'Oklahoma State', 'team_norm': 'Oklahoma State', 'team_raw': 'Oklahoma State', 'week': 14}, 'schedule_row': {'away_team': 'Iowa State', 'conference_game': True, 'home_team': 'Oklahoma State', 'id': 401756966, 'kickoff_iso_utc': '2025-11-29T17:00:00Z', 'season': 2025, 'venue': 'Boone Pickens Stadium', 'week': 14}}",2025,,401756966,,,,14
,25.1,103,83,25.1,76.74,39.0,245.2,211.2,33,75,123.5,148.3,78.93,5.0,5-6,Kentucky,Kentucky,-0.5,64,88,368.6,359.5,HOME,20251129_1700_kentucky_louisville,3.43,,23.0,38,66,29.2,77.28,36.0,198.8,230.3,25,68,116.1,154.0,71.74,48.0,7-4,Louisville,Louisville,0.1,24,70,314.9,384.3,False,2025-11-29T17:00:00Z,117.0,-141.0,williamhill_us,0.54,,,,"{'league_metrics_away': {'ATS': None, 'PA': 25.1, 'PF': 25.1, 'PY(D)': 245.2, 'PY(O)': 211.2, 'R(D)_PY': 103, 'R(D)_RY': 33, 'R(D)_TY': 64, 'R(O)_PY': 83, 'R(O)_RY': 75, 'R(O)_TY': 88, 'RY(D)': 123.5, 'RY(O)': 148.3, 'SU': '5-6', 'TO': -0.5, 'TY(D)': 368.6, 'TY(O)': 359.5, 'Team': 'Kentucky'}, 'league_metrics_home': {'ATS': None, 'PA': 23.0, 'PF': 29.2, 'PY(D)': 198.8, 'PY(O)': 230.3, 'R(D)_PY': 38, 'R(D)_RY': 25, 'R(D)_TY': 24, 'R(O)_PY': 66, 'R(O)_RY': 68, 'R(O)_TY': 70, 'RY(D)': 116.1, 'RY(O)': 154.0, 'SU': '7-4', 'TO': 0.1, 'TY(D)': 314.9, 'TY(O)': 384.3, 'Team': 'Louisville'}, 'sagarin_away': {'fetched_at': '2025-11-30 10:26:19.853969+00:00', 'hfa': 3.43, 'page_stamp': 'COLLEGE FOOTBALL 2025 through results of 2025 NOVEMBER 22 SATURDAY - WEEK 13', 'pr': 76.74, 'pr_rank': 39, 'season': 2025, 'sos': 78.93, 'sos_rank': 5, 'source_url': 'http://sagarin.com/sports/cfsend.htm', 'team': 'Kentucky', 'team_norm': 'Kentucky', 'team_raw': 'Kentucky', 'week': 14}, 'sagarin_home': {'fetched_at': '2025-11-30 10:26:19.853969+00:00', 'hfa': 3.43, 'page_stamp': 'COLLEGE FOOTBALL 2025 through results of 2025 NOVEMBER 22 SATURDAY - WEEK 13', 'pr': 77.28, 'pr_rank': 36, 'season': 2025, 'sos': 71.74, 'sos_rank': 48, 'source_url': 'http://sagarin.com/sports/cfsend.htm', 'team': 'Louisville', 'team_norm': 'Louisville', 'team_raw': 'Louisville', 'week': 14}, 'schedule_row': {'away_team': 'Kentucky', 'conference_game': False, 'home_team': 'Louisville', 'id': 401752787, 'kickoff_iso_utc': '2025-11-29T17:00:00Z', 'season': 2025, 'venue': 'L&N Federal Credit Union Stadium', 'week': 14}, 'odds_row': {'source': 'staging', 'season': 2025, 'week': 14, 'markets': {'spreads': {'book': 'williamhill_us', 'fetch_ts': '2025-11-29T10:26:55Z', 'line': {'spread_home_relative': -2.5, 'favored_side': 'HOME', 'spread_favored_team': -2.5, 'home_price': -114, 'away_price': -106, 'raw_outcomes': [{'name': 'Kentucky Wildcats', 'token': 'kentucky', 'price': -106, 'point': 2.5}, {'name': 'Louisville Cardinals', 'token': 'louisville', 'price': -114, 'point': -2.5}]}}, 'totals': {'book': 'williamhill_us', 'fetch_ts': '2025-11-29T10:26:55Z', 'line': {'total_points': 46.5, 'over_price': -114, 'under_price': -106, 'raw_outcomes': [{'name': 'Over', 'token': 'over', 'price': -114, 'point': 46.5}, {'name': 'Under', 'token': 'under', 'price': -106, 'point': 46.5}]}}, 'h2h': {'book': 'williamhill_us', 'fetch_ts': '2025-11-29T10:26:55Z', 'line': {'moneyline_home': -141, 'moneyline_away': 117, 'raw_outcomes': [{'name': 'Kentucky Wildcats', 'token': 'kentucky', 'price': 117, 'point': None}, {'name': 'Louisville Cardinals', 'token': 'louisville', 'price': -141, 'point': None}]}}}}}",2025,2025-11-29T10:26:55Z,401752787,-2.5,-2.5,46.5,14
,14.5,27,21,33.7,88.9,9.0,190.2,275.8,6,73,92.1,150.8,72.79,38.0,9-2,Miami,Miami,0.8,12,30,282.3,426.6,AWAY,20251129_1700_miami_pittsburgh,3.43,,23.7,86,18,37.6,81.26,27.0,236.9,281.9,8,101,93.2,125.5,70.45,56.0,8-3,Pittsburgh,Pittsburgh,0.2,36,52,330.1,407.4,False,2025-11-29T17:00:00Z,-265.0,215.0,williamhill_us,-7.64,,,,"{'league_metrics_away': {'ATS': None, 'PA': 14.5, 'PF': 33.7, 'PY(D)': 190.2, 'PY(O)': 275.8, 'R(D)_PY': 27, 'R(D)_RY': 6, 'R(D)_TY': 12, 'R(O)_PY': 21, 'R(O)_RY': 73, 'R(O)_TY': 30, 'RY(D)': 92.1, 'RY(O)': 150.8, 'SU': '9-2', 'TO': 0.8, 'TY(D)': 282.3, 'TY(O)': 426.6, 'Team': 'Miami'}, 'league_metrics_home': {'ATS': None, 'PA': 23.7, 'PF': 37.6, 'PY(D)': 236.9, 'PY(O)': 281.9, 'R(D)_PY': 86, 'R(D)_RY': 8, 'R(D)_TY': 36, 'R(O)_PY': 18, 'R(O)_RY': 101, 'R(O)_TY': 52, 'RY(D)': 93.2, 'RY(O)': 125.5, 'SU': '8-3', 'TO': 0.2, 'TY(D)': 330.1, 'TY(O)': 407.4, 'Team': 'Pittsburgh'}, 'sagarin_away': {'fetched_at': '2025-11-30 10:26:19.853969+00:00', 'hfa': 3.43, 'page_stamp': 'COLLEGE FOOTBALL 2025 through results of 2025 NOVEMBER 22 SATURDAY - WEEK 13', 'pr': 88.9, 'pr_rank': 9, 'season': 2025, 'sos': 72.79, 'sos_rank': 38, 'source_url': 'http://sagarin.com/sports/cfsend.htm', 'team': 'Miami-florida', 'team_norm': 'Miami-florida', 'team_raw': 'Miami-Florida', 'week': 14}, 'sagarin_home': {'fetched_at': '2025-11-30 10:26:19.853969+00:00', 'hfa': 3.43, 'page_stamp': 'COLLEGE FOOTBALL 2025 through results of 2025 NOVEMBER 22 SATURDAY - WEEK 13', 'pr': 81.26, 'pr_rank': 27, 'season': 2025, 'sos': 70.45, 'sos_rank': 56, 'source_url': 'http://sagarin.com/sports/cfsend.htm', 'team': 'Pittsburgh', 'team_norm': 'Pittsburgh', 'team_raw': 'Pittsburgh', 'week': 14}, 'schedule_row': {'away_team': 'Miami', 'conference_game': True, 'home_team': 'Pittsburgh', 'id': 401754611, 'kickoff_iso_utc': '2025-11-29T17:00:00Z', 'season': 2025, 'venue': 'Acrisure Stadium', 'week': 14}, 'odds_row': {'source': 'staging', 'season': 2025, 'week': 14, 'markets': {'spreads': {'book': 'williamhill_us', 'fetch_ts': '2025-11-29T10:26:55Z', 'line': {'spread_home_relative': 7.0, 'favored_side': 'AWAY', 'spread_favored_team': -7.0, 'home_price': -110, 'away_price': -109, 'raw_outcomes': [{'name': 'Miami Hurricanes', 'token': 'miami', 'price': -109, 'point': -7.0}, {'name': 'Pittsburgh Panthers', 'token': 'pittsburgh', 'price': -110, 'point': 7.0}]}}, 'totals': {'book': 'williamhill_us', 'fetch_ts': '2025-11-29T10:26:55Z', 'line': {'total_points': 49.5, 'over_price': -107, 'under_price': -114, 'raw_outcomes': [{'name': 'Over', 'token': 'over', 'price': -107, 'point': 49.5}, {'name': 'Under', 'token': 'under', 'price': -114, 'point': 49.5}]}}, 'h2h': {'book': 'williamhill_us', 'fetch_ts': '2025-11-29T10:26:55Z', 'line': {'moneyline_home': 215, 'moneyline_away': -265, 'raw_outcomes': [{'name': 'Miami Hurricanes', 'token': 'miami', 'price': -265, 'point': None}, {'name': 'Pittsburgh Panthers', 'token': 'pittsburgh', 'price': 215, 'point': None}]}}}}}",2025,2025-11-29T10:26:55Z,401754611,-7.0,7.0,49.5,14
,7.6,1,27,37.9,97.09,1.0,126.6,270.1,2,55,80.0,170.7,72.14,46.0,11-0,Ohio State Buckeyes,Ohio State,0.4,1,24,206.6,440.8,,20251129_1700_ohio_state_buckeyes_michigan,3.43,,17.9,49,96,29.3,83.13,22.0,208.5,196.9,12,10,94.4,224.6,73.51,32.0,9-2,Michigan,Michigan,0.4,17,37,302.9,421.5,,2025-11-29T17:00:00Z,,,,-13.96,,,,"{'league_metrics_away': {'ATS': None, 'PA': 7.6, 'PF': 37.9, 'PY(D)': 126.6, 'PY(O)': 270.1, 'R(D)_PY': 1, 'R(D)_RY': 2, 'R(D)_TY': 1, 'R(O)_PY': 27, 'R(O)_RY': 55, 'R(O)_TY': 24, 'RY(D)': 80.0, 'RY(O)': 170.7, 'SU': '11-0', 'TO': 0.4, 'TY(D)': 206.6, 'TY(O)': 440.8, 'Team': 'Ohio State Buckeyes'}, 'league_metrics_home': {'ATS': None, 'PA': 17.9, 'PF': 29.3, 'PY(D)': 208.5, 'PY(O)': 196.9, 'R(D)_PY': 49, 'R(D)_RY': 12, 'R(D)_TY': 17, 'R(O)_PY': 96, 'R(O)_RY': 10, 'R(O)_TY': 37, 'RY(D)': 94.4, 'RY(O)': 224.6, 'SU': '9-2', 'TO': 0.4, 'TY(D)': 302.9, 'TY(O)': 421.5, 'Team': 'Michigan'}, 'sagarin_away': {'fetched_at': '2025-11-30 10:26:19.853969+00:00', 'hfa': 3.43, 'page_stamp': 'COLLEGE FOOTBALL 2025 through results of 2025 NOVEMBER 22 SATURDAY - WEEK 13', 'pr': 97.09, 'pr_rank': 1, 'season': 2025, 'sos': 72.14, 'sos_rank': 46, 'source_url': 'http://sagarin.com/sports/cfsend.htm', 'team': 'Ohio State Buckeyes', 'team_norm': 'Ohio State Buckeyes', 'team_raw': 'Ohio State', 'week': 14}, 'sagarin_home': {'fetched_at': '2025-11-30 10:26:19.853969+00:00', 'hfa': 3.43, 'page_stamp': 'COLLEGE FOOTBALL 2025 through results of 2025 NOVEMBER 22 SATURDAY - WEEK 13', 'pr': 83.13, 'pr_rank': 22, 'season': 2025, 'sos': 73.51, 'sos_rank': 32, 'source_url': 'http://sagarin.com/sports/cfsend.htm', 'team': 'Michigan', 'team_norm': 'Michigan', 'team_raw': 'Michigan', 'week': 14}, 'schedule_row': {'away_team': 'Ohio State', 'conference_game': True, 'home_team': 'Michigan', 'id': 401752921, 'kickoff_iso_utc': '2025-11-29T17:00:00Z', 'season': 2025, 'venue': 'Michigan Stadium', 'week': 14}}",2025,,401752921,,,,14
,12.3,30,15,42.6,89.7,8.0,191.4,286.5,1,25,74.4,195.5,66.5,71.0,10-1,Texas Tech,Texas Tech,1.2,7,9,265.7,482.0,,20251129_1700_texas_tech_west_virginia,3.43,,29.2,116,101,23.7,68.13,70.0,254.6,193.1,55,53,141.5,171.9,72.74,40.0,4-7,West Virginia,West Virginia,0.2,90,84,396.2,365.0,,2025-11-29T17:00:00Z,,,,-21.57,,,,"{'league_metrics_away': {'ATS': None, 'PA': 12.3, 'PF': 42.6, 'PY(D)': 191.4, 'PY(O)': 286.5, 'R(D)_PY': 30, 'R(D)_RY': 1, 'R(D)_TY': 7, 'R(O)_PY': 15, 'R(O)_RY': 25, 'R(O)_TY': 9, 'RY(D)': 74.4, 'RY(O)': 195.5, 'SU': '10-1', 'TO': 1.2, 'TY(D)': 265.7, 'TY(O)': 482.0, 'Team': 'Texas Tech'}, 'league_metrics_home': {'ATS': None, 'PA': 29.2, 'PF': 23.7, 'PY(D)': 254.6, 'PY(O)': 193.1, 'R(D)_PY': 116, 'R(D)_RY': 55, 'R(D)_TY': 90, 'R(O)_PY': 101, 'R(O)_RY': 53, 'R(O)_TY': 84, 'RY(D)': 141.5, 'RY(O)': 171.9, 'SU': '4-7', 'TO': 0.2, 'TY(D)': 396.2, 'TY(O)': 365.0, 'Team': 'West Virginia'}, 'sagarin_away': {'fetched_at': '2025-11-30 10:26:19.853969+00:00', 'hfa': 3.43, 'page_stamp': 'COLLEGE FOOTBALL 2025 through results of 2025 NOVEMBER 22 SATURDAY - WEEK 13', 'pr': 89.7, 'pr_rank': 8, 'season': 2025, 'sos': 66.5, 'sos_rank': 71, 'source_url': 'http://sagarin.com/sports/cfsend.htm', 'team': 'Texas Tech', 'team_norm': 'Texas Tech', 'team_raw': 'Texas Tech', 'week': 14}, 'sagarin_home': {'fetched_at': '2025-11-30 10:26:19.853969+00:00', 'hfa': 3.43, 'page_stamp': 'COLLEGE FOOTBALL 2025 through results of 2025 NOVEMBER 22 SATURDAY - WEEK 13', 'pr': 68.13, 'pr_rank': 70, 'season': 2025, 'sos': 72.74, 'sos_rank': 40, 'source_url': 'http://sagarin.com/sports/cfsend.htm', 'team': 'West Virginia', 'team_norm': 'West Virginia', 'team_raw': 'West Virginia', 'week': 14}, 'schedule_row': {'away_team': 'Texas Tech', 'conference_game': True, 'home_team': 'West Virginia', 'id': 401756968, 'kickoff_iso_utc': '2025-11-29T17:00:00Z', 'season': 2025, 'venue': 'Milan Puskar Stadium', 'week': 14}}",2025,,401756968,,,,14
,13.0,4,47,32.5,71.89,58.0,148.7,247.5,10,47,93.5,176.0,57.03,132.0,7-4,Toledo,Toledo,0.5,2,34,242.3,423.5,,20251129_1700_toledo_central_michigan,3.43,,22.8,48,117,25.7,61.09,97.0,207.3,159.3,66,40,148.2,179.5,56.22,137.0,7-4,Central Michigan,Central Michigan,0.7,56,101,355.5,338.7,,2025-11-29T17:00:00Z,,,,-10.8,,,,"{'league_metrics_away': {'ATS': None, 'PA': 13.0, 'PF': 32.5, 'PY(D)': 148.7, 'PY(O)': 247.5, 'R(D)_PY': 4, 'R(D)_RY': 10, 'R(D)_TY': 2, 'R(O)_PY': 47, 'R(O)_RY': 47, 'R(O)_TY': 34, 'RY(D)': 93.5, 'RY(O)': 176.0, 'SU': '7-4', 'TO': 0.5, 'TY(D)': 242.3, 'TY(O)': 423.5, 'Team': 'Toledo'}, 'league_metrics_home': {'ATS': None, 'PA': 22.8, 'PF': 25.7, 'PY(D)': 207.3, 'PY(O)': 159.3, 'R(D)_PY': 48, 'R(D)_RY': 66, 'R(D)_TY': 56, 'R(O)_PY': 117, 'R(O)_RY': 40, 'R(O)_TY': 101, 'RY(D)': 148.2, 'RY(O)': 179.5, 'SU': '7-4', 'TO': 0.7, 'TY(D)': 355.5, 'TY(O)': 338.7, 'Team': 'Central Michigan'}, 'sagarin_away': {'fetched_at': '2025-11-30 10:26:19.853969+00:00', 'hfa': 3.43, 'page_stamp': 'COLLEGE FOOTBALL 2025 through results of 2025 NOVEMBER 22 SATURDAY - WEEK 13', 'pr': 71.89, 'pr_rank': 58, 'season': 2025, 'sos': 57.03, 'sos_rank': 132, 'source_url': 'http://sagarin.com/sports/cfsend.htm', 'team': 'Toledo', 'team_norm': 'Toledo', 'team_raw': 'Toledo', 'week': 14}, 'sagarin_home': {'fetched_at': '2025-11-30 10:26:19.853969+00:00', 'hfa': 3.43, 'page_stamp': 'COLLEGE FOOTBALL 2025 through results of 2025 NOVEMBER 22 SATURDAY - WEEK 13', 'pr': 61.09, 'pr_rank': 97, 'season': 2025, 'sos': 56.22, 'sos_rank': 137, 'source_url': 'http://sagarin.com/sports/cfsend.htm', 'team': 'Central Michigan', 'team_norm': 'Central Michigan', 'team_raw': 'Central Michigan', 'week': 14}, 'schedule_row': {'away_team': 'Toledo', 'conference_game': True, 'home_team': 'Central Michigan', 'id': 401762872, 'kickoff_iso_utc': '2025-11-29T17:00:00Z', 'season': 2025, 'venue': 'Kelly/Shorts Stadium', 'week': 14}}",2025,,401762872,,,,14
,28.8,115,82,26.8,57.82,109.0,254.4,212.1,81,39,156.3,179.9,58.11,128.0,6-5,Florida International,Florida International,-0.1,106,63,410.6,392.0,,20251129_1800_florida_international_sam_houston,3.43,,36.2,128,104,17.9,45.47,133.0,274.5,185.9,123,98,198.8,127.1,60.39,109.0,2-9,Sam Houston,Sam Houston,0.5,130,116,473.4,313.0,,2025-11-29T18:00:00Z,,,,-12.35,,,,"{'league_metrics_away': {'ATS': None, 'PA': 28.8, 'PF': 26.8, 'PY(D)': 254.4, 'PY(O)': 212.1, 'R(D)_PY': 115, 'R(D)_RY': 81, 'R(D)_TY': 106, 'R(O)_PY': 82, 'R(O)_RY': 39, 'R(O)_TY': 63, 'RY(D)': 156.3, 'RY(O)': 179.9, 'SU': '6-5', 'TO': -0.1, 'TY(D)': 410.6, 'TY(O)': 392.0, 'Team': 'Florida International'}, 'league_metrics_home': {'ATS': None, 'PA': 36.2, 'PF': 17.9, 'PY(D)': 274.5, 'PY(O)': 185.9, 'R(D)_PY': 128, 'R(D)_RY': 123, 'R(D)_TY': 130, 'R(O)_PY': 104, 'R(O)_RY': 98, 'R(O)_TY': 116, 'RY(D)': 198.8, 'RY(O)': 127.1, 'SU': '2-9', 'TO': 0.5, 'TY(D)': 473.4, 'TY(O)': 313.0, 'Team': 'Sam Houston'}, 'sagarin_away': {'fetched_at': '2025-11-30 10:26:19.853969+00:00', 'hfa': 3.43, 'page_stamp': 'COLLEGE FOOTBALL 2025 through results of 2025 NOVEMBER 22 SATURDAY - WEEK 13', 'pr': 57.82, 'pr_rank': 109, 'season': 2025, 'sos': 58.11, 'sos_rank': 128, 'source_url': 'http://sagarin.com/sports/cfsend.htm', 'team': 'Fla. International', 'team_norm': 'Fla. International', 'team_raw': 'Fla. International', 'week': 14}, 'sagarin_home': {'fetched_at': '2025-11-30 10:26:19.853969+00:00', 'hfa': 3.43, 'page_stamp': 'COLLEGE FOOTBALL 2025 through results of 2025 NOVEMBER 22 SATURDAY - WEEK 13', 'pr': 45.47, 'pr_rank': 133, 'season': 2025, 'sos': 60.39, 'sos_rank': 109, 'source_url': 'http://sagarin.com/sports/cfsend.htm', 'team': 'Sam Houston State', 'team_norm': 'Sam Houston State', 'team_raw': 'Sam Houston State', 'week': 14}, 'schedule_row': {'away_team': 'Florida International', 'conference_game': True, 'home_team': 'Sam Houston', 'id': 401757311, 'kickoff_iso_utc': '2025-11-29T18:00:00Z', 'season': 2025, 'venue': 'BBVA Compass Stadium', 'week': 14}}",2025,,401757311,,,,14
,22.0,19,77,24.6,66.17,78.0,175.6,217.7,78,59,154.2,168.7,67.04,69.0,5-6,Ucf,UCF,-0.2,35,69,329.8,386.5,HOME,20251129_1800_ucf_byu,3.43,,17.5,42,81,33.4,83.53,20.0,201.2,213.2,37,21,126.3,202.5,73.11,36.0,10-1,Byu,BYU,0.9,32,42,327.5,415.6,False,2025-11-29T18:00:00Z,700.0,-1200.0,williamhill_us,17.36,,,,"{'league_metrics_away': {'ATS': None, 'PA': 22.0, 'PF': 24.6, 'PY(D)': 175.6, 'PY(O)': 217.7, 'R(D)_PY': 19, 'R(D)_RY': 78, 'R(D)_TY': 35, 'R(O)_PY': 77, 'R(O)_RY': 59, 'R(O)_TY': 69, 'RY(D)': 154.2, 'RY(O)': 168.7, 'SU': '5-6', 'TO': -0.2, 'TY(D)': 329.8, 'TY(O)': 386.5, 'Team': 'Ucf'}, 'league_metrics_home': {'ATS': None, 'PA': 17.5, 'PF': 33.4, 'PY(D)': 201.2, 'PY(O)': 213.2, 'R(D)_PY': 42, 'R(D)_RY': 37, 'R(D)_TY': 32, 'R(O)_PY': 81, 'R(O)_RY': 21, 'R(O)_TY': 42, 'RY(D)': 126.3, 'RY(O)': 202.5, 'SU': '10-1', 'TO': 0.9, 'TY(D)': 327.5, 'TY(O)': 415.6, 'Team': 'Byu'}, 'sagarin_away': {'fetched_at': '2025-11-30 10:26:19.853969+00:00', 'hfa': 3.43, 'page_stamp': 'COLLEGE FOOTBALL 2025 through results of 2025 NOVEMBER 22 SATURDAY - WEEK 13', 'pr': 66.17, 'pr_rank': 78, 'season': 2025, 'sos': 67.04, 'sos_rank': 69, 'source_url': 'http://sagarin.com/sports/cfsend.htm', 'team': 'Central Florida(ucf)', 'team_norm': 'Central Florida(ucf)', 'team_raw': 'Central Florida(UCF)', 'week': 14}, 'sagarin_home': {'fetched_at': '2025-11-30 10:26:19.853969+00:00', 'hfa': 3.43, 'page_stamp': 'COLLEGE FOOTBALL 2025 through results of 2025 NOVEMBER 22 SATURDAY - WEEK 13', 'pr': 83.53, 'pr_rank': 20, 'season': 2025, 'sos': 73.11, 'sos_rank': 36, 'source_url': 'http://sagarin.com/sports/cfsend.htm', 'team': 'Byu', 'team_norm': 'Byu', 'team_raw': 'BYU', 'week': 14}, 'schedule_row': {'away_team': 'UCF', 'conference_game': True, 'home_team': 'BYU', 'id': 401756963, 'kickoff_iso_utc': '2025-11-29T18:00:00Z', 'season': 2025, 'venue': 'LaVell Edwards Stadium', 'week': 14}, 'odds_row': {'source': 'staging', 'season': 2025, 'week': 14, 'markets': {'spreads': {'book': 'williamhill_us', 'fetch_ts': '2025-11-29T10:26:55Z', 'line': {'spread_home_relative': -17.5, 'favored_side': 'HOME', 'spread_favored_team': -17.5, 'home_price': -109, 'away_price': -110, 'raw_outcomes': [{'name': 'BYU Cougars', 'token': 'byu', 'price': -109, 'point': -17.5}, {'name': 'UCF Knights', 'token': 'ucf', 'price': -110, 'point': 17.5}]}}, 'totals': {'book': 'williamhill_us', 'fetch_ts': '2025-11-29T10:26:55Z', 'line': {'total_points': 47.0, 'over_price': -113, 'under_price': -108, 'raw_outcomes': [{'name': 'Over', 'token': 'over', 'price': -113, 'point': 47.0}, {'name': 'Under', 'token': 'under', 'price': -108, 'point': 47.0}]}}, 'h2h': {'book': 'williamhill_us', 'fetch_ts': '2025-11-29T10:26:55Z', 'line': {'moneyline_home': -1200, 'moneyline_away': 700, 'raw_outcomes': [{'name': 'BYU Cougars', 'token': 'byu', 'price': -1200, 'point': None}, {'name': 'UCF Knights', 'token': 'ucf', 'price': 700, 'point': None}]}}}}}",2025,2025-11-29T10:26:55Z,401756963,-17.5,-17.5,47.0,14
,27.6,57,92,22.6,,,213.7,204.6,88,103,166.2,123.7,,,2-9,Utep,UTEP,-0.6,75,108,379.9,328.4,,20251129_1800_utep_delaware,,,32.6,88,8,26.9,,,237.9,300.3,106,122,177.4,106.9,,,5-6,Delaware,Delaware,-0.7,110,53,415.3,407.2,,2025-11-29T18:00:00Z,,,,,,,,"{'league_metrics_away': {'ATS': None, 'PA': 27.6, 'PF': 22.6, 'PY(D)': 213.7, 'PY(O)': 204.6, 'R(D)_PY': 57, 'R(D)_RY': 88, 'R(D)_TY': 75, 'R(O)_PY': 92, 'R(O)_RY': 103, 'R(O)_TY': 108, 'RY(D)': 166.2, 'RY(O)': 123.7, 'SU': '2-9', 'TO': -0.6, 'TY(D)': 379.9, 'TY(O)': 328.4, 'Team': 'Utep'}, 'league_metrics_home': {'ATS': None, 'PA': 32.6, 'PF': 26.9, 'PY(D)': 237.9, 'PY(O)': 300.3, 'R(D)_PY': 88, 'R(D)_RY': 106, 'R(D)_TY': 110, 'R(O)_PY': 8, 'R(O)_RY': 122, 'R(O)_TY': 53, 'RY(D)': 177.4, 'RY(O)': 106.9, 'SU': '5-6', 'TO': -0.7, 'TY(D)': 415.3, 'TY(O)': 407.2, 'Team': 'Delaware'}, 'sagarin_away': {'fetched_at': '2025-11-30 10:26:19.853969+00:00', 'hfa': 3.43, 'page_stamp': 'COLLEGE FOOTBALL 2025 through results of 2025 NOVEMBER 22 SATURDAY - WEEK 13', 'pr': 51.04, 'pr_rank': 126, 'season': 2025, 'sos': 56.94, 'sos_rank': 134, 'source_url': 'http://sagarin.com/sports/cfsend.htm', 'team': 'Utep', 'team_norm': 'Utep', 'team_raw': 'UTEP', 'week': 14}, 'schedule_row': {'away_team': 'UTEP', 'conference_game': True, 'home_team': 'Delaware', 'id': 401757310, 'kickoff_iso_utc': '2025-11-29T18:00:00Z', 'season': 2025, 'venue': 'Delaware Stadium', 'week': 14}}",2025,,401757310,,,,14
,35.5,90,51,28.2,57.89,108.0,238.5,244.1,133,77,236.1,145.8,61.68,98.0,5-6,Georgia Southern,Georgia Southern,0.3,131,65,474.5,389.9,,20251129_1830_georgia_southern_marshall,3.43,,30.8,114,95,31.8,62.09,94.0,253.2,198.8,61,17,146.7,210.4,61.98,95.0,5-6,Marshall,Marshall,0.5,96,48,399.9,409.2,,2025-11-29T18:30:00Z,,,,4.2,,,,"{'league_metrics_away': {'ATS': None, 'PA': 35.5, 'PF': 28.2, 'PY(D)': 238.5, 'PY(O)': 244.1, 'R(D)_PY': 90, 'R(D)_RY': 133, 'R(D)_TY': 131, 'R(O)_PY': 51, 'R(O)_RY': 77, 'R(O)_TY': 65, 'RY(D)': 236.1, 'RY(O)': 145.8, 'SU': '5-6', 'TO': 0.3, 'TY(D)': 474.5, 'TY(O)': 389.9, 'Team': 'Georgia Southern'}, 'league_metrics_home': {'ATS': None, 'PA': 30.8, 'PF': 31.8, 'PY(D)': 253.2, 'PY(O)': 198.8, 'R(D)_PY': 114, 'R(D)_RY': 61, 'R(D)_TY': 96, 'R(O)_PY': 95, 'R(O)_RY': 17, 'R(O)_TY': 48, 'RY(D)': 146.7, 'RY(O)': 210.4, 'SU': '5-6', 'TO': 0.5, 'TY(D)': 399.9, 'TY(O)': 409.2, 'Team': 'Marshall'}, 'sagarin_away': {'fetched_at': '2025-11-30 10:26:19.853969+00:00', 'hfa': 3.43, 'page_stamp': 'COLLEGE FOOTBALL 2025 through results of 2025 NOVEMBER 22 SATURDAY - WEEK 13', 'pr': 57.89, 'pr_rank': 108, 'season': 2025, 'sos': 61.68, 'sos_rank': 98, 'source_url': 'http://sagarin.com/sports/cfsend.htm', 'team': 'Georgia Southern', 'team_norm': 'Georgia Southern', 'team_raw': 'Georgia Southern', 'week': 14}, 'sagarin_home': {'fetched_at': '2025-11-30 10:26:19.853969+00:00', 'hfa': 3.43, 'page_stamp': 'COLLEGE FOOTBALL 2025 through results of 2025 NOVEMBER 22 SATURDAY - WEEK 13', 'pr': 62.09, 'pr_rank': 94, 'season': 2025, 'sos': 61.98, 'sos_rank': 95, 'source_url': 'http://sagarin.com/sports/cfsend.htm', 'team': 'Marshall', 'team_norm': 'Marshall', 'team_raw': 'Marshall', 'week': 14}, 'schedule_row': {'away_team': 'Georgia Southern', 'conference_game': True, 'home_team': 'Marshall', 'id': 401761663, 'kickoff_iso_utc': '2025-11-29T18:30:00Z', 'season': 2025, 'venue': 'Joan C. Edwards Stadium', 'week': 14}}",2025,,401761663,,,,14
,38.8,113,32,20.6,49.16,129.0,253.0,263.5,124,106,201.1,123.3,64.52,76.0,1-10,Georgia State,Georgia State,-1.1,128,68,454.1,386.8,,20251129_1900_georgia_state_old_dominion,3.43,,20.1,25,62,33.2,72.52,53.0,186.8,234.1,70,7,149.2,231.6,61.49,100.0,8-3,Old Dominion,Old Dominion,-0.1,41,15,336.0,465.7,,2025-11-29T19:00:00Z,,,,23.36,,,,"{'league_metrics_away': {'ATS': None, 'PA': 38.8, 'PF': 20.6, 'PY(D)': 253.0, 'PY(O)': 263.5, 'R(D)_PY': 113, 'R(D)_RY': 124, 'R(D)_TY': 128, 'R(O)_PY': 32, 'R(O)_RY': 106, 'R(O)_TY': 68, 'RY(D)': 201.1, 'RY(O)': 123.3, 'SU': '1-10', 'TO': -1.1, 'TY(D)': 454.1, 'TY(O)': 386.8, 'Team': 'Georgia State'}, 'league_metrics_home': {'ATS': None, 'PA': 20.1, 'PF': 33.2, 'PY(D)': 186.8, 'PY(O)': 234.1, 'R(D)_PY': 25, 'R(D)_RY': 70, 'R(D)_TY': 41, 'R(O)_PY': 62, 'R(O)_RY': 7, 'R(O)_TY': 15, 'RY(D)': 149.2, 'RY(O)': 231.6, 'SU': '8-3', 'TO': -0.1, 'TY(D)': 336.0, 'TY(O)': 465.7, 'Team': 'Old Dominion'}, 'sagarin_away': {'fetched_at': '2025-11-30 10:26:19.853969+00:00', 'hfa': 3.43, 'page_stamp': 'COLLEGE FOOTBALL 2025 through results of 2025 NOVEMBER 22 SATURDAY - WEEK 13', 'pr': 49.16, 'pr_rank': 129, 'season': 2025, 'sos': 64.52, 'sos_rank': 76, 'source_url': 'http://sagarin.com/sports/cfsend.htm', 'team': 'Georgia State', 'team_norm': 'Georgia State', 'team_raw': 'Georgia State', 'week': 14}, 'sagarin_home': {'fetched_at': '2025-11-30 10:26:19.853969+00:00', 'hfa': 3.43, 'page_stamp': 'COLLEGE FOOTBALL 2025 through results of 2025 NOVEMBER 22 SATURDAY - WEEK 13', 'pr': 72.52, 'pr_rank': 53, 'season': 2025, 'sos': 61.49, 'sos_rank': 100, 'source_url': 'http://sagarin.com/sports/cfsend.htm', 'team': 'Old Dominion', 'team_norm': 'Old Dominion', 'team_raw': 'Old Dominion', 'week': 14}, 'schedule_row': {'away_team': 'Georgia State', 'conference_game': True, 'home_team': 'Old Dominion', 'id': 401761664, 'kickoff_iso_utc': '2025-11-29T19:00:00Z', 'season': 2025, 'venue': 'S.B. Ballard Stadium', 'week': 14}}",2025,,401761664,,,,14
,20.5,77,112,26.4,,,228.7,175.7,59,42,144.2,178.9,,,6-5,Louisiana Tech,Louisiana Tech,0.7,68,91,372.9,354.6,,20251129_1900_louisiana_tech_missouri_state,,,27.1,87,24,25.0,,,237.1,272.1,52,111,140.6,119.0,,,7-4,Missouri State,Missouri State,0.0,71,64,377.7,391.1,,2025-11-29T19:00:00Z,,,,,,,,"{'league_metrics_away': {'ATS': None, 'PA': 20.5, 'PF': 26.4, 'PY(D)': 228.7, 'PY(O)': 175.7, 'R(D)_PY': 77, 'R(D)_RY': 59, 'R(D)_TY': 68, 'R(O)_PY': 112, 'R(O)_RY': 42, 'R(O)_TY': 91, 'RY(D)': 144.2, 'RY(O)': 178.9, 'SU': '6-5', 'TO': 0.7, 'TY(D)': 372.9, 'TY(O)': 354.6, 'Team': 'Louisiana Tech'}, 'league_metrics_home': {'ATS': None, 'PA': 27.1, 'PF': 25.0, 'PY(D)': 237.1, 'PY(O)': 272.1, 'R(D)_PY': 87, 'R(D)_RY': 52, 'R(D)_TY': 71, 'R(O)_PY': 24, 'R(O)_RY': 111, 'R(O)_TY': 64, 'RY(D)': 140.6, 'RY(O)': 119.0, 'SU': '7-4', 'TO': 0.0, 'TY(D)': 377.7, 'TY(O)': 391.1, 'Team': 'Missouri State'}, 'sagarin_away': {'fetched_at': '2025-11-30 10:26:19.853969+00:00', 'hfa': 3.43, 'page_stamp': 'COLLEGE FOOTBALL 2025 through results of 2025 NOVEMBER 22 SATURDAY - WEEK 13', 'pr': 60.54, 'pr_rank': 98, 'season': 2025, 'sos': 58.31, 'sos_rank': 125, 'source_url': 'http://sagarin.com/sports/cfsend.htm', 'team': 'Louisiana Tech', 'team_norm': 'Louisiana Tech', 'team_raw': 'Louisiana Tech', 'week': 14}, 'schedule_row': {'away_team': 'Louisiana Tech', 'conference_game': True, 'home_team': 'Missouri State', 'id': 401757314, 'kickoff_iso_utc': '2025-11-29T19:00:00Z', 'season': 2025, 'venue': 'Plaster Sports Complex', 'week': 14}}",2025,,401757314,,,,14
,22.2,68,19,29.4,63.55,90.0,221.7,281.0,96,100,170.6,126.5,55.5,139.0,8-3,Western Kentucky,Western Kentucky,-0.4,87,51,392.4,407.5,,20251129_1900_western_kentucky_jacksonville_state,3.43,,26.1,107,115,29.5,58.49,104.0,248.0,161.3,74,3,151.1,260.4,55.48,140.0,7-4,Jacksonville State,Jacksonville State,0.8,95,36,399.1,421.6,,2025-11-29T19:00:00Z,,,,-5.06,,,,"{'league_metrics_away': {'ATS': None, 'PA': 22.2, 'PF': 29.4, 'PY(D)': 221.7, 'PY(O)': 281.0, 'R(D)_PY': 68, 'R(D)_RY': 96, 'R(D)_TY': 87, 'R(O)_PY': 19, 'R(O)_RY': 100, 'R(O)_TY': 51, 'RY(D)': 170.6, 'RY(O)': 126.5, 'SU': '8-3', 'TO': -0.4, 'TY(D)': 392.4, 'TY(O)': 407.5, 'Team': 'Western Kentucky'}, 'league_metrics_home': {'ATS': None, 'PA': 26.1, 'PF': 29.5, 'PY(D)': 248.0, 'PY(O)': 161.3, 'R(D)_PY': 107, 'R(D)_RY': 74, 'R(D)_TY': 95, 'R(O)_PY': 115, 'R(O)_RY': 3, 'R(O)_TY': 36, 'RY(D)': 151.1, 'RY(O)': 260.4, 'SU': '7-4', 'TO': 0.8, 'TY(D)': 399.1, 'TY(O)': 421.6, 'Team': 'Jacksonville State'}, 'sagarin_away': {'fetched_at': '2025-11-30 10:26:19.853969+00:00', 'hfa': 3.43, 'page_stamp': 'COLLEGE FOOTBALL 2025 through results of 2025 NOVEMBER 22 SATURDAY - WEEK 13', 'pr': 63.55, 'pr_rank': 90, 'season': 2025, 'sos': 55.5, 'sos_rank': 139, 'source_url': 'http://sagarin.com/sports/cfsend.htm', 'team': 'Western Kentucky', 'team_norm': 'Western Kentucky', 'team_raw': 'Western Kentucky', 'week': 14}, 'sagarin_home': {'fetched_at': '2025-11-30 10:26:19.853969+00:00', 'hfa': 3.43, 'page_stamp': 'COLLEGE FOOTBALL 2025 through results of 2025 NOVEMBER 22 SATURDAY - WEEK 13', 'pr': 58.49, 'pr_rank': 104, 'season': 2025, 'sos': 55.48, 'sos_rank': 140, 'source_url': 'http://sagarin.com/sports/cfsend.htm', 'team': 'Jacksonville State', 'team_norm': 'Jacksonville State', 'team_raw': 'Jacksonville State', 'week': 14}, 'schedule_row': {'away_team': 'Western Kentucky', 'conference_game': True, 'home_team': 'Jacksonville State', 'id': 401757312, 'kickoff_iso_utc': '2025-11-29T19:00:00Z', 'season': 2025, 'venue': 'AmFirst Stadium', 'week': 14}}",2025,,401757312,,,,14
,27.2,82,45,23.9,60.11,100.0,232.4,247.8,114,93,182.2,131.8,61.19,105.0,5-6,Arkansas State,Arkansas State,-0.6,108,76,414.5,379.6,,20251129_1930_arkansas_state_app_state,3.43,,29.8,125,33,25.0,56.37,113.0,267.6,261.1,62,112,147.0,118.2,59.64,117.0,5-6,App State,App State,-0.2,109,77,414.6,379.3,,2025-11-29T19:30:00Z,,,,-3.74,,,,"{'league_metrics_away': {'ATS': None, 'PA': 27.2, 'PF': 23.9, 'PY(D)': 232.4, 'PY(O)': 247.8, 'R(D)_PY': 82, 'R(D)_RY': 114, 'R(D)_TY': 108, 'R(O)_PY': 45, 'R(O)_RY': 93, 'R(O)_TY': 76, 'RY(D)': 182.2, 'RY(O)': 131.8, 'SU': '5-6', 'TO': -0.6, 'TY(D)': 414.5, 'TY(O)': 379.6, 'Team': 'Arkansas State'}, 'league_metrics_home': {'ATS': None, 'PA': 29.8, 'PF': 25.0, 'PY(D)': 267.6, 'PY(O)': 261.1, 'R(D)_PY': 125, 'R(D)_RY': 62, 'R(D)_TY': 109, 'R(O)_PY': 33, 'R(O)_RY': 112, 'R(O)_TY': 77, 'RY(D)': 147.0, 'RY(O)': 118.2, 'SU': '5-6', 'TO': -0.2, 'TY(D)': 414.6, 'TY(O)': 379.3, 'Team': 'App State'}, 'sagarin_away': {'fetched_at': '2025-11-30 10:26:19.853969+00:00', 'hfa': 3.43, 'page_stamp': 'COLLEGE FOOTBALL 2025 through results of 2025 NOVEMBER 22 SATURDAY - WEEK 13', 'pr': 60.11, 'pr_rank': 100, 'season': 2025, 'sos': 61.19, 'sos_rank': 105, 'source_url': 'http://sagarin.com/sports/cfsend.htm', 'team': 'Arkansas State', 'team_norm': 'Arkansas State', 'team_raw': 'Arkansas State', 'week': 14}, 'sagarin_home': {'fetched_at': '2025-11-30 10:26:19.853969+00:00', 'hfa': 3.43, 'page_stamp': 'COLLEGE FOOTBALL 2025 through results of 2025 NOVEMBER 22 SATURDAY - WEEK 13', 'pr': 56.37, 'pr_rank': 113, 'season': 2025, 'sos': 59.64, 'sos_rank': 117, 'source_url': 'http://sagarin.com/sports/cfsend.htm', 'team': 'Appalachian State', 'team_norm': 'Appalachian State', 'team_raw': 'Appalachian State', 'week': 14}, 'schedule_row': {'away_team': 'Arkansas State', 'conference_game': True, 'home_team': 'App State', 'id': 401761661, 'kickoff_iso_utc': '2025-11-29T19:30:00Z', 'season': 2025, 'venue': 'Kidd Brewer Stadium', 'week': 14}}",2025,,401761661,,,,14
,34.6,127,20,24.6,64.19,87.0,273.0,278.7,108,125,177.7,101.0,73.77,30.0,1-10,Boston College,Boston College,-0.8,126,75,450.7,379.7,,20251129_2000_boston_college_syracuse,3.43,,35.0,110,65,20.9,64.18,88.0,248.9,231.1,111,114,179.9,117.1,78.12,8.0,3-8,Syracuse,Syracuse,-1.3,118,94,428.8,348.2,,2025-11-29T20:00:00Z,,,,-0.01,,,,"{'league_metrics_away': {'ATS': None, 'PA': 34.6, 'PF': 24.6, 'PY(D)': 273.0, 'PY(O)': 278.7, 'R(D)_PY': 127, 'R(D)_RY': 108, 'R(D)_TY': 126, 'R(O)_PY': 20, 'R(O)_RY': 125, 'R(O)_TY': 75, 'RY(D)': 177.7, 'RY(O)': 101.0, 'SU': '1-10', 'TO': -0.8, 'TY(D)': 450.7, 'TY(O)': 379.7, 'Team': 'Boston College'}, 'league_metrics_home': {'ATS': None, 'PA': 35.0, 'PF': 20.9, 'PY(D)': 248.9, 'PY(O)': 231.1, 'R(D)_PY': 110, 'R(D)_RY': 111, 'R(D)_TY': 118, 'R(O)_PY': 65, 'R(O)_RY': 114, 'R(O)_TY': 94, 'RY(D)': 179.9, 'RY(O)': 117.1, 'SU': '3-8', 'TO': -1.3, 'TY(D)': 428.8, 'TY(O)': 348.2, 'Team': 'Syracuse'}, 'sagarin_away': {'fetched_at': '2025-11-30 10:26:19.853969+00:00', 'hfa': 3.43, 'page_stamp': 'COLLEGE FOOTBALL 2025 through results of 2025 NOVEMBER 22 SATURDAY - WEEK 13', 'pr': 64.19, 'pr_rank': 87, 'season': 2025, 'sos': 73.77, 'sos_rank': 30, 'source_url': 'http://sagarin.com/sports/cfsend.htm', 'team': 'Boston College', 'team_norm': 'Boston College', 'team_raw': 'Boston College', 'week': 14}, 'sagarin_home': {'fetched_at': '2025-11-30 10:26:19.853969+00:00', 'hfa': 3.43, 'page_stamp': 'COLLEGE FOOTBALL 2025 through results of 2025 NOVEMBER 22 SATURDAY - WEEK 13', 'pr': 64.18, 'pr_rank': 88, 'season': 2025, 'sos': 78.12, 'sos_rank': 8, 'source_url': 'http://sagarin.com/sports/cfsend.htm', 'team': 'Syracuse', 'team_norm': 'Syracuse', 'team_raw': 'Syracuse', 'week': 14}, 'schedule_row': {'away_team': 'Boston College', 'conference_game': True, 'home_team': 'Syracuse', 'id': 401754608, 'kickoff_iso_utc': '2025-11-29T20:00:00Z', 'season': 2025, 'venue': 'JMA Wireless Dome', 'week': 14}}",2025,,401754608,,,,14
,31.5,112,30,21.6,48.63,130.0,251.2,265.4,75,126,152.1,97.6,57.92,129.0,2-9,Middle Tennessee,Middle Tennessee,0.0,100,86,403.3,363.0,,20251129_2000_middle_tennessee_new_mexico_state,3.43,,27.3,84,50,21.4,52.1,123.0,234.8,244.8,86,131,162.1,76.8,58.17,127.0,4-7,New Mexico State,New Mexico State,0.1,92,111,396.9,321.6,,2025-11-29T20:00:00Z,,,,3.47,,,,"{'league_metrics_away': {'ATS': None, 'PA': 31.5, 'PF': 21.6, 'PY(D)': 251.2, 'PY(O)': 265.4, 'R(D)_PY': 112, 'R(D)_RY': 75, 'R(D)_TY': 100, 'R(O)_PY': 30, 'R(O)_RY': 126, 'R(O)_TY': 86, 'RY(D)': 152.1, 'RY(O)': 97.6, 'SU': '2-9', 'TO': 0.0, 'TY(D)': 403.3, 'TY(O)': 363.0, 'Team': 'Middle Tennessee'}, 'league_metrics_home': {'ATS': None, 'PA': 27.3, 'PF': 21.4, 'PY(D)': 234.8, 'PY(O)': 244.8, 'R(D)_PY': 84, 'R(D)_RY': 86, 'R(D)_TY': 92, 'R(O)_PY': 50, 'R(O)_RY': 131, 'R(O)_TY': 111, 'RY(D)': 162.1, 'RY(O)': 76.8, 'SU': '4-7', 'TO': 0.1, 'TY(D)': 396.9, 'TY(O)': 321.6, 'Team': 'New Mexico State'}, 'sagarin_away': {'fetched_at': '2025-11-30 10:26:19.853969+00:00', 'hfa': 3.43, 'page_stamp': 'COLLEGE FOOTBALL 2025 through results of 2025 NOVEMBER 22 SATURDAY - WEEK 13', 'pr': 48.63, 'pr_rank': 130, 'season': 2025, 'sos': 57.92, 'sos_rank': 129, 'source_url': 'http://sagarin.com/sports/cfsend.htm', 'team': 'Middle Tennessee', 'team_norm': 'Middle Tennessee', 'team_raw': 'Middle Tennessee', 'week': 14}, 'sagarin_home': {'fetched_at': '2025-11-30 10:26:19.853969+00:00', 'hfa': 3.43, 'page_stamp': 'COLLEGE FOOTBALL 2025 through results of 2025 NOVEMBER 22 SATURDAY - WEEK 13', 'pr': 52.1, 'pr_rank': 123, 'season': 2025, 'sos': 58.17, 'sos_rank': 127, 'source_url': 'http://sagarin.com/sports/cfsend.htm', 'team': 'New Mexico State', 'team_norm': 'New Mexico State', 'team_raw': 'New Mexico State', 'week': 14}, 'schedule_row': {'away_team': 'Middle Tennessee', 'conference_game': True, 'home_team': 'New Mexico State', 'id': 401757315, 'kickoff_iso_utc': '2025-11-29T20:00:00Z', 'season': 2025, 'venue': 'Aggie Memorial Stadium', 'week': 14}}",2025,,401757315,,,,14
,28.7,37,107,26.5,60.18,99.0,198.1,183.4,91,22,168.0,200.5,60.32,111.0,4-7,South Alabama,South Alabama,0.2,62,71,366.1,383.9,,20251129_2000_south_alabama_texas_state,3.43,,31.0,85,41,34.9,66.09,79.0,234.9,253.2,94,15,169.9,217.3,62.88,87.0,5-6,Texas State,Texas State,-0.5,102,14,404.8,470.5,,2025-11-29T20:00:00Z,,,,5.91,,,,"{'league_metrics_away': {'ATS': None, 'PA': 28.7, 'PF': 26.5, 'PY(D)': 198.1, 'PY(O)': 183.4, 'R(D)_PY': 37, 'R(D)_RY': 91, 'R(D)_TY': 62, 'R(O)_PY': 107, 'R(O)_RY': 22, 'R(O)_TY': 71, 'RY(D)': 168.0, 'RY(O)': 200.5, 'SU': '4-7', 'TO': 0.2, 'TY(D)': 366.1, 'TY(O)': 383.9, 'Team': 'South Alabama'}, 'league_metrics_home': {'ATS': None, 'PA': 31.0, 'PF': 34.9, 'PY(D)': 234.9, 'PY(O)': 253.2, 'R(D)_PY': 85, 'R(D)_RY': 94, 'R(D)_TY': 102, 'R(O)_PY': 41, 'R(O)_RY': 15, 'R(O)_TY': 14, 'RY(D)': 169.9, 'RY(O)': 217.3, 'SU': '5-6', 'TO': -0.5, 'TY(D)': 404.8, 'TY(O)': 470.5, 'Team': 'Texas State'}, 'sagarin_away': {'fetched_at': '2025-11-30 10:26:19.853969+00:00', 'hfa': 3.43, 'page_stamp': 'COLLEGE FOOTBALL 2025 through results of 2025 NOVEMBER 22 SATURDAY - WEEK 13', 'pr': 60.18, 'pr_rank': 99, 'season': 2025, 'sos': 60.32, 'sos_rank': 111, 'source_url': 'http://sagarin.com/sports/cfsend.htm', 'team': 'South Alabama', 'team_norm': 'South Alabama', 'team_raw': 'South Alabama', 'week': 14}, 'sagarin_home': {'fetched_at': '2025-11-30 10:26:19.853969+00:00', 'hfa': 3.43, 'page_stamp': 'COLLEGE FOOTBALL 2025 through results of 2025 NOVEMBER 22 SATURDAY - WEEK 13', 'pr': 66.09, 'pr_rank': 79, 'season': 2025, 'sos': 62.88, 'sos_rank': 87, 'source_url': 'http://sagarin.com/sports/cfsend.htm', 'team': 'Texas State', 'team_norm': 'Texas State', 'team_raw': 'Texas State', 'week': 14}, 'schedule_row': {'away_team': 'South Alabama', 'conference_game': True, 'home_team': 'Texas State', 'id': 401761667, 'kickoff_iso_utc': '2025-11-29T20:00:00Z', 'season': 2025, 'venue': 'Bobcat Stadium (TX)', 'week': 14}}",2025,,401761667,,,,14
,39.5,89,22,26.0,52.0,124.0,238.1,274.6,117,94,191.5,130.5,65.72,73.0,3-8,Uab,UAB,-1.2,119,55,429.6,405.2,,20251129_2000_uab_tulsa,3.43,,28.7,60,67,23.1,55.31,117.0,218.6,228.3,109,51,178.3,174.0,62.33,90.0,4-7,Tulsa,Tulsa,-0.6,92,57,396.9,402.3,,2025-11-29T20:00:00Z,,,,3.31,,,,"{'league_metrics_away': {'ATS': None, 'PA': 39.5, 'PF': 26.0, 'PY(D)': 238.1, 'PY(O)': 274.6, 'R(D)_PY': 89, 'R(D)_RY': 117, 'R(D)_TY': 119, 'R(O)_PY': 22, 'R(O)_RY': 94, 'R(O)_TY': 55, 'RY(D)': 191.5, 'RY(O)': 130.5, 'SU': '3-8', 'TO': -1.2, 'TY(D)': 429.6, 'TY(O)': 405.2, 'Team': 'Uab'}, 'league_metrics_home': {'ATS': None, 'PA': 28.7, 'PF': 23.1, 'PY(D)': 218.6, 'PY(O)': 228.3, 'R(D)_PY': 60, 'R(D)_RY': 109, 'R(D)_TY': 92, 'R(O)_PY': 67, 'R(O)_RY': 51, 'R(O)_TY': 57, 'RY(D)': 178.3, 'RY(O)': 174.0, 'SU': '4-7', 'TO': -0.6, 'TY(D)': 396.9, 'TY(O)': 402.3, 'Team': 'Tulsa'}, 'sagarin_away': {'fetched_at': '2025-11-30 10:26:19.853969+00:00', 'hfa': 3.43, 'page_stamp': 'COLLEGE FOOTBALL 2025 through results of 2025 NOVEMBER 22 SATURDAY - WEEK 13', 'pr': 52.0, 'pr_rank': 124, 'season': 2025, 'sos': 65.72, 'sos_rank': 73, 'source_url': 'http://sagarin.com/sports/cfsend.htm', 'team': 'Uab', 'team_norm': 'Uab', 'team_raw': 'UAB', 'week': 14}, 'sagarin_home': {'fetched_at': '2025-11-30 10:26:19.853969+00:00', 'hfa': 3.43, 'page_stamp': 'COLLEGE FOOTBALL 2025 through results of 2025 NOVEMBER 22 SATURDAY - WEEK 13', 'pr': 55.31, 'pr_rank': 117, 'season': 2025, 'sos': 62.33, 'sos_rank': 90, 'source_url': 'http://sagarin.com/sports/cfsend.htm', 'team': 'Tulsa', 'team_norm': 'Tulsa', 'team_raw': 'Tulsa', 'week': 14}, 'schedule_row': {'away_team': 'UAB', 'conference_game': True, 'home_team': 'Tulsa', 'id': 401762517, 'kickoff_iso_utc': '2025-11-29T20:00:00Z', 'season': 2025, 'venue': 'Chapman Stadium', 'week': 14}}",2025,,401762517,,,,14
,32.1,79,125,15.6,49.64,127.0,231.3,145.8,84,66,158.5,158.7,62.7,89.0,3-8,Ul Monroe,UL Monroe,-0.7,83,121,389.7,304.5,,20251129_2000_ul_monroe_louisiana,3.43,,30.3,65,118,26.8,62.34,93.0,220.5,158.0,115,33,188.2,187.5,62.13,94.0,5-6,Louisiana,Louisiana,0.0,103,99,408.6,345.5,,2025-11-29T20:00:00Z,,,,12.7,,,,"{'league_metrics_away': {'ATS': None, 'PA': 32.1, 'PF': 15.6, 'PY(D)': 231.3, 'PY(O)': 145.8, 'R(D)_PY': 79, 'R(D)_RY': 84, 'R(D)_TY': 83, 'R(O)_PY': 125, 'R(O)_RY': 66, 'R(O)_TY': 121, 'RY(D)': 158.5, 'RY(O)': 158.7, 'SU': '3-8', 'TO': -0.7, 'TY(D)': 389.7, 'TY(O)': 304.5, 'Team': 'Ul Monroe'}, 'league_metrics_home': {'ATS': None, 'PA': 30.3, 'PF': 26.8, 'PY(D)': 220.5, 'PY(O)': 158.0, 'R(D)_PY': 65, 'R(D)_RY': 115, 'R(D)_TY': 103, 'R(O)_PY': 118, 'R(O)_RY': 33, 'R(O)_TY': 99, 'RY(D)': 188.2, 'RY(O)': 187.5, 'SU': '5-6', 'TO': 0.0, 'TY(D)': 408.6, 'TY(O)': 345.5, 'Team': 'Louisiana'}, 'sagarin_away': {'fetched_at': '2025-11-30 10:26:19.853969+00:00', 'hfa': 3.43, 'page_stamp': 'COLLEGE FOOTBALL 2025 through results of 2025 NOVEMBER 22 SATURDAY - WEEK 13', 'pr': 49.64, 'pr_rank': 127, 'season': 2025, 'sos': 62.7, 'sos_rank': 89, 'source_url': 'http://sagarin.com/sports/cfsend.htm', 'team': 'Louisianamonroe(ulm)', 'team_norm': 'Louisianamonroe(ulm)', 'team_raw': 'LouisianaMonroe(ULM)', 'week': 14}, 'sagarin_home': {'fetched_at': '2025-11-30 10:26:19.853969+00:00', 'hfa': 3.43, 'page_stamp': 'COLLEGE FOOTBALL 2025 through results of 2025 NOVEMBER 22 SATURDAY - WEEK 13', 'pr': 62.34, 'pr_rank': 93, 'season': 2025, 'sos': 62.13, 'sos_rank': 94, 'source_url': 'http://sagarin.com/sports/cfsend.htm', 'team': 'Louisiana-lafayette', 'team_norm': 'Louisiana-lafayette', 'team_raw': 'Louisiana-Lafayette', 'week': 14}, 'schedule_row': {'away_team': 'UL Monroe', 'conference_game': True, 'home_team': 'Louisiana', 'id': 401761665, 'kickoff_iso_utc': '2025-11-29T20:00:00Z', 'season': 2025, 'venue': 'Cajun Field', 'week': 14}}",2025,,401761665,,,,14
,22.4,24,132,22.6,62.87,92.0,203.9,79.1,47,6,150.2,259.4,63.15,82.0,5-5,Army,Army,0.4,28,119,354.1,338.5,HOME,20251129_2030_army_utsa,3.43,,29.8,98,55,34.6,70.27,64.0,240.9,240.8,68,43,149.0,178.3,64.39,77.0,6-5,Utsa,UTSA,0.5,84,39,389.9,419.1,False,2025-11-29T20:30:00Z,240.0,-310.0,williamhill_us,7.4,,,,"{'league_metrics_away': {'ATS': None, 'PA': 22.4, 'PF': 22.6, 'PY(D)': 203.9, 'PY(O)': 79.1, 'R(D)_PY': 24, 'R(D)_RY': 47, 'R(D)_TY': 28, 'R(O)_PY': 132, 'R(O)_RY': 6, 'R(O)_TY': 119, 'RY(D)': 150.2, 'RY(O)': 259.4, 'SU': '5-5', 'TO': 0.4, 'TY(D)': 354.1, 'TY(O)': 338.5, 'Team': 'Army'}, 'league_metrics_home': {'ATS': None, 'PA': 29.8, 'PF': 34.6, 'PY(D)': 240.9, 'PY(O)': 240.8, 'R(D)_PY': 98, 'R(D)_RY': 68, 'R(D)_TY': 84, 'R(O)_PY': 55, 'R(O)_RY': 43, 'R(O)_TY': 39, 'RY(D)': 149.0, 'RY(O)': 178.3, 'SU': '6-5', 'TO': 0.5, 'TY(D)': 389.9, 'TY(O)': 419.1, 'Team': 'Utsa'}, 'sagarin_away': {'fetched_at': '2025-11-30 10:26:19.853969+00:00', 'hfa': 3.43, 'page_stamp': 'COLLEGE FOOTBALL 2025 through results of 2025 NOVEMBER 22 SATURDAY - WEEK 13', 'pr': 62.87, 'pr_rank': 92, 'season': 2025, 'sos': 63.15, 'sos_rank': 82, 'source_url': 'http://sagarin.com/sports/cfsend.htm', 'team': 'Army West Point', 'team_norm': 'Army West Point', 'team_raw': 'Army West Point', 'week': 14}, 'sagarin_home': {'fetched_at': '2025-11-30 10:26:19.853969+00:00', 'hfa': 3.43, 'page_stamp': 'COLLEGE FOOTBALL 2025 through results of 2025 NOVEMBER 22 SATURDAY - WEEK 13', 'pr': 70.27, 'pr_rank': 64, 'season': 2025, 'sos': 64.39, 'sos_rank': 77, 'source_url': 'http://sagarin.com/sports/cfsend.htm', 'team': 'Utsa', 'team_norm': 'Utsa', 'team_raw': 'UTSA', 'week': 14}, 'schedule_row': {'away_team': 'Army', 'conference_game': True, 'home_team': 'UTSA', 'id': 401762441, 'kickoff_iso_utc': '2025-11-29T20:30:00Z', 'season': 2025, 'venue': 'Alamodome', 'week': 14}, 'odds_row': {'source': 'staging', 'season': 2025, 'week': 14, 'markets': {'spreads': {'book': 'williamhill_us', 'fetch_ts': '2025-11-29T10:26:55Z', 'line': {'spread_home_relative': -7.5, 'favored_side': 'HOME', 'spread_favored_team': -7.5, 'home_price': -114, 'away_price': -106, 'raw_outcomes': [{'name': 'Army Black Knights', 'token': 'army', 'price': -106, 'point': 7.5}, {'name': 'UTSA Roadrunners', 'token': 'utsa', 'price': -114, 'point': -7.5}]}}, 'totals': {'book': 'williamhill_us', 'fetch_ts': '2025-11-29T10:26:55Z', 'line': {'total_points': 51.0, 'over_price': -112, 'under_price': -109, 'raw_outcomes': [{'name': 'Over', 'token': 'over', 'price': -112, 'point': 51.0}, {'name': 'Under', 'token': 'under', 'price': -109, 'point': 51.0}]}}, 'h2h': {'book': 'williamhill_us', 'fetch_ts': '2025-11-29T10:26:55Z', 'line': {'moneyline_home': -310, 'moneyline_away': 240, 'raw_outcomes': [{'name': 'Army Black Knights', 'token': 'army', 'price': 240, 'point': None}, {'name': 'UTSA Roadrunners', 'token': 'utsa', 'price': -310, 'point': None}]}}}}}",2025,2025-11-29T10:26:55Z,401762441,-7.5,-7.5,51.0,14
,23.0,70,59,32.5,74.45,47.0,222.8,237.5,90,34,167.6,186.4,68.72,62.0,7-4,Cincinnati,Cincinnati,-0.2,85,33,390.5,423.9,HOME,20251129_2030_cincinnati_tcu,3.43,,25.4,92,11,29.5,74.44,48.0,239.2,291.5,49,104,137.2,123.5,73.37,35.0,7-4,Tcu,TCU,-0.1,70,43,376.4,415.0,False,2025-11-29T20:30:00Z,137.0,-164.0,williamhill_us,-0.01,,,,"{'league_metrics_away': {'ATS': None, 'PA': 23.0, 'PF': 32.5, 'PY(D)': 222.8, 'PY(O)': 237.5, 'R(D)_PY': 70, 'R(D)_RY': 90, 'R(D)_TY': 85, 'R(O)_PY': 59, 'R(O)_RY': 34, 'R(O)_TY': 33, 'RY(D)': 167.6, 'RY(O)': 186.4, 'SU': '7-4', 'TO': -0.2, 'TY(D)': 390.5, 'TY(O)': 423.9, 'Team': 'Cincinnati'}, 'league_metrics_home': {'ATS': None, 'PA': 25.4, 'PF': 29.5, 'PY(D)': 239.2, 'PY(O)': 291.5, 'R(D)_PY': 92, 'R(D)_RY': 49, 'R(D)_TY': 70, 'R(O)_PY': 11, 'R(O)_RY': 104, 'R(O)_TY': 43, 'RY(D)': 137.2, 'RY(O)': 123.5, 'SU': '7-4', 'TO': -0.1, 'TY(D)': 376.4, 'TY(O)': 415.0, 'Team': 'Tcu'}, 'sagarin_away': {'fetched_at': '2025-11-30 10:26:19.853969+00:00', 'hfa': 3.43, 'page_stamp': 'COLLEGE FOOTBALL 2025 through results of 2025 NOVEMBER 22 SATURDAY - WEEK 13', 'pr': 74.45, 'pr_rank': 47, 'season': 2025, 'sos': 68.72, 'sos_rank': 62, 'source_url': 'http://sagarin.com/sports/cfsend.htm', 'team': 'Cincinnati', 'team_norm': 'Cincinnati', 'team_raw': 'Cincinnati', 'week': 14}, 'sagarin_home': {'fetched_at': '2025-11-30 10:26:19.853969+00:00', 'hfa': 3.43, 'page_stamp': 'COLLEGE FOOTBALL 2025 through results of 2025 NOVEMBER 22 SATURDAY - WEEK 13', 'pr': 74.44, 'pr_rank': 48, 'season': 2025, 'sos': 73.37, 'sos_rank': 35, 'source_url': 'http://sagarin.com/sports/cfsend.htm', 'team': 'Tcu', 'team_norm': 'Tcu', 'team_raw': 'TCU', 'week': 14}, 'schedule_row': {'away_team': 'Cincinnati', 'conference_game': True, 'home_team': 'TCU', 'id': 401756967, 'kickoff_iso_utc': '2025-11-29T20:30:00Z', 'season': 2025, 'venue': 'Amon G. Carter Stadium', 'week': 14}, 'odds_row': {'source': 'staging', 'season': 2025, 'week': 14, 'markets': {'spreads': {'book': 'williamhill_us', 'fetch_ts': '2025-11-29T10:26:55Z', 'line': {'spread_home_relative': -3.5, 'favored_side': 'HOME', 'spread_favored_team': -3.5, 'home_price': -107, 'away_price': -113, 'raw_outcomes': [{'name': 'Cincinnati Bearcats', 'token': 'cincinnati', 'price': -113, 'point': 3.5}, {'name': 'TCU Horned Frogs', 'token': 'tcu', 'price': -107, 'point': -3.5}]}}, 'totals': {'book': 'williamhill_us', 'fetch_ts': '2025-11-29T10:26:55Z', 'line': {'total_points': 57.5, 'over_price': -107, 'under_price': -113, 'raw_outcomes': [{'name': 'Over', 'token': 'over', 'price': -107, 'point': 57.5}, {'name': 'Under', 'token': 'under', 'price': -113, 'point': 57.5}]}}, 'h2h': {'book': 'williamhill_us', 'fetch_ts': '2025-11-29T10:26:55Z', 'line': {'moneyline_home': -164, 'moneyline_away': 137, 'raw_outcomes': [{'name': 'Cincinnati Bearcats', 'token': 'cincinnati', 'price': 137, 'point': None}, {'name': 'TCU Horned Frogs', 'token': 'tcu', 'price': -164, 'point': None}]}}}}}",2025,2025-11-29T10:26:55Z,401756967,-3.5,-3.5,57.5,14
,23.5,94,48,27.4,59.8,101.0,239.4,246.2,86,62,162.1,162.5,57.49,131.0,8-3,Kennesaw State,Kennesaw State,-0.2,98,49,401.5,408.7,,20251129_2030_kennesaw_state_liberty,3.43,,24.5,33,99,24.1,58.2,106.0,192.8,194.0,104,35,177.2,184.1,58.24,126.0,4-7,Liberty,Liberty,-0.5,66,79,370.0,378.1,,2025-11-29T20:30:00Z,,,,-1.6,,,,"{'league_metrics_away': {'ATS': None, 'PA': 23.5, 'PF': 27.4, 'PY(D)': 239.4, 'PY(O)': 246.2, 'R(D)_PY': 94, 'R(D)_RY': 86, 'R(D)_TY': 98, 'R(O)_PY': 48, 'R(O)_RY': 62, 'R(O)_TY': 49, 'RY(D)': 162.1, 'RY(O)': 162.5, 'SU': '8-3', 'TO': -0.2, 'TY(D)': 401.5, 'TY(O)': 408.7, 'Team': 'Kennesaw State'}, 'league_metrics_home': {'ATS': None, 'PA': 24.5, 'PF': 24.1, 'PY(D)': 192.8, 'PY(O)': 194.0, 'R(D)_PY': 33, 'R(D)_RY': 104, 'R(D)_TY': 66, 'R(O)_PY': 99, 'R(O)_RY': 35, 'R(O)_TY': 79, 'RY(D)': 177.2, 'RY(O)': 184.1, 'SU': '4-7', 'TO': -0.5, 'TY(D)': 370.0, 'TY(O)': 378.1, 'Team': 'Liberty'}, 'sagarin_away': {'fetched_at': '2025-11-30 10:26:19.853969+00:00', 'hfa': 3.43, 'page_stamp': 'COLLEGE FOOTBALL 2025 through results of 2025 NOVEMBER 22 SATURDAY - WEEK 13', 'pr': 59.8, 'pr_rank': 101, 'season': 2025, 'sos': 57.49, 'sos_rank': 131, 'source_url': 'http://sagarin.com/sports/cfsend.htm', 'team': 'Kennesaw State', 'team_norm': 'Kennesaw State', 'team_raw': 'Kennesaw State', 'week': 14}, 'sagarin_home': {'fetched_at': '2025-11-30 10:26:19.853969+00:00', 'hfa': 3.43, 'page_stamp': 'COLLEGE FOOTBALL 2025 through results of 2025 NOVEMBER 22 SATURDAY - WEEK 13', 'pr': 58.2, 'pr_rank': 106, 'season': 2025, 'sos': 58.24, 'sos_rank': 126, 'source_url': 'http://sagarin.com/sports/cfsend.htm', 'team': 'Liberty', 'team_norm': 'Liberty', 'team_raw': 'Liberty', 'week': 14}, 'schedule_row': {'away_team': 'Kennesaw State', 'conference_game': True, 'home_team': 'Liberty', 'id': 401757313, 'kickoff_iso_utc': '2025-11-29T20:30:00Z', 'season': 2025, 'venue': 'Williams Stadium (VA)', 'week': 14}}",2025,,401757313,,,,14
,18.5,31,61,22.6,81.53,26.0,192.0,236.7,30,118,121.5,109.1,77.18,11.0,7-4,Lsu,LSU,0.5,23,98,313.5,345.6,HOME,20251129_2030_lsu_oklahoma,3.43,,14.0,39,74,27.3,87.24,11.0,199.4,221.9,3,96,81.4,128.5,78.17,7.0,9-2,Oklahoma,Oklahoma,0.0,11,92,280.7,350.4,False,2025-11-29T20:30:00Z,340.0,-460.0,williamhill_us,5.71,,,,"{'league_metrics_away': {'ATS': None, 'PA': 18.5, 'PF': 22.6, 'PY(D)': 192.0, 'PY(O)': 236.7, 'R(D)_PY': 31, 'R(D)_RY': 30, 'R(D)_TY': 23, 'R(O)_PY': 61, 'R(O)_RY': 118, 'R(O)_TY': 98, 'RY(D)': 121.5, 'RY(O)': 109.1, 'SU': '7-4', 'TO': 0.5, 'TY(D)': 313.5, 'TY(O)': 345.6, 'Team': 'Lsu'}, 'league_metrics_home': {'ATS': None, 'PA': 14.0, 'PF': 27.3, 'PY(D)': 199.4, 'PY(O)': 221.9, 'R(D)_PY': 39, 'R(D)_RY': 3, 'R(D)_TY': 11, 'R(O)_PY': 74, 'R(O)_RY': 96, 'R(O)_TY': 92, 'RY(D)': 81.4, 'RY(O)': 128.5, 'SU': '9-2', 'TO': 0.0, 'TY(D)': 280.7, 'TY(O)': 350.4, 'Team': 'Oklahoma'}, 'sagarin_away': {'fetched_at': '2025-11-30 10:26:19.853969+00:00', 'hfa': 3.43, 'page_stamp': 'COLLEGE FOOTBALL 2025 through results of 2025 NOVEMBER 22 SATURDAY - WEEK 13', 'pr': 81.53, 'pr_rank': 26, 'season': 2025, 'sos': 77.18, 'sos_rank': 11, 'source_url': 'http://sagarin.com/sports/cfsend.htm', 'team': 'Lsu', 'team_norm': 'Lsu', 'team_raw': 'LSU', 'week': 14}, 'sagarin_home': {'fetched_at': '2025-11-30 10:26:19.853969+00:00', 'hfa': 3.43, 'page_stamp': 'COLLEGE FOOTBALL 2025 through results of 2025 NOVEMBER 22 SATURDAY - WEEK 13', 'pr': 87.24, 'pr_rank': 11, 'season': 2025, 'sos': 78.17, 'sos_rank': 7, 'source_url': 'http://sagarin.com/sports/cfsend.htm', 'team': 'Oklahoma', 'team_norm': 'Oklahoma', 'team_raw': 'Oklahoma', 'week': 14}, 'schedule_row': {'away_team': 'LSU', 'conference_game': True, 'home_team': 'Oklahoma', 'id': 401752789, 'kickoff_iso_utc': '2025-11-29T20:30:00Z', 'season': 2025, 'venue': 'Memorial Stadium (Norman, OK)', 'week': 14}, 'odds_row': {'source': 'staging', 'season': 2025, 'week': 14, 'markets': {'spreads': {'book': 'williamhill_us', 'fetch_ts': '2025-11-29T10:26:55Z', 'line': {'spread_home_relative': -11.0, 'favored_side': 'HOME', 'spread_favored_team': -11.0, 'home_price': -109, 'away_price': -110, 'raw_outcomes': [{'name': 'LSU Tigers', 'token': 'lsu', 'price': -110, 'point': 11.0}, {'name': 'Oklahoma Sooners', 'token': 'oklahoma', 'price': -109, 'point': -11.0}]}}, 'totals': {'book': 'williamhill_us', 'fetch_ts': '2025-11-29T10:26:55Z', 'line': {'total_points': 36.5, 'over_price': -108, 'under_price': -112, 'raw_outcomes': [{'name': 'Over', 'token': 'over', 'price': -108, 'point': 36.5}, {'name': 'Under', 'token': 'under', 'price': -112, 'point': 36.5}]}}, 'h2h': {'book': 'williamhill_us', 'fetch_ts': '2025-11-29T10:26:55Z', 'line': {'moneyline_home': -460, 'moneyline_away': 340, 'raw_outcomes': [{'name': 'LSU Tigers', 'token': 'lsu', 'price': 340, 'point': None}, {'name': 'Oklahoma Sooners', 'token': 'oklahoma', 'price': -460, 'point': None}]}}}}}",2025,2025-11-29T10:26:55Z,401752789,-11.0,-11.0,36.5,14
,19.6,17,83,32.3,82.83,23.0,170.2,211.2,17,9,104.7,226.3,74.64,23.0,7-4,Missouri,Missouri,-0.4,10,26,274.9,437.5,AWAY,20251129_2030_missouri_arkansas,3.43,,34.1,119,28,34.4,75.63,43.0,258.7,270.0,102,19,174.9,204.1,80.07,3.0,2-9,Arkansas,Arkansas,-1.1,121,12,433.6,474.1,False,2025-11-29T20:30:00Z,-190.0,154.0,williamhill_us,-7.2,,,,"{'league_metrics_away': {'ATS': None, 'PA': 19.6, 'PF': 32.3, 'PY(D)': 170.2, 'PY(O)': 211.2, 'R(D)_PY': 17, 'R(D)_RY': 17, 'R(D)_TY': 10, 'R(O)_PY': 83, 'R(O)_RY': 9, 'R(O)_TY': 26, 'RY(D)': 104.7, 'RY(O)': 226.3, 'SU': '7-4', 'TO': -0.4, 'TY(D)': 274.9, 'TY(O)': 437.5, 'Team': 'Missouri'}, 'league_metrics_home': {'ATS': None, 'PA': 34.1, 'PF': 34.4, 'PY(D)': 258.7, 'PY(O)': 270.0, 'R(D)_PY': 119, 'R(D)_RY': 102, 'R(D)_TY': 121, 'R(O)_PY': 28, 'R(O)_RY': 19, 'R(O)_TY': 12, 'RY(D)': 174.9, 'RY(O)': 204.1, 'SU': '2-9', 'TO': -1.1, 'TY(D)': 433.6, 'TY(O)': 474.1, 'Team': 'Arkansas'}, 'sagarin_away': {'fetched_at': '2025-11-30 10:26:19.853969+00:00', 'hfa': 3.43, 'page_stamp': 'COLLEGE FOOTBALL 2025 through results of 2025 NOVEMBER 22 SATURDAY - WEEK 13', 'pr': 82.83, 'pr_rank': 23, 'season': 2025, 'sos': 74.64, 'sos_rank': 23, 'source_url': 'http://sagarin.com/sports/cfsend.htm', 'team': 'Missouri', 'team_norm': 'Missouri', 'team_raw': 'Missouri', 'week': 14}, 'sagarin_home': {'fetched_at': '2025-11-30 10:26:19.853969+00:00', 'hfa': 3.43, 'page_stamp': 'COLLEGE FOOTBALL 2025 through results of 2025 NOVEMBER 22 SATURDAY - WEEK 13', 'pr': 75.63, 'pr_rank': 43, 'season': 2025, 'sos': 80.07, 'sos_rank': 3, 'source_url': 'http://sagarin.com/sports/cfsend.htm', 'team': 'Arkansas', 'team_norm': 'Arkansas', 'team_raw': 'Arkansas', 'week': 14}, 'schedule_row': {'away_team': 'Missouri', 'conference_game': True, 'home_team': 'Arkansas', 'id': 401752783, 'kickoff_iso_utc': '2025-11-29T20:30:00Z', 'season': 2025, 'venue': 'Razorback Stadium', 'week': 14}, 'odds_row': {'source': 'staging', 'season': 2025, 'week': 14, 'markets': {'spreads': {'book': 'williamhill_us', 'fetch_ts': '2025-11-29T10:26:55Z', 'line': {'spread_home_relative': 4.0, 'favored_side': 'AWAY', 'spread_favored_team': -4.0, 'home_price': -112, 'away_price': -108, 'raw_outcomes': [{'name': 'Arkansas Razorbacks', 'token': 'arkansas', 'price': -112, 'point': 4.0}, {'name': 'Missouri Tigers', 'token': 'missouri', 'price': -108, 'point': -4.0}]}}, 'totals': {'book': 'williamhill_us', 'fetch_ts': '2025-11-29T10:26:55Z', 'line': {'total_points': 55.5, 'over_price': -109, 'under_price': -112, 'raw_outcomes': [{'name': 'Over', 'token': 'over', 'price': -109, 'point': 55.5}, {'name': 'Under', 'token': 'under', 'price': -112, 'point': 55.5}]}}, 'h2h': {'book': 'williamhill_us', 'fetch_ts': '2025-11-29T10:26:55Z', 'line': {'moneyline_home': 154, 'moneyline_away': -190, 'raw_outcomes': [{'name': 'Arkansas Razorbacks', 'token': 'arkansas', 'price': 154, 'point': None}, {'name': 'Missouri Tigers', 'token': 'missouri', 'price': -190, 'point': None}]}}}}}",2025,2025-11-29T10:26:55Z,401752783,-4.0,4.0,55.5,14
,14.9,3,52,39.3,94.12,3.0,145.7,243.2,16,8,104.5,228.6,74.63,24.0,10-1,Oregon Ducks,Oregon,0.5,4,13,250.3,471.8,,20251129_2030_oregon_ducks_washington,3.43,,18.8,41,39,35.5,84.54,19.0,200.5,256.5,15,54,103.5,171.5,71.1,51.0,8-3,Washington,Washington,0.3,18,29,304.1,428.0,,2025-11-29T20:30:00Z,,,,-9.58,,,,"{'league_metrics_away': {'ATS': None, 'PA': 14.9, 'PF': 39.3, 'PY(D)': 145.7, 'PY(O)': 243.2, 'R(D)_PY': 3, 'R(D)_RY': 16, 'R(D)_TY': 4, 'R(O)_PY': 52, 'R(O)_RY': 8, 'R(O)_TY': 13, 'RY(D)': 104.5, 'RY(O)': 228.6, 'SU': '10-1', 'TO': 0.5, 'TY(D)': 250.3, 'TY(O)': 471.8, 'Team': 'Oregon Ducks'}, 'league_metrics_home': {'ATS': None, 'PA': 18.8, 'PF': 35.5, 'PY(D)': 200.5, 'PY(O)': 256.5, 'R(D)_PY': 41, 'R(D)_RY': 15, 'R(D)_TY': 18, 'R(O)_PY': 39, 'R(O)_RY': 54, 'R(O)_TY': 29, 'RY(D)': 103.5, 'RY(O)': 171.5, 'SU': '8-3', 'TO': 0.3, 'TY(D)': 304.1, 'TY(O)': 428.0, 'Team': 'Washington'}, 'sagarin_away': {'fetched_at': '2025-11-30 10:26:19.853969+00:00', 'hfa': 3.43, 'page_stamp': 'COLLEGE FOOTBALL 2025 through results of 2025 NOVEMBER 22 SATURDAY - WEEK 13', 'pr': 94.12, 'pr_rank': 3, 'season': 2025, 'sos': 74.63, 'sos_rank': 24, 'source_url': 'http://sagarin.com/sports/cfsend.htm', 'team': 'Oregon Ducks', 'team_norm': 'Oregon Ducks', 'team_raw': 'Oregon', 'week': 14}, 'sagarin_home': {'fetched_at': '2025-11-30 10:26:19.853969+00:00', 'hfa': 3.43, 'page_stamp': 'COLLEGE FOOTBALL 2025 through results of 2025 NOVEMBER 22 SATURDAY - WEEK 13', 'pr': 84.54, 'pr_rank': 19, 'season': 2025, 'sos': 71.1, 'sos_rank': 51, 'source_url': 'http://sagarin.com/sports/cfsend.htm', 'team': 'Washington', 'team_norm': 'Washington', 'team_raw': 'Washington', 'week': 14}, 'schedule_row': {'away_team': 'Oregon', 'conference_game': True, 'home_team': 'Washington', 'id': 401752917, 'kickoff_iso_utc': '2025-11-29T20:30:00Z', 'season': 2025, 'venue': 'Husky Stadium', 'week': 14}}",2025,,401752917,,,,14
,20.1,16,110,31.0,87.07,12.0,169.5,179.1,65,61,147.8,166.4,73.76,31.0,5-6,Penn State,Penn State,0.2,26,99,317.3,345.5,,20251129_2030_penn_state_rutgers,3.43,,31.1,72,36,28.0,70.58,62.0,224.2,259.5,126,86,203.0,136.6,73.93,29.0,5-6,Rutgers,Rutgers,0.1,116,60,427.2,396.2,,2025-11-29T20:30:00Z,,,,-16.49,,,,"{'league_metrics_away': {'ATS': None, 'PA': 20.1, 'PF': 31.0, 'PY(D)': 169.5, 'PY(O)': 179.1, 'R(D)_PY': 16, 'R(D)_RY': 65, 'R(D)_TY': 26, 'R(O)_PY': 110, 'R(O)_RY': 61, 'R(O)_TY': 99, 'RY(D)': 147.8, 'RY(O)': 166.4, 'SU': '5-6', 'TO': 0.2, 'TY(D)': 317.3, 'TY(O)': 345.5, 'Team': 'Penn State'}, 'league_metrics_home': {'ATS': None, 'PA': 31.1, 'PF': 28.0, 'PY(D)': 224.2, 'PY(O)': 259.5, 'R(D)_PY': 72, 'R(D)_RY': 126, 'R(D)_TY': 116, 'R(O)_PY': 36, 'R(O)_RY': 86, 'R(O)_TY': 60, 'RY(D)': 203.0, 'RY(O)': 136.6, 'SU': '5-6', 'TO': 0.1, 'TY(D)': 427.2, 'TY(O)': 396.2, 'Team': 'Rutgers'}, 'sagarin_away': {'fetched_at': '2025-11-30 10:26:19.853969+00:00', 'hfa': 3.43, 'page_stamp': 'COLLEGE FOOTBALL 2025 through results of 2025 NOVEMBER 22 SATURDAY - WEEK 13', 'pr': 87.07, 'pr_rank': 12, 'season': 2025, 'sos': 73.76, 'sos_rank': 31, 'source_url': 'http://sagarin.com/sports/cfsend.htm', 'team': 'Penn State', 'team_norm': 'Penn State', 'team_raw': 'Penn State', 'week': 14}, 'sagarin_home': {'fetched_at': '2025-11-30 10:26:19.853969+00:00', 'hfa': 3.43, 'page_stamp': 'COLLEGE FOOTBALL 2025 through results of 2025 NOVEMBER 22 SATURDAY - WEEK 13', 'pr': 70.58, 'pr_rank': 62, 'season': 2025, 'sos': 73.93, 'sos_rank': 29, 'source_url': 'http://sagarin.com/sports/cfsend.htm', 'team': 'Rutgers', 'team_norm': 'Rutgers', 'team_raw': 'Rutgers', 'week': 14}, 'schedule_row': {'away_team': 'Penn State', 'conference_game': True, 'home_team': 'Rutgers', 'id': 401752920, 'kickoff_iso_utc': '2025-11-29T20:30:00Z', 'season': 2025, 'venue': 'SHI Stadium', 'week': 14}}",2025,,401752920,,,,14
,24.5,47,86,24.9,61.45,96.0,206.9,209.2,107,121,177.5,107.1,60.37,110.0,7-4,Troy,Troy,0.0,77,114,384.5,316.3,,20251129_2030_troy_southern_miss,3.43,,27.4,62,25,30.9,61.57,95.0,219.6,271.9,112,83,180.4,141.0,59.77,115.0,7-4,Southern Miss,Southern Miss,1.1,97,45,400.0,412.9,,2025-11-29T20:30:00Z,,,,0.12,,,,"{'league_metrics_away': {'ATS': None, 'PA': 24.5, 'PF': 24.9, 'PY(D)': 206.9, 'PY(O)': 209.2, 'R(D)_PY': 47, 'R(D)_RY': 107, 'R(D)_TY': 77, 'R(O)_PY': 86, 'R(O)_RY': 121, 'R(O)_TY': 114, 'RY(D)': 177.5, 'RY(O)': 107.1, 'SU': '7-4', 'TO': 0.0, 'TY(D)': 384.5, 'TY(O)': 316.3, 'Team': 'Troy'}, 'league_metrics_home': {'ATS': None, 'PA': 27.4, 'PF': 30.9, 'PY(D)': 219.6, 'PY(O)': 271.9, 'R(D)_PY': 62, 'R(D)_RY': 112, 'R(D)_TY': 97, 'R(O)_PY': 25, 'R(O)_RY': 83, 'R(O)_TY': 45, 'RY(D)': 180.4, 'RY(O)': 141.0, 'SU': '7-4', 'TO': 1.1, 'TY(D)': 400.0, 'TY(O)': 412.9, 'Team': 'Southern Miss'}, 'sagarin_away': {'fetched_at': '2025-11-30 10:26:19.853969+00:00', 'hfa': 3.43, 'page_stamp': 'COLLEGE FOOTBALL 2025 through results of 2025 NOVEMBER 22 SATURDAY - WEEK 13', 'pr': 61.45, 'pr_rank': 96, 'season': 2025, 'sos': 60.37, 'sos_rank': 110, 'source_url': 'http://sagarin.com/sports/cfsend.htm', 'team': 'Troy', 'team_norm': 'Troy', 'team_raw': 'Troy', 'week': 14}, 'sagarin_home': {'fetched_at': '2025-11-30 10:26:19.853969+00:00', 'hfa': 3.43, 'page_stamp': 'COLLEGE FOOTBALL 2025 through results of 2025 NOVEMBER 22 SATURDAY - WEEK 13', 'pr': 61.57, 'pr_rank': 95, 'season': 2025, 'sos': 59.77, 'sos_rank': 115, 'source_url': 'http://sagarin.com/sports/cfsend.htm', 'team': 'Southern Miss', 'team_norm': 'Southern Miss', 'team_raw': 'Southern Miss', 'week': 14}, 'schedule_row': {'away_team': 'Troy', 'conference_game': True, 'home_team': 'Southern Miss', 'id': 401761666, 'kickoff_iso_utc': '2025-11-29T20:30:00Z', 'season': 2025, 'venue': 'M. M. Roberts Stadium', 'week': 14}}",2025,,401761666,,,,14
,21.7,108,16,38.9,86.4,14.0,248.4,283.9,18,49,105.0,174.7,74.56,25.0,9-2,Vanderbilt,Vanderbilt,0.4,55,19,353.4,458.6,HOME,20251129_2030_vanderbilt_tennessee,3.43,,27.3,106,5,42.3,85.15,17.0,247.5,307.9,41,34,131.1,186.4,72.73,41.0,8-3,Tennessee,Tennessee,0.4,73,5,378.6,494.3,False,2025-11-29T20:30:00Z,117.0,-141.0,williamhill_us,-1.25,,,,"{'league_metrics_away': {'ATS': None, 'PA': 21.7, 'PF': 38.9, 'PY(D)': 248.4, 'PY(O)': 283.9, 'R(D)_PY': 108, 'R(D)_RY': 18, 'R(D)_TY': 55, 'R(O)_PY': 16, 'R(O)_RY': 49, 'R(O)_TY': 19, 'RY(D)': 105.0, 'RY(O)': 174.7, 'SU': '9-2', 'TO': 0.4, 'TY(D)': 353.4, 'TY(O)': 458.6, 'Team': 'Vanderbilt'}, 'league_metrics_home': {'ATS': None, 'PA': 27.3, 'PF': 42.3, 'PY(D)': 247.5, 'PY(O)': 307.9, 'R(D)_PY': 106, 'R(D)_RY': 41, 'R(D)_TY': 73, 'R(O)_PY': 5, 'R(O)_RY': 34, 'R(O)_TY': 5, 'RY(D)': 131.1, 'RY(O)': 186.4, 'SU': '8-3', 'TO': 0.4, 'TY(D)': 378.6, 'TY(O)': 494.3, 'Team': 'Tennessee'}, 'sagarin_away': {'fetched_at': '2025-11-30 10:26:19.853969+00:00', 'hfa': 3.43, 'page_stamp': 'COLLEGE FOOTBALL 2025 through results of 2025 NOVEMBER 22 SATURDAY - WEEK 13', 'pr': 86.4, 'pr_rank': 14, 'season': 2025, 'sos': 74.56, 'sos_rank': 25, 'source_url': 'http://sagarin.com/sports/cfsend.htm', 'team': 'Vanderbilt', 'team_norm': 'Vanderbilt', 'team_raw': 'Vanderbilt', 'week': 14}, 'sagarin_home': {'fetched_at': '2025-11-30 10:26:19.853969+00:00', 'hfa': 3.43, 'page_stamp': 'COLLEGE FOOTBALL 2025 through results of 2025 NOVEMBER 22 SATURDAY - WEEK 13', 'pr': 85.15, 'pr_rank': 17, 'season': 2025, 'sos': 72.73, 'sos_rank': 41, 'source_url': 'http://sagarin.com/sports/cfsend.htm', 'team': 'Tennessee', 'team_norm': 'Tennessee', 'team_raw': 'Tennessee', 'week': 14}, 'schedule_row': {'away_team': 'Vanderbilt', 'conference_game': True, 'home_team': 'Tennessee', 'id': 401752791, 'kickoff_iso_utc': '2025-11-29T20:30:00Z', 'season': 2025, 'venue': 'Neyland Stadium', 'week': 14}, 'odds_row': {'source': 'staging', 'season': 2025, 'week': 14, 'markets': {'spreads': {'book': 'williamhill_us', 'fetch_ts': '2025-11-29T10:26:55Z', 'line': {'spread_home_relative': -2.5, 'favored_side': 'HOME', 'spread_favored_team': -2.5, 'home_price': -115, 'away_price': -105, 'raw_outcomes': [{'name': 'Tennessee Volunteers', 'token': 'tennessee', 'price': -115, 'point': -2.5}, {'name': 'Vanderbilt Commodores', 'token': 'vanderbilt', 'price': -105, 'point': 2.5}]}}, 'totals': {'book': 'williamhill_us', 'fetch_ts': '2025-11-29T10:26:55Z', 'line': {'total_points': 66.5, 'over_price': -113, 'under_price': -108, 'raw_outcomes': [{'name': 'Over', 'token': 'over', 'price': -113, 'point': 66.5}, {'name': 'Under', 'token': 'under', 'price': -108, 'point': 66.5}]}}, 'h2h': {'book': 'williamhill_us', 'fetch_ts': '2025-11-29T10:26:55Z', 'line': {'moneyline_home': -141, 'moneyline_away': 117, 'raw_outcomes': [{'name': 'Tennessee Volunteers', 'token': 'tennessee', 'price': -141, 'point': None}, {'name': 'Vanderbilt Commodores', 'token': 'vanderbilt', 'price': 117, 'point': None}]}}}}}",2025,2025-11-29T10:26:55Z,401752791,-2.5,-2.5,66.5,14
,19.0,34,73,26.4,73.85,49.0,193.5,222.3,32,64,123.4,159.8,67.49,66.0,8-3,Wake Forest,Wake Forest,-0.1,25,72,316.8,382.1,,20251129_2030_wake_forest_duke,3.43,,29.2,124,12,33.3,73.76,50.0,267.0,291.3,57,90,142.4,134.2,71.38,50.0,6-5,Duke,Duke,0.3,104,31,409.4,425.5,,2025-11-29T20:30:00Z,,,,-0.09,,,,"{'league_metrics_away': {'ATS': None, 'PA': 19.0, 'PF': 26.4, 'PY(D)': 193.5, 'PY(O)': 222.3, 'R(D)_PY': 34, 'R(D)_RY': 32, 'R(D)_TY': 25, 'R(O)_PY': 73, 'R(O)_RY': 64, 'R(O)_TY': 72, 'RY(D)': 123.4, 'RY(O)': 159.8, 'SU': '8-3', 'TO': -0.1, 'TY(D)': 316.8, 'TY(O)': 382.1, 'Team': 'Wake Forest'}, 'league_metrics_home': {'ATS': None, 'PA': 29.2, 'PF': 33.3, 'PY(D)': 267.0, 'PY(O)': 291.3, 'R(D)_PY': 124, 'R(D)_RY': 57, 'R(D)_TY': 104, 'R(O)_PY': 12, 'R(O)_RY': 90, 'R(O)_TY': 31, 'RY(D)': 142.4, 'RY(O)': 134.2, 'SU': '6-5', 'TO': 0.3, 'TY(D)': 409.4, 'TY(O)': 425.5, 'Team': 'Duke'}, 'sagarin_away': {'fetched_at': '2025-11-30 10:26:19.853969+00:00', 'hfa': 3.43, 'page_stamp': 'COLLEGE FOOTBALL 2025 through results of 2025 NOVEMBER 22 SATURDAY - WEEK 13', 'pr': 73.85, 'pr_rank': 49, 'season': 2025, 'sos': 67.49, 'sos_rank': 66, 'source_url': 'http://sagarin.com/sports/cfsend.htm', 'team': 'Wake Forest', 'team_norm': 'Wake Forest', 'team_raw': 'Wake Forest', 'week': 14}, 'sagarin_home': {'fetched_at': '2025-11-30 10:26:19.853969+00:00', 'hfa': 3.43, 'page_stamp': 'COLLEGE FOOTBALL 2025 through results of 2025 NOVEMBER 22 SATURDAY - WEEK 13', 'pr': 73.76, 'pr_rank': 50, 'season': 2025, 'sos': 71.38, 'sos_rank': 50, 'source_url': 'http://sagarin.com/sports/cfsend.htm', 'team': 'Duke', 'team_norm': 'Duke', 'team_raw': 'Duke', 'week': 14}, 'schedule_row': {'away_team': 'Wake Forest', 'conference_game': True, 'home_team': 'Duke', 'id': 401754610, 'kickoff_iso_utc': '2025-11-29T20:30:00Z', 'season': 2025, 'venue': 'Wallace Wade Stadium', 'week': 14}}",2025,,401754610,,,,14
,22.0,78,128,13.4,75.25,45.0,229.9,132.3,14,108,103.3,121.3,81.09,2.0,4-7,Wisconsin,Wisconsin,-0.6,38,131,333.2,253.5,AWAY,20251129_2030_wisconsin_minnesota,3.43,,24.9,73,93,23.8,72.11,57.0,224.3,202.9,34,124,125.5,101.1,70.94,53.0,6-5,Minnesota,Minnesota,0.4,50,122,349.7,304.0,False,2025-11-29T20:30:00Z,-130.0,108.0,williamhill_us,-3.14,,,,"{'league_metrics_away': {'ATS': None, 'PA': 22.0, 'PF': 13.4, 'PY(D)': 229.9, 'PY(O)': 132.3, 'R(D)_PY': 78, 'R(D)_RY': 14, 'R(D)_TY': 38, 'R(O)_PY': 128, 'R(O)_RY': 108, 'R(O)_TY': 131, 'RY(D)': 103.3, 'RY(O)': 121.3, 'SU': '4-7', 'TO': -0.6, 'TY(D)': 333.2, 'TY(O)': 253.5, 'Team': 'Wisconsin'}, 'league_metrics_home': {'ATS': None, 'PA': 24.9, 'PF': 23.8, 'PY(D)': 224.3, 'PY(O)': 202.9, 'R(D)_PY': 73, 'R(D)_RY': 34, 'R(D)_TY': 50, 'R(O)_PY': 93, 'R(O)_RY': 124, 'R(O)_TY': 122, 'RY(D)': 125.5, 'RY(O)': 101.1, 'SU': '6-5', 'TO': 0.4, 'TY(D)': 349.7, 'TY(O)': 304.0, 'Team': 'Minnesota'}, 'sagarin_away': {'fetched_at': '2025-11-30 10:26:19.853969+00:00', 'hfa': 3.43, 'page_stamp': 'COLLEGE FOOTBALL 2025 through results of 2025 NOVEMBER 22 SATURDAY - WEEK 13', 'pr': 75.25, 'pr_rank': 45, 'season': 2025, 'sos': 81.09, 'sos_rank': 2, 'source_url': 'http://sagarin.com/sports/cfsend.htm', 'team': 'Wisconsin', 'team_norm': 'Wisconsin', 'team_raw': 'Wisconsin', 'week': 14}, 'sagarin_home': {'fetched_at': '2025-11-30 10:26:19.853969+00:00', 'hfa': 3.43, 'page_stamp': 'COLLEGE FOOTBALL 2025 through results of 2025 NOVEMBER 22 SATURDAY - WEEK 13', 'pr': 72.11, 'pr_rank': 57, 'season': 2025, 'sos': 70.94, 'sos_rank': 53, 'source_url': 'http://sagarin.com/sports/cfsend.htm', 'team': 'Minnesota', 'team_norm': 'Minnesota', 'team_raw': 'Minnesota', 'week': 14}, 'schedule_row': {'away_team': 'Wisconsin', 'conference_game': True, 'home_team': 'Minnesota', 'id': 401752918, 'kickoff_iso_utc': '2025-11-29T20:30:00Z', 'season': 2025, 'venue': 'Huntington Bank Stadium', 'week': 14}, 'odds_row': {'source': 'staging', 'season': 2025, 'week': 14, 'markets': {'spreads': {'book': 'williamhill_us', 'fetch_ts': '2025-11-29T10:26:55Z', 'line': {'spread_home_relative': 2.5, 'favored_side': 'AWAY', 'spread_favored_team': -2.5, 'home_price': -115, 'away_price': -105, 'raw_outcomes': [{'name': 'Minnesota Golden Gophers', 'token': 'minnesota', 'price': -115, 'point': 2.5}, {'name': 'Wisconsin Badgers', 'token': 'wisconsin', 'price': -105, 'point': -2.5}]}}, 'totals': {'book': 'williamhill_us', 'fetch_ts': '2025-11-29T10:26:55Z', 'line': {'total_points': 38.5, 'over_price': -115, 'under_price': -105, 'raw_outcomes': [{'name': 'Over', 'token': 'over', 'price': -115, 'point': 38.5}, {'name': 'Under', 'token': 'under', 'price': -105, 'point': 38.5}]}}, 'h2h': {'book': 'williamhill_us', 'fetch_ts': '2025-11-29T10:26:55Z', 'line': {'moneyline_home': 108, 'moneyline_away': -130, 'raw_outcomes': [{'name': 'Minnesota Golden Gophers', 'token': 'minnesota', 'price': 108, 'point': None}, {'name': 'Wisconsin Badgers', 'token': 'wisconsin', 'price': -130, 'point': None}]}}}}}",2025,2025-11-29T10:26:55Z,401752918,-2.5,2.5,38.5,14
,16.5,15,86,35.9,78.14,29.0,168.3,209.2,9,5,93.3,238.4,61.4,101.0,10-1,James Madison,James Madison,0.0,5,23,261.5,447.5,,20251129_2045_james_madison_coastal_carolina,3.43,,31.6,105,119,24.0,58.41,105.0,246.2,156.2,128,37,205.5,181.1,61.82,96.0,6-5,Coastal Carolina,Coastal Carolina,0.0,127,103,451.7,337.3,,2025-11-29T20:45:00Z,,,,-19.73,,,,"{'league_metrics_away': {'ATS': None, 'PA': 16.5, 'PF': 35.9, 'PY(D)': 168.3, 'PY(O)': 209.2, 'R(D)_PY': 15, 'R(D)_RY': 9, 'R(D)_TY': 5, 'R(O)_PY': 86, 'R(O)_RY': 5, 'R(O)_TY': 23, 'RY(D)': 93.3, 'RY(O)': 238.4, 'SU': '10-1', 'TO': 0.0, 'TY(D)': 261.5, 'TY(O)': 447.5, 'Team': 'James Madison'}, 'league_metrics_home': {'ATS': None, 'PA': 31.6, 'PF': 24.0, 'PY(D)': 246.2, 'PY(O)': 156.2, 'R(D)_PY': 105, 'R(D)_RY': 128, 'R(D)_TY': 127, 'R(O)_PY': 119, 'R(O)_RY': 37, 'R(O)_TY': 103, 'RY(D)': 205.5, 'RY(O)': 181.1, 'SU': '6-5', 'TO': 0.0, 'TY(D)': 451.7, 'TY(O)': 337.3, 'Team': 'Coastal Carolina'}, 'sagarin_away': {'fetched_at': '2025-11-30 10:26:19.853969+00:00', 'hfa': 3.43, 'page_stamp': 'COLLEGE FOOTBALL 2025 through results of 2025 NOVEMBER 22 SATURDAY - WEEK 13', 'pr': 78.14, 'pr_rank': 29, 'season': 2025, 'sos': 61.4, 'sos_rank': 101, 'source_url': 'http://sagarin.com/sports/cfsend.htm', 'team': 'James Madison', 'team_norm': 'James Madison', 'team_raw': 'James Madison', 'week': 14}, 'sagarin_home': {'fetched_at': '2025-11-30 10:26:19.853969+00:00', 'hfa': 3.43, 'page_stamp': 'COLLEGE FOOTBALL 2025 through results of 2025 NOVEMBER 22 SATURDAY - WEEK 13', 'pr': 58.41, 'pr_rank': 105, 'season': 2025, 'sos': 61.82, 'sos_rank': 96, 'source_url': 'http://sagarin.com/sports/cfsend.htm', 'team': 'Coastal Carolina', 'team_norm': 'Coastal Carolina', 'team_raw': 'Coastal Carolina', 'week': 14}, 'schedule_row': {'away_team': 'James Madison', 'conference_game': True, 'home_team': 'Coastal Carolina', 'id': 401761662, 'kickoff_iso_utc': '2025-11-29T20:45:00Z', 'season': 2025, 'venue': 'Brooks Stadium (SC)', 'week': 14}}",2025,,401761662,,,,14
,20.4,33,40,34.1,77.79,31.0,192.8,254.6,36,11,126.2,223.5,73.44,33.0,5-6,Florida State,Florida State,-0.4,27,11,319.0,478.2,,20251129_2130_florida_state_florida,3.43,,24.3,67,87,19.9,76.77,38.0,221.4,207.9,77,102,153.7,124.5,82.14,1.0,3-8,Florida,Florida,-0.2,69,105,375.1,332.4,,2025-11-29T21:30:00Z,,,,-1.02,,,,"{'league_metrics_away': {'ATS': None, 'PA': 20.4, 'PF': 34.1, 'PY(D)': 192.8, 'PY(O)': 254.6, 'R(D)_PY': 33, 'R(D)_RY': 36, 'R(D)_TY': 27, 'R(O)_PY': 40, 'R(O)_RY': 11, 'R(O)_TY': 11, 'RY(D)': 126.2, 'RY(O)': 223.5, 'SU': '5-6', 'TO': -0.4, 'TY(D)': 319.0, 'TY(O)': 478.2, 'Team': 'Florida State'}, 'league_metrics_home': {'ATS': None, 'PA': 24.3, 'PF': 19.9, 'PY(D)': 221.4, 'PY(O)': 207.9, 'R(D)_PY': 67, 'R(D)_RY': 77, 'R(D)_TY': 69, 'R(O)_PY': 87, 'R(O)_RY': 102, 'R(O)_TY': 105, 'RY(D)': 153.7, 'RY(O)': 124.5, 'SU': '3-8', 'TO': -0.2, 'TY(D)': 375.1, 'TY(O)': 332.4, 'Team': 'Florida'}, 'sagarin_away': {'fetched_at': '2025-11-30 10:26:19.853969+00:00', 'hfa': 3.43, 'page_stamp': 'COLLEGE FOOTBALL 2025 through results of 2025 NOVEMBER 22 SATURDAY - WEEK 13', 'pr': 77.79, 'pr_rank': 31, 'season': 2025, 'sos': 73.44, 'sos_rank': 33, 'source_url': 'http://sagarin.com/sports/cfsend.htm', 'team': 'Florida State', 'team_norm': 'Florida State', 'team_raw': 'Florida State', 'week': 14}, 'sagarin_home': {'fetched_at': '2025-11-30 10:26:19.853969+00:00', 'hfa': 3.43, 'page_stamp': 'COLLEGE FOOTBALL 2025 through results of 2025 NOVEMBER 22 SATURDAY - WEEK 13', 'pr': 76.77, 'pr_rank': 38, 'season': 2025, 'sos': 82.14, 'sos_rank': 1, 'source_url': 'http://sagarin.com/sports/cfsend.htm', 'team': 'Florida', 'team_norm': 'Florida', 'team_raw': 'Florida', 'week': 14}, 'schedule_row': {'away_team': 'Florida State', 'conference_game': False, 'home_team': 'Florida', 'id': 401752785, 'kickoff_iso_utc': '2025-11-29T21:30:00Z', 'season': 2025, 'venue': 'Ben Hill Griffin Stadium', 'week': 14}}",2025,,401752785,,,,14
,29.2,71,70,19.1,56.54,112.0,223.6,224.1,82,89,156.5,135.2,64.7,75.0,2-9,Oregon State,Oregon State,-0.8,76,89,380.1,359.3,,20251129_2330_oregon_state_washington_state,3.43,,21.3,14,97,20.6,70.66,61.0,166.6,196.8,54,116,141.2,112.9,70.21,58.0,5-6,Washington State,Washington State,-0.8,19,117,307.8,309.7,,2025-11-29T23:30:00Z,,,,14.12,,,,"{'league_metrics_away': {'ATS': None, 'PA': 29.2, 'PF': 19.1, 'PY(D)': 223.6, 'PY(O)': 224.1, 'R(D)_PY': 71, 'R(D)_RY': 82, 'R(D)_TY': 76, 'R(O)_PY': 70, 'R(O)_RY': 89, 'R(O)_TY': 89, 'RY(D)': 156.5, 'RY(O)': 135.2, 'SU': '2-9', 'TO': -0.8, 'TY(D)': 380.1, 'TY(O)': 359.3, 'Team': 'Oregon State'}, 'league_metrics_home': {'ATS': None, 'PA': 21.3, 'PF': 20.6, 'PY(D)': 166.6, 'PY(O)': 196.8, 'R(D)_PY': 14, 'R(D)_RY': 54, 'R(D)_TY': 19, 'R(O)_PY': 97, 'R(O)_RY': 116, 'R(O)_TY': 117, 'RY(D)': 141.2, 'RY(O)': 112.9, 'SU': '5-6', 'TO': -0.8, 'TY(D)': 307.8, 'TY(O)': 309.7, 'Team': 'Washington State'}, 'sagarin_away': {'fetched_at': '2025-11-30 10:26:19.853969+00:00', 'hfa': 3.43, 'page_stamp': 'COLLEGE FOOTBALL 2025 through results of 2025 NOVEMBER 22 SATURDAY - WEEK 13', 'pr': 56.54, 'pr_rank': 112, 'season': 2025, 'sos': 64.7, 'sos_rank': 75, 'source_url': 'http://sagarin.com/sports/cfsend.htm', 'team': 'Oregon State', 'team_norm': 'Oregon State', 'team_raw': 'Oregon State', 'week': 14}, 'sagarin_home': {'fetched_at': '2025-11-30 10:26:19.853969+00:00', 'hfa': 3.43, 'page_stamp': 'COLLEGE FOOTBALL 2025 through results of 2025 NOVEMBER 22 SATURDAY - WEEK 13', 'pr': 70.66, 'pr_rank': 61, 'season': 2025, 'sos': 70.21, 'sos_rank': 58, 'source_url': 'http://sagarin.com/sports/cfsend.htm', 'team': 'Washington State', 'team_norm': 'Washington State', 'team_raw': 'Washington State', 'week': 14}, 'schedule_row': {'away_team': 'Oregon State', 'conference_game': True, 'home_team': 'Washington State', 'id': 401752946, 'kickoff_iso_utc': '2025-11-29T23:30:00Z', 'season': 2025, 'venue': 'Gesa Field', 'week': 14}}",2025,,401752946,,,,14
,25.5,66,60,23.1,66.34,76.0,220.5,237.2,105,120,177.3,108.3,72.18,44.0,4-7,Maryland,Maryland,0.6,93,99,397.8,345.5,,20251130_0000_maryland_michigan_state,3.43,,30.1,52,79,23.4,70.38,63.0,210.6,216.4,79,110,155.3,119.2,75.95,15.0,3-8,Michigan State,Michigan State,-0.3,61,104,365.9,335.5,,2025-11-30T00:00:00Z,,,,4.04,,,,"{'league_metrics_away': {'ATS': None, 'PA': 25.5, 'PF': 23.1, 'PY(D)': 220.5, 'PY(O)': 237.2, 'R(D)_PY': 66, 'R(D)_RY': 105, 'R(D)_TY': 93, 'R(O)_PY': 60, 'R(O)_RY': 120, 'R(O)_TY': 99, 'RY(D)': 177.3, 'RY(O)': 108.3, 'SU': '4-7', 'TO': 0.6, 'TY(D)': 397.8, 'TY(O)': 345.5, 'Team': 'Maryland'}, 'league_metrics_home': {'ATS': None, 'PA': 30.1, 'PF': 23.4, 'PY(D)': 210.6, 'PY(O)': 216.4, 'R(D)_PY': 52, 'R(D)_RY': 79, 'R(D)_TY': 61, 'R(O)_PY': 79, 'R(O)_RY': 110, 'R(O)_TY': 104, 'RY(D)': 155.3, 'RY(O)': 119.2, 'SU': '3-8', 'TO': -0.3, 'TY(D)': 365.9, 'TY(O)': 335.5, 'Team': 'Michigan State'}, 'sagarin_away': {'fetched_at': '2025-11-30 10:26:19.853969+00:00', 'hfa': 3.43, 'page_stamp': 'COLLEGE FOOTBALL 2025 through results of 2025 NOVEMBER 22 SATURDAY - WEEK 13', 'pr': 66.34, 'pr_rank': 76, 'season': 2025, 'sos': 72.18, 'sos_rank': 44, 'source_url': 'http://sagarin.com/sports/cfsend.htm', 'team': 'Maryland', 'team_norm': 'Maryland', 'team_raw': 'Maryland', 'week': 14}, 'sagarin_home': {'fetched_at': '2025-11-30 10:26:19.853969+00:00', 'hfa': 3.43, 'page_stamp': 'COLLEGE FOOTBALL 2025 through results of 2025 NOVEMBER 22 SATURDAY - WEEK 13', 'pr': 70.38, 'pr_rank': 63, 'season': 2025, 'sos': 75.95, 'sos_rank': 15, 'source_url': 'http://sagarin.com/sports/cfsend.htm', 'team': 'Michigan State', 'team_norm': 'Michigan State', 'team_raw': 'Michigan State', 'week': 14}, 'schedule_row': {'away_team': 'Maryland', 'conference_game': True, 'home_team': 'Michigan State', 'id': 401752923, 'kickoff_iso_utc': '2025-11-30T00:00:00Z', 'season': 2025, 'venue': 'Ford Field', 'week': 14}}",2025,,401752923,,,,14
,30.5,97,131,21.4,53.19,121.0,240.5,97.4,63,13,147.1,218.8,62.97,84.0,5-6,Rice,Rice,-0.1,81,115,387.5,316.2,,20251130_0000_rice_south_florida,3.43,,25.2,123,22,42.2,77.78,32.0,265.0,274.6,43,12,131.8,221.4,67.26,67.0,8-3,South Florida,South Florida,0.7,91,3,396.8,496.0,,2025-11-30T00:00:00Z,,,,24.59,,,,"{'league_metrics_away': {'ATS': None, 'PA': 30.5, 'PF': 21.4, 'PY(D)': 240.5, 'PY(O)': 97.4, 'R(D)_PY': 97, 'R(D)_RY': 63, 'R(D)_TY': 81, 'R(O)_PY': 131, 'R(O)_RY': 13, 'R(O)_TY': 115, 'RY(D)': 147.1, 'RY(O)': 218.8, 'SU': '5-6', 'TO': -0.1, 'TY(D)': 387.5, 'TY(O)': 316.2, 'Team': 'Rice'}, 'league_metrics_home': {'ATS': None, 'PA': 25.2, 'PF': 42.2, 'PY(D)': 265.0, 'PY(O)': 274.6, 'R(D)_PY': 123, 'R(D)_RY': 43, 'R(D)_TY': 91, 'R(O)_PY': 22, 'R(O)_RY': 12, 'R(O)_TY': 3, 'RY(D)': 131.8, 'RY(O)': 221.4, 'SU': '8-3', 'TO': 0.7, 'TY(D)': 396.8, 'TY(O)': 496.0, 'Team': 'South Florida'}, 'sagarin_away': {'fetched_at': '2025-11-30 10:26:19.853969+00:00', 'hfa': 3.43, 'page_stamp': 'COLLEGE FOOTBALL 2025 through results of 2025 NOVEMBER 22 SATURDAY - WEEK 13', 'pr': 53.19, 'pr_rank': 121, 'season': 2025, 'sos': 62.97, 'sos_rank': 84, 'source_url': 'http://sagarin.com/sports/cfsend.htm', 'team': 'Rice', 'team_norm': 'Rice', 'team_raw': 'Rice', 'week': 14}, 'sagarin_home': {'fetched_at': '2025-11-30 10:26:19.853969+00:00', 'hfa': 3.43, 'page_stamp': 'COLLEGE FOOTBALL 2025 through results of 2025 NOVEMBER 22 SATURDAY - WEEK 13', 'pr': 77.78, 'pr_rank': 32, 'season': 2025, 'sos': 67.26, 'sos_rank': 67, 'source_url': 'http://sagarin.com/sports/cfsend.htm', 'team': 'South Florida', 'team_norm': 'South Florida', 'team_raw': 'South Florida', 'week': 14}, 'schedule_row': {'away_team': 'Rice', 'conference_game': True, 'home_team': 'South Florida', 'id': 401762520, 'kickoff_iso_utc': '2025-11-30T00:00:00Z', 'season': 2025, 'venue': 'Raymond James Stadium', 'week': 14}}",2025,,401762520,,,,14
,30.5,76,113,22.7,68.47,69.0,228.6,174.4,73,31,150.4,189.0,74.98,21.0,3-8,Virginia Tech,Virginia Tech,-0.6,74,85,379.0,363.4,,20251130_0000_virginia_tech_virginia,3.43,,21.2,58,44,33.7,77.67,33.0,214.8,250.1,23,29,109.4,189.5,69.23,60.0,9-2,Virginia,Virginia,0.5,31,25,324.2,439.5,,2025-11-30T00:00:00Z,,,,9.2,,,,"{'league_metrics_away': {'ATS': None, 'PA': 30.5, 'PF': 22.7, 'PY(D)': 228.6, 'PY(O)': 174.4, 'R(D)_PY': 76, 'R(D)_RY': 73, 'R(D)_TY': 74, 'R(O)_PY': 113, 'R(O)_RY': 31, 'R(O)_TY': 85, 'RY(D)': 150.4, 'RY(O)': 189.0, 'SU': '3-8', 'TO': -0.6, 'TY(D)': 379.0, 'TY(O)': 363.4, 'Team': 'Virginia Tech'}, 'league_metrics_home': {'ATS': None, 'PA': 21.2, 'PF': 33.7, 'PY(D)': 214.8, 'PY(O)': 250.1, 'R(D)_PY': 58, 'R(D)_RY': 23, 'R(D)_TY': 31, 'R(O)_PY': 44, 'R(O)_RY': 29, 'R(O)_TY': 25, 'RY(D)': 109.4, 'RY(O)': 189.5, 'SU': '9-2', 'TO': 0.5, 'TY(D)': 324.2, 'TY(O)': 439.5, 'Team': 'Virginia'}, 'sagarin_away': {'fetched_at': '2025-11-30 10:26:19.853969+00:00', 'hfa': 3.43, 'page_stamp': 'COLLEGE FOOTBALL 2025 through results of 2025 NOVEMBER 22 SATURDAY - WEEK 13', 'pr': 68.47, 'pr_rank': 69, 'season': 2025, 'sos': 74.98, 'sos_rank': 21, 'source_url': 'http://sagarin.com/sports/cfsend.htm', 'team': 'Virginia Tech', 'team_norm': 'Virginia Tech', 'team_raw': 'Virginia Tech', 'week': 14}, 'sagarin_home': {'fetched_at': '2025-11-30 10:26:19.853969+00:00', 'hfa': 3.43, 'page_stamp': 'COLLEGE FOOTBALL 2025 through results of 2025 NOVEMBER 22 SATURDAY - WEEK 13', 'pr': 77.67, 'pr_rank': 33, 'season': 2025, 'sos': 69.23, 'sos_rank': 60, 'source_url': 'http://sagarin.com/sports/cfsend.htm', 'team': 'Virginia', 'team_norm': 'Virginia', 'team_raw': 'Virginia', 'week': 14}, 'schedule_row': {'away_team': 'Virginia Tech', 'conference_game': True, 'home_team': 'Virginia', 'id': 401754613, 'kickoff_iso_utc': '2025-11-30T00:00:00Z', 'season': 2025, 'venue': 'Scott Stadium', 'week': 14}}",2025,,401754613,,,,14
,16.2,5,10,33.8,90.14,7.0,149.1,292.5,31,105,121.9,123.4,78.64,6.0,9-2,Alabama Crimson Tide,Alabama,0.5,8,41,271.0,415.8,,20251130_0030_alabama_crimson_tide_auburn,3.43,,20.1,95,102,27.4,81.96,24.0,239.6,191.5,11,41,94.3,179.2,76.8,13.0,5-6,Auburn,Auburn,1.0,39,82,333.9,370.6,,2025-11-30T00:30:00Z,,,,-8.18,,,,"{'league_metrics_away': {'ATS': None, 'PA': 16.2, 'PF': 33.8, 'PY(D)': 149.1, 'PY(O)': 292.5, 'R(D)_PY': 5, 'R(D)_RY': 31, 'R(D)_TY': 8, 'R(O)_PY': 10, 'R(O)_RY': 105, 'R(O)_TY': 41, 'RY(D)': 121.9, 'RY(O)': 123.4, 'SU': '9-2', 'TO': 0.5, 'TY(D)': 271.0, 'TY(O)': 415.8, 'Team': 'Alabama Crimson Tide'}, 'league_metrics_home': {'ATS': None, 'PA': 20.1, 'PF': 27.4, 'PY(D)': 239.6, 'PY(O)': 191.5, 'R(D)_PY': 95, 'R(D)_RY': 11, 'R(D)_TY': 39, 'R(O)_PY': 102, 'R(O)_RY': 41, 'R(O)_TY': 82, 'RY(D)': 94.3, 'RY(O)': 179.2, 'SU': '5-6', 'TO': 1.0, 'TY(D)': 333.9, 'TY(O)': 370.6, 'Team': 'Auburn'}, 'sagarin_away': {'fetched_at': '2025-11-30 10:26:19.853969+00:00', 'hfa': 3.43, 'page_stamp': 'COLLEGE FOOTBALL 2025 through results of 2025 NOVEMBER 22 SATURDAY - WEEK 13', 'pr': 90.14, 'pr_rank': 7, 'season': 2025, 'sos': 78.64, 'sos_rank': 6, 'source_url': 'http://sagarin.com/sports/cfsend.htm', 'team': 'Alabama Crimson Tide', 'team_norm': 'Alabama Crimson Tide', 'team_raw': 'Alabama', 'week': 14}, 'sagarin_home': {'fetched_at': '2025-11-30 10:26:19.853969+00:00', 'hfa': 3.43, 'page_stamp': 'COLLEGE FOOTBALL 2025 through results of 2025 NOVEMBER 22 SATURDAY - WEEK 13', 'pr': 81.96, 'pr_rank': 24, 'season': 2025, 'sos': 76.8, 'sos_rank': 13, 'source_url': 'http://sagarin.com/sports/cfsend.htm', 'team': 'Auburn', 'team_norm': 'Auburn', 'team_raw': 'Auburn', 'week': 14}, 'schedule_row': {'away_team': 'Alabama', 'conference_game': True, 'home_team': 'Auburn', 'id': 401752784, 'kickoff_iso_utc': '2025-11-30T00:30:00Z', 'season': 2025, 'venue': 'Jordan-Hare Stadium', 'week': 14}}",2025,,401752784,,,,14
,37.2,126,85,15.6,46.63,132.0,268.0,209.5,127,127,204.8,89.5,65.09,74.0,1-10,Charlotte,Charlotte,-0.8,129,123,472.8,299.1,HOME,20251130_0030_charlotte_tulane,3.43,,24.8,121,53,28.8,72.86,52.0,261.8,242.6,42,56,131.6,169.5,66.79,70.0,9-2,Tulane,Tulane,0.5,88,46,393.5,412.1,False,2025-11-30T00:30:00Z,1750.0,-10000.0,williamhill_us,26.23,,,,"{'league_metrics_away': {'ATS': None, 'PA': 37.2, 'PF': 15.6, 'PY(D)': 268.0, 'PY(O)': 209.5, 'R(D)_PY': 126, 'R(D)_RY': 127, 'R(D)_TY': 129, 'R(O)_PY': 85, 'R(O)_RY': 127, 'R(O)_TY': 123, 'RY(D)': 204.8, 'RY(O)': 89.5, 'SU': '1-10', 'TO': -0.8, 'TY(D)': 472.8, 'TY(O)': 299.1, 'Team': 'Charlotte'}, 'league_metrics_home': {'ATS': None, 'PA': 24.8, 'PF': 28.8, 'PY(D)': 261.8, 'PY(O)': 242.6, 'R(D)_PY': 121, 'R(D)_RY': 42, 'R(D)_TY': 88, 'R(O)_PY': 53, 'R(O)_RY': 56, 'R(O)_TY': 46, 'RY(D)': 131.6, 'RY(O)': 169.5, 'SU': '9-2', 'TO': 0.5, 'TY(D)': 393.5, 'TY(O)': 412.1, 'Team': 'Tulane'}, 'sagarin_away': {'fetched_at': '2025-11-30 10:26:19.853969+00:00', 'hfa': 3.43, 'page_stamp': 'COLLEGE FOOTBALL 2025 through results of 2025 NOVEMBER 22 SATURDAY - WEEK 13', 'pr': 46.63, 'pr_rank': 132, 'season': 2025, 'sos': 65.09, 'sos_rank': 74, 'source_url': 'http://sagarin.com/sports/cfsend.htm', 'team': 'Charlotte', 'team_norm': 'Charlotte', 'team_raw': 'Charlotte', 'week': 14}, 'sagarin_home': {'fetched_at': '2025-11-30 10:26:19.853969+00:00', 'hfa': 3.43, 'page_stamp': 'COLLEGE FOOTBALL 2025 through results of 2025 NOVEMBER 22 SATURDAY - WEEK 13', 'pr': 72.86, 'pr_rank': 52, 'season': 2025, 'sos': 66.79, 'sos_rank': 70, 'source_url': 'http://sagarin.com/sports/cfsend.htm', 'team': 'Tulane', 'team_norm': 'Tulane', 'team_raw': 'Tulane', 'week': 14}, 'schedule_row': {'away_team': 'Charlotte', 'conference_game': True, 'home_team': 'Tulane', 'id': 401762518, 'kickoff_iso_utc': '2025-11-30T00:30:00Z', 'season': 2025, 'venue': 'Yulman Stadium', 'week': 14}, 'odds_row': {'source': 'staging', 'season': 2025, 'week': 14, 'markets': {'spreads': {'book': 'williamhill_us', 'fetch_ts': '2025-11-29T10:26:55Z', 'line': {'spread_home_relative': -30.0, 'favored_side': 'HOME', 'spread_favored_team': -30.0, 'home_price': -113, 'away_price': -107, 'raw_outcomes': [{'name': 'Charlotte 49ers', 'token': 'charlotte', 'price': -107, 'point': 30.0}, {'name': 'Tulane Green Wave', 'token': 'tulane', 'price': -113, 'point': -30.0}]}}, 'totals': {'book': 'williamhill_us', 'fetch_ts': '2025-11-29T10:26:55Z', 'line': {'total_points': 53.0, 'over_price': -109, 'under_price': -110, 'raw_outcomes': [{'name': 'Over', 'token': 'over', 'price': -109, 'point': 53.0}, {'name': 'Under', 'token': 'under', 'price': -110, 'point': 53.0}]}}, 'h2h': {'book': 'williamhill_us', 'fetch_ts': '2025-11-29T10:26:55Z', 'line': {'moneyline_home': -10000, 'moneyline_away': 1750, 'raw_outcomes': [{'name': 'Charlotte 49ers', 'token': 'charlotte', 'price': 1750, 'point': None}, {'name': 'Tulane Green Wave', 'token': 'tulane', 'price': -10000, 'point': None}]}}}}}",2025,2025-11-29T10:26:55Z,401762518,-30.0,-30.0,53.0,14
,22.9,55,108,19.3,66.76,75.0,212.2,182.9,29,119,119.9,108.4,67.8,65.0,4-7,North Carolina,North Carolina,-0.2,37,127,332.1,291.3,,20251130_0030_north_carolina_nc_state,3.43,,29.7,131,42,29.1,74.92,46.0,291.1,252.0,60,76,144.8,146.5,75.39,18.0,6-5,Nc State,NC State,-0.1,122,59,435.9,398.5,,2025-11-30T00:30:00Z,,,,8.16,,,,"{'league_metrics_away': {'ATS': None, 'PA': 22.9, 'PF': 19.3, 'PY(D)': 212.2, 'PY(O)': 182.9, 'R(D)_PY': 55, 'R(D)_RY': 29, 'R(D)_TY': 37, 'R(O)_PY': 108, 'R(O)_RY': 119, 'R(O)_TY': 127, 'RY(D)': 119.9, 'RY(O)': 108.4, 'SU': '4-7', 'TO': -0.2, 'TY(D)': 332.1, 'TY(O)': 291.3, 'Team': 'North Carolina'}, 'league_metrics_home': {'ATS': None, 'PA': 29.7, 'PF': 29.1, 'PY(D)': 291.1, 'PY(O)': 252.0, 'R(D)_PY': 131, 'R(D)_RY': 60, 'R(D)_TY': 122, 'R(O)_PY': 42, 'R(O)_RY': 76, 'R(O)_TY': 59, 'RY(D)': 144.8, 'RY(O)': 146.5, 'SU': '6-5', 'TO': -0.1, 'TY(D)': 435.9, 'TY(O)': 398.5, 'Team': 'Nc State'}, 'sagarin_away': {'fetched_at': '2025-11-30 10:26:19.853969+00:00', 'hfa': 3.43, 'page_stamp': 'COLLEGE FOOTBALL 2025 through results of 2025 NOVEMBER 22 SATURDAY - WEEK 13', 'pr': 66.76, 'pr_rank': 75, 'season': 2025, 'sos': 67.8, 'sos_rank': 65, 'source_url': 'http://sagarin.com/sports/cfsend.htm', 'team': 'North Carolina', 'team_norm': 'North Carolina', 'team_raw': 'North Carolina', 'week': 14}, 'sagarin_home': {'fetched_at': '2025-11-30 10:26:19.853969+00:00', 'hfa': 3.43, 'page_stamp': 'COLLEGE FOOTBALL 2025 through results of 2025 NOVEMBER 22 SATURDAY - WEEK 13', 'pr': 74.92, 'pr_rank': 46, 'season': 2025, 'sos': 75.39, 'sos_rank': 18, 'source_url': 'http://sagarin.com/sports/cfsend.htm', 'team': 'Nc State', 'team_norm': 'Nc State', 'team_raw': 'NC State', 'week': 14}, 'schedule_row': {'away_team': 'North Carolina', 'conference_game': True, 'home_team': 'NC State', 'id': 401754612, 'kickoff_iso_utc': '2025-11-30T00:30:00Z', 'season': 2025, 'venue': 'Carter-Finley Stadium', 'week': 14}}",2025,,401754612,,,,14
,21.0,36,106,23.4,71.52,59.0,197.6,183.5,56,48,141.9,174.9,72.76,39.0,6-5,Northwestern,Northwestern,-0.1,43,90,339.5,358.4,HOME,20251130_0030_northwestern_illinois,3.43,,24.2,81,49,30.2,78.13,30.0,232.3,245.9,39,92,127.5,132.3,74.8,22.0,7-4,Illinois,Illinois,0.1,59,78,359.7,378.2,False,2025-11-30T00:30:00Z,230.0,-290.0,williamhill_us,6.61,,,,"{'league_metrics_away': {'ATS': None, 'PA': 21.0, 'PF': 23.4, 'PY(D)': 197.6, 'PY(O)': 183.5, 'R(D)_PY': 36, 'R(D)_RY': 56, 'R(D)_TY': 43, 'R(O)_PY': 106, 'R(O)_RY': 48, 'R(O)_TY': 90, 'RY(D)': 141.9, 'RY(O)': 174.9, 'SU': '6-5', 'TO': -0.1, 'TY(D)': 339.5, 'TY(O)': 358.4, 'Team': 'Northwestern'}, 'league_metrics_home': {'ATS': None, 'PA': 24.2, 'PF': 30.2, 'PY(D)': 232.3, 'PY(O)': 245.9, 'R(D)_PY': 81, 'R(D)_RY': 39, 'R(D)_TY': 59, 'R(O)_PY': 49, 'R(O)_RY': 92, 'R(O)_TY': 78, 'RY(D)': 127.5, 'RY(O)': 132.3, 'SU': '7-4', 'TO': 0.1, 'TY(D)': 359.7, 'TY(O)': 378.2, 'Team': 'Illinois'}, 'sagarin_away': {'fetched_at': '2025-11-30 10:26:19.853969+00:00', 'hfa': 3.43, 'page_stamp': 'COLLEGE FOOTBALL 2025 through results of 2025 NOVEMBER 22 SATURDAY - WEEK 13', 'pr': 71.52, 'pr_rank': 59, 'season': 2025, 'sos': 72.76, 'sos_rank': 39, 'source_url': 'http://sagarin.com/sports/cfsend.htm', 'team': 'Northwestern', 'team_norm': 'Northwestern', 'team_raw': 'Northwestern', 'week': 14}, 'sagarin_home': {'fetched_at': '2025-11-30 10:26:19.853969+00:00', 'hfa': 3.43, 'page_stamp': 'COLLEGE FOOTBALL 2025 through results of 2025 NOVEMBER 22 SATURDAY - WEEK 13', 'pr': 78.13, 'pr_rank': 30, 'season': 2025, 'sos': 74.8, 'sos_rank': 22, 'source_url': 'http://sagarin.com/sports/cfsend.htm', 'team': 'Illinois', 'team_norm': 'Illinois', 'team_raw': 'Illinois', 'week': 14}, 'schedule_row': {'away_team': 'Northwestern', 'conference_game': True, 'home_team': 'Illinois', 'id': 401752922, 'kickoff_iso_utc': '2025-11-30T00:30:00Z', 'season': 2025, 'venue': 'Memorial Stadium (Champaign, IL)', 'week': 14}, 'odds_row': {'source': 'staging', 'season': 2025, 'week': 14, 'markets': {'spreads': {'book': 'williamhill_us', 'fetch_ts': '2025-11-29T10:26:55Z', 'line': {'spread_home_relative': -7.5, 'favored_side': 'HOME', 'spread_favored_team': -7.5, 'home_price': -106, 'away_price': -114, 'raw_outcomes': [{'name': 'Illinois Fighting Illini', 'token': 'illinois', 'price': -106, 'point': -7.5}, {'name': 'Northwestern Wildcats', 'token': 'northwestern', 'price': -114, 'point': 7.5}]}}, 'totals': {'book': 'williamhill_us', 'fetch_ts': '2025-11-29T10:26:55Z', 'line': {'total_points': 46.0, 'over_price': -112, 'under_price': -107, 'raw_outcomes': [{'name': 'Over', 'token': 'over', 'price': -112, 'point': 46.0}, {'name': 'Under', 'token': 'under', 'price': -107, 'point': 46.0}]}}, 'h2h': {'book': 'williamhill_us', 'fetch_ts': '2025-11-29T10:26:55Z', 'line': {'moneyline_home': -290, 'moneyline_away': 230, 'raw_outcomes': [{'name': 'Illinois Fighting Illini', 'token': 'illinois', 'price': -290, 'point': None}, {'name': 'Northwestern Wildcats', 'token': 'northwestern', 'price': 230, 'point': None}]}}}}}",2025,2025-11-29T10:26:55Z,401752922,-7.5,-7.5,46.0,14
,33.8,29,111,18.9,67.2,74.0,191.1,178.5,122,82,196.1,142.5,78.04,9.0,3-8,Ucla,UCLA,-0.3,80,112,387.2,320.9,,20251130_0030_ucla_usc_trojans,3.43,,23.5,44,7,37.2,85.18,16.0,203.6,301.0,67,45,148.5,177.8,75.09,20.0,8-3,USC Trojans,USC,0.3,54,10,352.2,478.8,,2025-11-30T00:30:00Z,,,,17.98,,,,"{'league_metrics_away': {'ATS': None, 'PA': 33.8, 'PF': 18.9, 'PY(D)': 191.1, 'PY(O)': 178.5, 'R(D)_PY': 29, 'R(D)_RY': 122, 'R(D)_TY': 80, 'R(O)_PY': 111, 'R(O)_RY': 82, 'R(O)_TY': 112, 'RY(D)': 196.1, 'RY(O)': 142.5, 'SU': '3-8', 'TO': -0.3, 'TY(D)': 387.2, 'TY(O)': 320.9, 'Team': 'Ucla'}, 'league_metrics_home': {'ATS': None, 'PA': 23.5, 'PF': 37.2, 'PY(D)': 203.6, 'PY(O)': 301.0, 'R(D)_PY': 44, 'R(D)_RY': 67, 'R(D)_TY': 54, 'R(O)_PY': 7, 'R(O)_RY': 45, 'R(O)_TY': 10, 'RY(D)': 148.5, 'RY(O)': 177.8, 'SU': '8-3', 'TO': 0.3, 'TY(D)': 352.2, 'TY(O)': 478.8, 'Team': 'USC Trojans'}, 'sagarin_away': {'fetched_at': '2025-11-30 10:26:19.853969+00:00', 'hfa': 3.43, 'page_stamp': 'COLLEGE FOOTBALL 2025 through results of 2025 NOVEMBER 22 SATURDAY - WEEK 13', 'pr': 67.2, 'pr_rank': 74, 'season': 2025, 'sos': 78.04, 'sos_rank': 9, 'source_url': 'http://sagarin.com/sports/cfsend.htm', 'team': 'Ucla', 'team_norm': 'Ucla', 'team_raw': 'UCLA', 'week': 14}, 'sagarin_home': {'fetched_at': '2025-11-30 10:26:19.853969+00:00', 'hfa': 3.43, 'page_stamp': 'COLLEGE FOOTBALL 2025 through results of 2025 NOVEMBER 22 SATURDAY - WEEK 13', 'pr': 85.18, 'pr_rank': 16, 'season': 2025, 'sos': 75.09, 'sos_rank': 20, 'source_url': 'http://sagarin.com/sports/cfsend.htm', 'team': 'Southern California', 'team_norm': 'Southern California', 'team_raw': 'Southern California', 'week': 14}, 'schedule_row': {'away_team': 'UCLA', 'conference_game': True, 'home_team': 'USC', 'id': 401752919, 'kickoff_iso_utc': '2025-11-30T00:30:00Z', 'season': 2025, 'venue': 'Los Angeles Memorial Coliseum', 'week': 14}}",2025,,401752919,,,,14
,19.1,129,14,32.7,84.62,18.0,280.5,286.5,19,97,105.4,127.3,69.83,59.0,8-3,Smu,SMU,1.1,79,44,385.9,413.8,AWAY,20251130_0100_smu_california,3.43,,25.7,32,31,23.6,66.18,77.0,192.5,264.7,80,132,155.9,73.4,68.21,64.0,6-5,California,California,-0.3,49,102,348.5,338.1,False,2025-11-30T01:00:00Z,-530.0,390.0,williamhill_us,-18.44,,,,"{'league_metrics_away': {'ATS': None, 'PA': 19.1, 'PF': 32.7, 'PY(D)': 280.5, 'PY(O)': 286.5, 'R(D)_PY': 129, 'R(D)_RY': 19, 'R(D)_TY': 79, 'R(O)_PY': 14, 'R(O)_RY': 97, 'R(O)_TY': 44, 'RY(D)': 105.4, 'RY(O)': 127.3, 'SU': '8-3', 'TO': 1.1, 'TY(D)': 385.9, 'TY(O)': 413.8, 'Team': 'Smu'}, 'league_metrics_home': {'ATS': None, 'PA': 25.7, 'PF': 23.6, 'PY(D)': 192.5, 'PY(O)': 264.7, 'R(D)_PY': 32, 'R(D)_RY': 80, 'R(D)_TY': 49, 'R(O)_PY': 31, 'R(O)_RY': 132, 'R(O)_TY': 102, 'RY(D)': 155.9, 'RY(O)': 73.4, 'SU': '6-5', 'TO': -0.3, 'TY(D)': 348.5, 'TY(O)': 338.1, 'Team': 'California'}, 'sagarin_away': {'fetched_at': '2025-11-30 10:26:19.853969+00:00', 'hfa': 3.43, 'page_stamp': 'COLLEGE FOOTBALL 2025 through results of 2025 NOVEMBER 22 SATURDAY - WEEK 13', 'pr': 84.62, 'pr_rank': 18, 'season': 2025, 'sos': 69.83, 'sos_rank': 59, 'source_url': 'http://sagarin.com/sports/cfsend.htm', 'team': 'Smu', 'team_norm': 'Smu', 'team_raw': 'SMU', 'week': 14}, 'sagarin_home': {'fetched_at': '2025-11-30 10:26:19.853969+00:00', 'hfa': 3.43, 'page_stamp': 'COLLEGE FOOTBALL 2025 through results of 2025 NOVEMBER 22 SATURDAY - WEEK 13', 'pr': 66.18, 'pr_rank': 77, 'season': 2025, 'sos': 68.21, 'sos_rank': 64, 'source_url': 'http://sagarin.com/sports/cfsend.htm', 'team': 'California', 'team_norm': 'California', 'team_raw': 'California', 'week': 14}, 'schedule_row': {'away_team': 'SMU', 'conference_game': True, 'home_team': 'California', 'id': 401754609, 'kickoff_iso_utc': '2025-11-30T01:00:00Z', 'season': 2025, 'venue': 'California Memorial Stadium', 'week': 14}, 'odds_row': {'source': 'staging', 'season': 2025, 'week': 14, 'markets': {'spreads': {'book': 'williamhill_us', 'fetch_ts': '2025-11-29T10:26:55Z', 'line': {'spread_home_relative': 13.5, 'favored_side': 'AWAY', 'spread_favored_team': -13.5, 'home_price': -113, 'away_price': -107, 'raw_outcomes': [{'name': 'California Golden Bears', 'token': 'california', 'price': -113, 'point': 13.5}, {'name': 'SMU Mustangs', 'token': 'smu', 'price': -107, 'point': -13.5}]}}, 'totals': {'book': 'williamhill_us', 'fetch_ts': '2025-11-29T10:26:55Z', 'line': {'total_points': 53.5, 'over_price': -108, 'under_price': -113, 'raw_outcomes': [{'name': 'Over', 'token': 'over', 'price': -108, 'point': 53.5}, {'name': 'Under', 'token': 'under', 'price': -113, 'point': 53.5}]}}, 'h2h': {'book': 'williamhill_us', 'fetch_ts': '2025-11-29T10:26:55Z', 'line': {'moneyline_home': 390, 'moneyline_away': -530, 'raw_outcomes': [{'name': 'California Golden Bears', 'token': 'california', 'price': 390, 'point': None}, {'name': 'SMU Mustangs', 'token': 'smu', 'price': -530, 'point': None}]}}}}}",2025,2025-11-29T10:26:55Z,401754609,-13.5,13.5,53.5,14
,29.1,117,37,36.7,69.77,65.0,254.9,257.5,100,20,173.9,203.3,60.45,108.0,9-2,Unlv,UNLV,0.6,118,17,428.8,460.8,AWAY,20251130_0200_unlv_nevada,3.43,,26.2,59,123,17.6,55.91,114.0,215.6,147.1,58,72,143.5,151.8,64.01,78.0,3-8,Nevada,Nevada,-1.1,58,124,359.1,298.9,False,2025-11-30T02:00:00Z,-320.0,245.0,williamhill_us,-13.86,,,,"{'league_metrics_away': {'ATS': None, 'PA': 29.1, 'PF': 36.7, 'PY(D)': 254.9, 'PY(O)': 257.5, 'R(D)_PY': 117, 'R(D)_RY': 100, 'R(D)_TY': 118, 'R(O)_PY': 37, 'R(O)_RY': 20, 'R(O)_TY': 17, 'RY(D)': 173.9, 'RY(O)': 203.3, 'SU': '9-2', 'TO': 0.6, 'TY(D)': 428.8, 'TY(O)': 460.8, 'Team': 'Unlv'}, 'league_metrics_home': {'ATS': None, 'PA': 26.2, 'PF': 17.6, 'PY(D)': 215.6, 'PY(O)': 147.1, 'R(D)_PY': 59, 'R(D)_RY': 58, 'R(D)_TY': 58, 'R(O)_PY': 123, 'R(O)_RY': 72, 'R(O)_TY': 124, 'RY(D)': 143.5, 'RY(O)': 151.8, 'SU': '3-8', 'TO': -1.1, 'TY(D)': 359.1, 'TY(O)': 298.9, 'Team': 'Nevada'}, 'sagarin_away': {'fetched_at': '2025-11-30 10:26:19.853969+00:00', 'hfa': 3.43, 'page_stamp': 'COLLEGE FOOTBALL 2025 through results of 2025 NOVEMBER 22 SATURDAY - WEEK 13', 'pr': 69.77, 'pr_rank': 65, 'season': 2025, 'sos': 60.45, 'sos_rank': 108, 'source_url': 'http://sagarin.com/sports/cfsend.htm', 'team': 'Unlv', 'team_norm': 'Unlv', 'team_raw': 'UNLV', 'week': 14}, 'sagarin_home': {'fetched_at': '2025-11-30 10:26:19.853969+00:00', 'hfa': 3.43, 'page_stamp': 'COLLEGE FOOTBALL 2025 through results of 2025 NOVEMBER 22 SATURDAY - WEEK 13', 'pr': 55.91, 'pr_rank': 114, 'season': 2025, 'sos': 64.01, 'sos_rank': 78, 'source_url': 'http://sagarin.com/sports/cfsend.htm', 'team': 'Nevada', 'team_norm': 'Nevada', 'team_raw': 'Nevada', 'week': 14}, 'schedule_row': {'away_team': 'UNLV', 'conference_game': True, 'home_team': 'Nevada', 'id': 401760425, 'kickoff_iso_utc': '2025-11-30T02:00:00Z', 'season': 2025, 'venue': 'Mackay Stadium', 'week': 14}, 'odds_row': {'source': 'staging', 'season': 2025, 'week': 14, 'markets': {'spreads': {'book': 'williamhill_us', 'fetch_ts': '2025-11-29T10:26:55Z', 'line': {'spread_home_relative': 7.5, 'favored_side': 'AWAY', 'spread_favored_team': -7.5, 'home_price': -112, 'away_price': -109, 'raw_outcomes': [{'name': 'Nevada Wolf Pack', 'token': 'nevada', 'price': -112, 'point': 7.5}, {'name': 'UNLV Rebels', 'token': 'unlv', 'price': -109, 'point': -7.5}]}}, 'totals': {'book': 'williamhill_us', 'fetch_ts': '2025-11-29T10:26:55Z', 'line': {'total_points': 53.5, 'over_price': -109, 'under_price': -112, 'raw_outcomes': [{'name': 'Over', 'token': 'over', 'price': -109, 'point': 53.5}, {'name': 'Under', 'token': 'under', 'price': -112, 'point': 53.5}]}}, 'h2h': {'book': 'williamhill_us', 'fetch_ts': '2025-11-29T10:26:55Z', 'line': {'moneyline_home': 245, 'moneyline_away': -320, 'raw_outcomes': [{'name': 'Nevada Wolf Pack', 'token': 'nevada', 'price': 245, 'point': None}, {'name': 'UNLV Rebels', 'token': 'unlv', 'price': -320, 'point': None}]}}}}}",2025,2025-11-29T10:26:55Z,401760425,-7.5,7.5,53.5,14
,20.6,9,105,25.1,63.42,91.0,164.7,184.3,48,63,136.8,162.1,60.16,112.0,7-4,Fresno State,Fresno State,0.1,15,97,301.5,346.4,,20251130_0330_fresno_state_san_jos_state,3.43,,31.7,118,9,22.1,55.42,116.0,255.0,298.5,71,109,149.7,120.7,63.33,80.0,3-8,San José State,San José State,-1.0,101,38,404.7,419.3,,2025-11-30T03:30:00Z,,,,-8.0,,,,"{'league_metrics_away': {'ATS': None, 'PA': 20.6, 'PF': 25.1, 'PY(D)': 164.7, 'PY(O)': 184.3, 'R(D)_PY': 9, 'R(D)_RY': 48, 'R(D)_TY': 15, 'R(O)_PY': 105, 'R(O)_RY': 63, 'R(O)_TY': 97, 'RY(D)': 136.8, 'RY(O)': 162.1, 'SU': '7-4', 'TO': 0.1, 'TY(D)': 301.5, 'TY(O)': 346.4, 'Team': 'Fresno State'}, 'league_metrics_home': {'ATS': None, 'PA': 31.7, 'PF': 22.1, 'PY(D)': 255.0, 'PY(O)': 298.5, 'R(D)_PY': 118, 'R(D)_RY': 71, 'R(D)_TY': 101, 'R(O)_PY': 9, 'R(O)_RY': 109, 'R(O)_TY': 38, 'RY(D)': 149.7, 'RY(O)': 120.7, 'SU': '3-8', 'TO': -1.0, 'TY(D)': 404.7, 'TY(O)': 419.3, 'Team': 'San José State'}, 'sagarin_away': {'fetched_at': '2025-11-30 10:26:19.853969+00:00', 'hfa': 3.43, 'page_stamp': 'COLLEGE FOOTBALL 2025 through results of 2025 NOVEMBER 22 SATURDAY - WEEK 13', 'pr': 63.42, 'pr_rank': 91, 'season': 2025, 'sos': 60.16, 'sos_rank': 112, 'source_url': 'http://sagarin.com/sports/cfsend.htm', 'team': 'Fresno State', 'team_norm': 'Fresno State', 'team_raw': 'Fresno State', 'week': 14}, 'sagarin_home': {'fetched_at': '2025-11-30 10:26:19.853969+00:00', 'hfa': 3.43, 'page_stamp': 'COLLEGE FOOTBALL 2025 through results of 2025 NOVEMBER 22 SATURDAY - WEEK 13', 'pr': 55.42, 'pr_rank': 116, 'season': 2025, 'sos': 63.33, 'sos_rank': 80, 'source_url': 'http://sagarin.com/sports/cfsend.htm', 'team': 'San Jose State', 'team_norm': 'San Jose State', 'team_raw': 'San Jose State', 'week': 14}, 'schedule_row': {'away_team': 'Fresno State', 'conference_game': True, 'home_team': 'San José State', 'id': 401760423, 'kickoff_iso_utc': '2025-11-30T03:30:00Z', 'season': 2025, 'venue': 'CEFCU Stadium', 'week': 14}}",2025,,401760423,,,,14
,17.4,56,46,41.4,95.29,2.0,212.3,247.6,13,18,100.9,206.0,74.21,27.0,9-2,Notre Dame Fighting Irish,Notre Dame,1.1,22,22,313.2,453.6,,20251130_0330_notre_dame_fighting_irish_stanford,3.43,,27.4,130,75,18.7,67.61,72.0,284.5,221.6,24,129,113.6,85.5,74.22,26.0,4-7,Stanford,Stanford,-0.3,94,120,398.2,307.1,,2025-11-30T03:30:00Z,,,,-27.68,,,,"{'league_metrics_away': {'ATS': None, 'PA': 17.4, 'PF': 41.4, 'PY(D)': 212.3, 'PY(O)': 247.6, 'R(D)_PY': 56, 'R(D)_RY': 13, 'R(D)_TY': 22, 'R(O)_PY': 46, 'R(O)_RY': 18, 'R(O)_TY': 22, 'RY(D)': 100.9, 'RY(O)': 206.0, 'SU': '9-2', 'TO': 1.1, 'TY(D)': 313.2, 'TY(O)': 453.6, 'Team': 'Notre Dame Fighting Irish'}, 'league_metrics_home': {'ATS': None, 'PA': 27.4, 'PF': 18.7, 'PY(D)': 284.5, 'PY(O)': 221.6, 'R(D)_PY': 130, 'R(D)_RY': 24, 'R(D)_TY': 94, 'R(O)_PY': 75, 'R(O)_RY': 129, 'R(O)_TY': 120, 'RY(D)': 113.6, 'RY(O)': 85.5, 'SU': '4-7', 'TO': -0.3, 'TY(D)': 398.2, 'TY(O)': 307.1, 'Team': 'Stanford'}, 'sagarin_away': {'fetched_at': '2025-11-30 10:26:19.853969+00:00', 'hfa': 3.43, 'page_stamp': 'COLLEGE FOOTBALL 2025 through results of 2025 NOVEMBER 22 SATURDAY - WEEK 13', 'pr': 95.29, 'pr_rank': 2, 'season': 2025, 'sos': 74.21, 'sos_rank': 27, 'source_url': 'http://sagarin.com/sports/cfsend.htm', 'team': 'Notre Dame Fighting Irish', 'team_norm': 'Notre Dame Fighting Irish', 'team_raw': 'Notre Dame', 'week': 14}, 'sagarin_home': {'fetched_at': '2025-11-30 10:26:19.853969+00:00', 'hfa': 3.43, 'page_stamp': 'COLLEGE FOOTBALL 2025 through results of 2025 NOVEMBER 22 SATURDAY - WEEK 13', 'pr': 67.61, 'pr_rank': 72, 'season': 2025, 'sos': 74.22, 'sos_rank': 26, 'source_url': 'http://sagarin.com/sports/cfsend.htm', 'team': 'Stanford', 'team_norm': 'Stanford', 'team_raw': 'Stanford', 'week': 14}, 'schedule_row': {'away_team': 'Notre Dame', 'conference_game': False, 'home_team': 'Stanford', 'id': 401754614, 'kickoff_iso_utc': '2025-11-30T03:30:00Z', 'season': 2025, 'venue': 'Stanford Stadium', 'week': 14}}",2025,,401754614,,,,14
,19.9,10,109,16.8,57.4,110.0,165.2,181.3,98,85,172.5,138.8,60.98,106.0,4-7,Wyoming,Wyoming,-0.3,42,113,337.7,320.1,,20251130_0400_wyoming_hawai_i,3.43,,25.0,61,13,28.6,64.83,83.0,219.5,289.7,53,123,140.9,103.6,60.8,107.0,7-4,Hawai'i,Hawai'i,-0.3,60,62,360.4,393.4,,2025-11-30T04:00:00Z,,,,7.43,,,,"{'league_metrics_away': {'ATS': None, 'PA': 19.9, 'PF': 16.8, 'PY(D)': 165.2, 'PY(O)': 181.3, 'R(D)_PY': 10, 'R(D)_RY': 98, 'R(D)_TY': 42, 'R(O)_PY': 109, 'R(O)_RY': 85, 'R(O)_TY': 113, 'RY(D)': 172.5, 'RY(O)': 138.8, 'SU': '4-7', 'TO': -0.3, 'TY(D)': 337.7, 'TY(O)': 320.1, 'Team': 'Wyoming'}, 'league_metrics_home': {'ATS': None, 'PA': 25.0, 'PF': 28.6, 'PY(D)': 219.5, 'PY(O)': 289.7, 'R(D)_PY': 61, 'R(D)_RY': 53, 'R(D)_TY': 60, 'R(O)_PY': 13, 'R(O)_RY': 123, 'R(O)_TY': 62, 'RY(D)': 140.9, 'RY(O)': 103.6, 'SU': '7-4', 'TO': -0.3, 'TY(D)': 360.4, 'TY(O)': 393.4, 'Team': ""Hawai'i""}, 'sagarin_away': {'fetched_at': '2025-11-30 10:26:19.853969+00:00', 'hfa': 3.43, 'page_stamp': 'COLLEGE FOOTBALL 2025 through results of 2025 NOVEMBER 22 SATURDAY - WEEK 13', 'pr': 57.4, 'pr_rank': 110, 'season': 2025, 'sos': 60.98, 'sos_rank': 106, 'source_url': 'http://sagarin.com/sports/cfsend.htm', 'team': 'Wyoming', 'team_norm': 'Wyoming', 'team_raw': 'Wyoming', 'week': 14}, 'sagarin_home': {'fetched_at': '2025-11-30 10:26:19.853969+00:00', 'hfa': 3.43, 'page_stamp': 'COLLEGE FOOTBALL 2025 through results of 2025 NOVEMBER 22 SATURDAY - WEEK 13', 'pr': 64.83, 'pr_rank': 83, 'season': 2025, 'sos': 60.8, 'sos_rank': 107, 'source_url': 'http://sagarin.com/sports/cfsend.htm', 'team': ""Hawai'i"", 'team_norm': ""Hawai'i"", 'team_raw': ""Hawai'i"", 'week': 14}, 'schedule_row': {'away_team': 'Wyoming', 'conference_game': True, 'home_team': ""Hawai'i"", 'id': 401760424, 'kickoff_iso_utc': '2025-11-30T04:00:00Z', 'season': 2025, 'venue': 'Clarence T.C. Ching Athletics Complex', 'week': 14}}",2025,,401760424,,,,14
