away_ats,away_pa_pg,away_pass_def_rank,away_pass_rank,away_pf_pg,away_pr,away_pr_rank,away_py_allowed_pg,away_py_pg,away_rush_def_rank,away_rush_rank,away_ry_allowed_pg,away_ry_pg,away_sos,away_sos_rank,away_su,away_team_norm,away_team_raw,away_to_margin_pg,away_tot_def_rank,away_tot_off_rank,away_ty_allowed_pg,away_ty_pg,favored_side,game_key,hfa,home_ats,home_pa_pg,home_pass_def_rank,home_pass_rank,home_pf_pg,home_pr,home_pr_rank,home_py_allowed_pg,home_py_pg,home_rush_def_rank,home_rush_rank,home_ry_allowed_pg,home_ry_pg,home_sos,home_sos_rank,home_su,home_team_norm,home_team_raw,home_to_margin_pg,home_tot_def_rank,home_tot_off_rank,home_ty_allowed_pg,home_ty_pg,is_closing,kickoff_iso_utc,moneyline_away,moneyline_home,odds_source,rating_diff,rating_diff_favored_team,rating_vs_odds,rating_vs_odds_favored_team,raw_sources,season,snapshot_at,source_uid,spread_favored_team,spread_home_relative,total,week
,28.5,108,54,22.5,51.93,125.0,237.5,222.9,103,78,158.2,135.8,55.35,141.0,4-7,Akron,Akron,0.4,119,67,395.6,358.7,,20251119_0000_akron_bowling_green,3.43,,25.8,45,120,18.5,52.55,122.0,202.1,154.9,67,84,147.8,145.4,59.64,116.0,3-7,Bowling Green,Bowling Green,0.0,50,127,349.9,300.3,,2025-11-19T00:00:00Z,,,,0.62,,,,"{'league_metrics_away': {'ATS': None, 'PA': 28.5, 'PF': 22.5, 'PY(D)': 237.5, 'PY(O)': 222.9, 'R(D)_PY': 108, 'R(D)_RY': 103, 'R(D)_TY': 119, 'R(O)_PY': 54, 'R(O)_RY': 78, 'R(O)_TY': 67, 'RY(D)': 158.2, 'RY(O)': 135.8, 'SU': '4-7', 'TO': 0.4, 'TY(D)': 395.6, 'TY(O)': 358.7, 'Team': 'Akron'}, 'league_metrics_home': {'ATS': None, 'PA': 25.8, 'PF': 18.5, 'PY(D)': 202.1, 'PY(O)': 154.9, 'R(D)_PY': 45, 'R(D)_RY': 67, 'R(D)_TY': 50, 'R(O)_PY': 120, 'R(O)_RY': 84, 'R(O)_TY': 127, 'RY(D)': 147.8, 'RY(O)': 145.4, 'SU': '3-7', 'TO': 0.0, 'TY(D)': 349.9, 'TY(O)': 300.3, 'Team': 'Bowling Green'}, 'sagarin_away': {'fetched_at': '2025-11-24 22:25:42.757952+00:00', 'hfa': 3.43, 'page_stamp': 'COLLEGE FOOTBALL 2025 through results of 2025 NOVEMBER 22 SATURDAY - WEEK 13', 'pr': 51.93, 'pr_rank': 125, 'season': 2025, 'sos': 55.35, 'sos_rank': 141, 'source_url': 'http://sagarin.com/sports/cfsend.htm', 'team': 'Akron', 'team_norm': 'Akron', 'team_raw': 'Akron', 'week': 13}, 'sagarin_home': {'fetched_at': '2025-11-24 22:25:42.757952+00:00', 'hfa': 3.43, 'page_stamp': 'COLLEGE FOOTBALL 2025 through results of 2025 NOVEMBER 22 SATURDAY - WEEK 13', 'pr': 52.55, 'pr_rank': 122, 'season': 2025, 'sos': 59.64, 'sos_rank': 116, 'source_url': 'http://sagarin.com/sports/cfsend.htm', 'team': 'Bowling Green', 'team_norm': 'Bowling Green', 'team_raw': 'Bowling Green', 'week': 13}, 'schedule_row': {'away_team': 'Akron', 'conference_game': True, 'home_team': 'Bowling Green', 'id': 401762862, 'kickoff_iso_utc': '2025-11-19T00:00:00Z', 'season': 2025, 'venue': 'Doyt L. Perry Stadium', 'week': 13}}",2025,,401762862,,,,13
,37.6,90,113,10.5,36.56,134.0,239.4,166.8,124,130,202.4,79.5,59.23,120.0,0-10,Massachusetts,Massachusetts,-0.4,123,133,441.8,246.3,,20251119_0000_massachusetts_ohio,3.43,,23.5,57,89,27.1,64.93,82.0,216.1,207.6,79,23,155.3,203.7,58.39,124.0,6-4,Ohio,Ohio,-0.1,68,51,371.4,411.3,,2025-11-19T00:00:00Z,,,,28.37,,,,"{'league_metrics_away': {'ATS': None, 'PA': 37.6, 'PF': 10.5, 'PY(D)': 239.4, 'PY(O)': 166.8, 'R(D)_PY': 90, 'R(D)_RY': 124, 'R(D)_TY': 123, 'R(O)_PY': 113, 'R(O)_RY': 130, 'R(O)_TY': 133, 'RY(D)': 202.4, 'RY(O)': 79.5, 'SU': '0-10', 'TO': -0.4, 'TY(D)': 441.8, 'TY(O)': 246.3, 'Team': 'Massachusetts'}, 'league_metrics_home': {'ATS': None, 'PA': 23.5, 'PF': 27.1, 'PY(D)': 216.1, 'PY(O)': 207.6, 'R(D)_PY': 57, 'R(D)_RY': 79, 'R(D)_TY': 68, 'R(O)_PY': 89, 'R(O)_RY': 23, 'R(O)_TY': 51, 'RY(D)': 155.3, 'RY(O)': 203.7, 'SU': '6-4', 'TO': -0.1, 'TY(D)': 371.4, 'TY(O)': 411.3, 'Team': 'Ohio'}, 'sagarin_away': {'fetched_at': '2025-11-24 22:25:42.757952+00:00', 'hfa': 3.43, 'page_stamp': 'COLLEGE FOOTBALL 2025 through results of 2025 NOVEMBER 22 SATURDAY - WEEK 13', 'pr': 36.56, 'pr_rank': 134, 'season': 2025, 'sos': 59.23, 'sos_rank': 120, 'source_url': 'http://sagarin.com/sports/cfsend.htm', 'team': 'Massachusetts', 'team_norm': 'Massachusetts', 'team_raw': 'Massachusetts', 'week': 13}, 'sagarin_home': {'fetched_at': '2025-11-24 22:25:42.757952+00:00', 'hfa': 3.43, 'page_stamp': 'COLLEGE FOOTBALL 2025 through results of 2025 NOVEMBER 22 SATURDAY - WEEK 13', 'pr': 64.93, 'pr_rank': 82, 'season': 2025, 'sos': 58.39, 'sos_rank': 124, 'source_url': 'http://sagarin.com/sports/cfsend.htm', 'team': 'Ohio', 'team_norm': 'Ohio', 'team_raw': 'Ohio', 'week': 13}, 'schedule_row': {'away_team': 'Massachusetts', 'conference_game': True, 'home_team': 'Ohio', 'id': 401762863, 'kickoff_iso_utc': '2025-11-19T00:00:00Z', 'season': 2025, 'venue': 'Peden Stadium', 'week': 13}}",2025,,401762863,,,,13
,18.4,15,118,21.8,65.11,81.0,170.6,157.6,31,60,120.8,163.5,62.18,92.0,6-4,Western Michigan,Western Michigan,0.2,11,112,291.4,321.1,,20251119_0000_western_michigan_northern_illinois,3.43,,22.2,24,127,15.5,53.64,120.0,184.8,108.1,87,49,161.3,174.6,61.38,103.0,3-7,Northern Illinois,Northern Illinois,0.0,48,130,346.1,282.7,,2025-11-19T00:00:00Z,,,,-11.47,,,,"{'league_metrics_away': {'ATS': None, 'PA': 18.4, 'PF': 21.8, 'PY(D)': 170.6, 'PY(O)': 157.6, 'R(D)_PY': 15, 'R(D)_RY': 31, 'R(D)_TY': 11, 'R(O)_PY': 118, 'R(O)_RY': 60, 'R(O)_TY': 112, 'RY(D)': 120.8, 'RY(O)': 163.5, 'SU': '6-4', 'TO': 0.2, 'TY(D)': 291.4, 'TY(O)': 321.1, 'Team': 'Western Michigan'}, 'league_metrics_home': {'ATS': None, 'PA': 22.2, 'PF': 15.5, 'PY(D)': 184.8, 'PY(O)': 108.1, 'R(D)_PY': 24, 'R(D)_RY': 87, 'R(D)_TY': 48, 'R(O)_PY': 127, 'R(O)_RY': 49, 'R(O)_TY': 130, 'RY(D)': 161.3, 'RY(O)': 174.6, 'SU': '3-7', 'TO': 0.0, 'TY(D)': 346.1, 'TY(O)': 282.7, 'Team': 'Northern Illinois'}, 'sagarin_away': {'fetched_at': '2025-11-24 22:25:42.757952+00:00', 'hfa': 3.43, 'page_stamp': 'COLLEGE FOOTBALL 2025 through results of 2025 NOVEMBER 22 SATURDAY - WEEK 13', 'pr': 65.11, 'pr_rank': 81, 'season': 2025, 'sos': 62.18, 'sos_rank': 92, 'source_url': 'http://sagarin.com/sports/cfsend.htm', 'team': 'Western Michigan', 'team_norm': 'Western Michigan', 'team_raw': 'Western Michigan', 'week': 13}, 'sagarin_home': {'fetched_at': '2025-11-24 22:25:42.757952+00:00', 'hfa': 3.43, 'page_stamp': 'COLLEGE FOOTBALL 2025 through results of 2025 NOVEMBER 22 SATURDAY - WEEK 13', 'pr': 53.64, 'pr_rank': 120, 'season': 2025, 'sos': 61.38, 'sos_rank': 103, 'source_url': 'http://sagarin.com/sports/cfsend.htm', 'team': 'Northern Illinois', 'team_norm': 'Northern Illinois', 'team_raw': 'Northern Illinois', 'week': 13}, 'schedule_row': {'away_team': 'Western Michigan', 'conference_game': True, 'home_team': 'Northern Illinois', 'id': 401762864, 'kickoff_iso_utc': '2025-11-19T00:00:00Z', 'season': 2025, 'venue': 'Huskie Stadium', 'week': 13}}",2025,,401762864,,,,13
,23.5,48,114,25.5,61.09,97.0,209.5,162.9,77,43,153.9,180.0,56.22,137.0,6-4,Central Michigan,Central Michigan,0.8,60,101,363.4,342.9,,20251120_0000_central_michigan_kent_state,3.43,,34.4,117,97,20.4,47.69,131.0,268.2,197.3,109,129,182.6,85.8,59.39,119.0,4-6,Kent State,Kent State,-0.2,126,129,450.8,283.1,,2025-11-20T00:00:00Z,,,,-13.4,,,,"{'league_metrics_away': {'ATS': None, 'PA': 23.5, 'PF': 25.5, 'PY(D)': 209.5, 'PY(O)': 162.9, 'R(D)_PY': 48, 'R(D)_RY': 77, 'R(D)_TY': 60, 'R(O)_PY': 114, 'R(O)_RY': 43, 'R(O)_TY': 101, 'RY(D)': 153.9, 'RY(O)': 180.0, 'SU': '6-4', 'TO': 0.8, 'TY(D)': 363.4, 'TY(O)': 342.9, 'Team': 'Central Michigan'}, 'league_metrics_home': {'ATS': None, 'PA': 34.4, 'PF': 20.4, 'PY(D)': 268.2, 'PY(O)': 197.3, 'R(D)_PY': 117, 'R(D)_RY': 109, 'R(D)_TY': 126, 'R(O)_PY': 97, 'R(O)_RY': 129, 'R(O)_TY': 129, 'RY(D)': 182.6, 'RY(O)': 85.8, 'SU': '4-6', 'TO': -0.2, 'TY(D)': 450.8, 'TY(O)': 283.1, 'Team': 'Kent State'}, 'sagarin_away': {'fetched_at': '2025-11-24 22:25:42.757952+00:00', 'hfa': 3.43, 'page_stamp': 'COLLEGE FOOTBALL 2025 through results of 2025 NOVEMBER 22 SATURDAY - WEEK 13', 'pr': 61.09, 'pr_rank': 97, 'season': 2025, 'sos': 56.22, 'sos_rank': 137, 'source_url': 'http://sagarin.com/sports/cfsend.htm', 'team': 'Central Michigan', 'team_norm': 'Central Michigan', 'team_raw': 'Central Michigan', 'week': 13}, 'sagarin_home': {'fetched_at': '2025-11-24 22:25:42.757952+00:00', 'hfa': 3.43, 'page_stamp': 'COLLEGE FOOTBALL 2025 through results of 2025 NOVEMBER 22 SATURDAY - WEEK 13', 'pr': 47.69, 'pr_rank': 131, 'season': 2025, 'sos': 59.39, 'sos_rank': 119, 'source_url': 'http://sagarin.com/sports/cfsend.htm', 'team': 'Kent State', 'team_norm': 'Kent State', 'team_raw': 'Kent State', 'week': 13}, 'schedule_row': {'away_team': 'Central Michigan', 'conference_game': True, 'home_team': 'Kent State', 'id': 401762866, 'kickoff_iso_utc': '2025-11-20T00:00:00Z', 'season': 2025, 'venue': 'Dix Stadium', 'week': 13}}",2025,,401762866,,,,13
,21.9,41,100,23.1,64.56,84.0,199.5,194.0,34,74,126.7,152.4,62.18,93.0,5-5,Miami (oh),Miami (OH),0.4,32,97,326.2,346.4,,20251120_0000_miami_oh_buffalo,3.43,,21.4,30,78,24.2,54.39,119.0,190.5,217.5,49,85,137.2,145.2,55.05,142.0,5-5,Buffalo,Buffalo,-0.6,33,86,327.7,362.7,,2025-11-20T00:00:00Z,,,,-10.17,,,,"{'league_metrics_away': {'ATS': None, 'PA': 21.9, 'PF': 23.1, 'PY(D)': 199.5, 'PY(O)': 194.0, 'R(D)_PY': 41, 'R(D)_RY': 34, 'R(D)_TY': 32, 'R(O)_PY': 100, 'R(O)_RY': 74, 'R(O)_TY': 97, 'RY(D)': 126.7, 'RY(O)': 152.4, 'SU': '5-5', 'TO': 0.4, 'TY(D)': 326.2, 'TY(O)': 346.4, 'Team': 'Miami (oh)'}, 'league_metrics_home': {'ATS': None, 'PA': 21.4, 'PF': 24.2, 'PY(D)': 190.5, 'PY(O)': 217.5, 'R(D)_PY': 30, 'R(D)_RY': 49, 'R(D)_TY': 33, 'R(O)_PY': 78, 'R(O)_RY': 85, 'R(O)_TY': 86, 'RY(D)': 137.2, 'RY(O)': 145.2, 'SU': '5-5', 'TO': -0.6, 'TY(D)': 327.7, 'TY(O)': 362.7, 'Team': 'Buffalo'}, 'sagarin_away': {'fetched_at': '2025-11-24 22:25:42.757952+00:00', 'hfa': 3.43, 'page_stamp': 'COLLEGE FOOTBALL 2025 through results of 2025 NOVEMBER 22 SATURDAY - WEEK 13', 'pr': 64.56, 'pr_rank': 84, 'season': 2025, 'sos': 62.18, 'sos_rank': 93, 'source_url': 'http://sagarin.com/sports/cfsend.htm', 'team': 'Miami-ohio', 'team_norm': 'Miami-ohio', 'team_raw': 'Miami-Ohio', 'week': 13}, 'sagarin_home': {'fetched_at': '2025-11-24 22:25:42.757952+00:00', 'hfa': 3.43, 'page_stamp': 'COLLEGE FOOTBALL 2025 through results of 2025 NOVEMBER 22 SATURDAY - WEEK 13', 'pr': 54.39, 'pr_rank': 119, 'season': 2025, 'sos': 55.05, 'sos_rank': 142, 'source_url': 'http://sagarin.com/sports/cfsend.htm', 'team': 'Buffalo', 'team_norm': 'Buffalo', 'team_raw': 'Buffalo', 'week': 13}, 'schedule_row': {'away_team': 'Miami (OH)', 'conference_game': True, 'home_team': 'Buffalo', 'id': 401762865, 'kickoff_iso_utc': '2025-11-20T00:00:00Z', 'season': 2025, 'venue': 'UB Stadium', 'week': 13}}",2025,,401762865,,,,13
,30.3,59,116,26.1,62.34,93.0,216.9,159.1,115,36,193.2,186.0,62.13,94.0,4-6,Louisiana,Louisiana,-0.1,100,99,410.1,345.1,,20251121_0030_louisiana_arkansas_state,3.43,,26.5,92,50,23.3,60.11,100.0,240.9,247.0,107,94,180.2,131.2,61.19,105.0,5-5,Arkansas State,Arkansas State,-0.6,110,79,421.1,378.2,,2025-11-21T00:30:00Z,,,,-2.23,,,,"{'league_metrics_away': {'ATS': None, 'PA': 30.3, 'PF': 26.1, 'PY(D)': 216.9, 'PY(O)': 159.1, 'R(D)_PY': 59, 'R(D)_RY': 115, 'R(D)_TY': 100, 'R(O)_PY': 116, 'R(O)_RY': 36, 'R(O)_TY': 99, 'RY(D)': 193.2, 'RY(O)': 186.0, 'SU': '4-6', 'TO': -0.1, 'TY(D)': 410.1, 'TY(O)': 345.1, 'Team': 'Louisiana'}, 'league_metrics_home': {'ATS': None, 'PA': 26.5, 'PF': 23.3, 'PY(D)': 240.9, 'PY(O)': 247.0, 'R(D)_PY': 92, 'R(D)_RY': 107, 'R(D)_TY': 110, 'R(O)_PY': 50, 'R(O)_RY': 94, 'R(O)_TY': 79, 'RY(D)': 180.2, 'RY(O)': 131.2, 'SU': '5-5', 'TO': -0.6, 'TY(D)': 421.1, 'TY(O)': 378.2, 'Team': 'Arkansas State'}, 'sagarin_away': {'fetched_at': '2025-11-24 22:25:42.757952+00:00', 'hfa': 3.43, 'page_stamp': 'COLLEGE FOOTBALL 2025 through results of 2025 NOVEMBER 22 SATURDAY - WEEK 13', 'pr': 62.34, 'pr_rank': 93, 'season': 2025, 'sos': 62.13, 'sos_rank': 94, 'source_url': 'http://sagarin.com/sports/cfsend.htm', 'team': 'Louisiana-lafayette', 'team_norm': 'Louisiana-lafayette', 'team_raw': 'Louisiana-Lafayette', 'week': 13}, 'sagarin_home': {'fetched_at': '2025-11-24 22:25:42.757952+00:00', 'hfa': 3.43, 'page_stamp': 'COLLEGE FOOTBALL 2025 through results of 2025 NOVEMBER 22 SATURDAY - WEEK 13', 'pr': 60.11, 'pr_rank': 100, 'season': 2025, 'sos': 61.19, 'sos_rank': 105, 'source_url': 'http://sagarin.com/sports/cfsend.htm', 'team': 'Arkansas State', 'team_norm': 'Arkansas State', 'team_raw': 'Arkansas State', 'week': 13}, 'schedule_row': {'away_team': 'Louisiana', 'conference_game': True, 'home_team': 'Arkansas State', 'id': 401761655, 'kickoff_iso_utc': '2025-11-21T00:30:00Z', 'season': 2025, 'venue': 'Centennial Bank Stadium', 'week': 13}}",2025,,401761655,,,,13
,20.3,37,41,36.4,77.79,31.0,196.9,259.8,33,10,125.4,227.9,73.44,33.0,5-5,Florida State,Florida State,0.0,26,10,322.3,487.7,,20251122_0100_florida_state_nc_state,3.43,,31.6,129,39,29.9,74.92,46.0,299.9,262.0,53,80,141.3,147.7,75.39,18.0,5-5,Nc State,NC State,-0.5,122,53,441.2,409.7,,2025-11-22T01:00:00Z,,,,-2.87,,,,"{'league_metrics_away': {'ATS': None, 'PA': 20.3, 'PF': 36.4, 'PY(D)': 196.9, 'PY(O)': 259.8, 'R(D)_PY': 37, 'R(D)_RY': 33, 'R(D)_TY': 26, 'R(O)_PY': 41, 'R(O)_RY': 10, 'R(O)_TY': 10, 'RY(D)': 125.4, 'RY(O)': 227.9, 'SU': '5-5', 'TO': 0.0, 'TY(D)': 322.3, 'TY(O)': 487.7, 'Team': 'Florida State'}, 'league_metrics_home': {'ATS': None, 'PA': 31.6, 'PF': 29.9, 'PY(D)': 299.9, 'PY(O)': 262.0, 'R(D)_PY': 129, 'R(D)_RY': 53, 'R(D)_TY': 122, 'R(O)_PY': 39, 'R(O)_RY': 80, 'R(O)_TY': 53, 'RY(D)': 141.3, 'RY(O)': 147.7, 'SU': '5-5', 'TO': -0.5, 'TY(D)': 441.2, 'TY(O)': 409.7, 'Team': 'Nc State'}, 'sagarin_away': {'fetched_at': '2025-11-24 22:25:42.757952+00:00', 'hfa': 3.43, 'page_stamp': 'COLLEGE FOOTBALL 2025 through results of 2025 NOVEMBER 22 SATURDAY - WEEK 13', 'pr': 77.79, 'pr_rank': 31, 'season': 2025, 'sos': 73.44, 'sos_rank': 33, 'source_url': 'http://sagarin.com/sports/cfsend.htm', 'team': 'Florida State', 'team_norm': 'Florida State', 'team_raw': 'Florida State', 'week': 13}, 'sagarin_home': {'fetched_at': '2025-11-24 22:25:42.757952+00:00', 'hfa': 3.43, 'page_stamp': 'COLLEGE FOOTBALL 2025 through results of 2025 NOVEMBER 22 SATURDAY - WEEK 13', 'pr': 74.92, 'pr_rank': 46, 'season': 2025, 'sos': 75.39, 'sos_rank': 18, 'source_url': 'http://sagarin.com/sports/cfsend.htm', 'team': 'Nc State', 'team_norm': 'Nc State', 'team_raw': 'NC State', 'week': 13}, 'schedule_row': {'away_team': 'Florida State', 'conference_game': True, 'home_team': 'NC State', 'id': 401754598, 'kickoff_iso_utc': '2025-11-22T01:00:00Z', 'season': 2025, 'venue': 'Carter-Finley Stadium', 'week': 13}}",2025,,401754598,,,,13
,23.7,57,12,30.5,64.83,83.0,216.1,302.4,47,123,133.3,107.2,60.8,107.0,7-3,Hawai'i,Hawai'i,-0.3,49,54,349.4,409.6,,20251122_0330_hawai_i_unlv,3.43,,31.0,113,44,36.6,69.77,65.0,264.1,258.0,112,24,184.5,201.9,60.45,108.0,8-2,Unlv,UNLV,0.7,125,21,448.6,459.9,,2025-11-22T03:30:00Z,,,,4.94,,,,"{'league_metrics_away': {'ATS': None, 'PA': 23.7, 'PF': 30.5, 'PY(D)': 216.1, 'PY(O)': 302.4, 'R(D)_PY': 57, 'R(D)_RY': 47, 'R(D)_TY': 49, 'R(O)_PY': 12, 'R(O)_RY': 123, 'R(O)_TY': 54, 'RY(D)': 133.3, 'RY(O)': 107.2, 'SU': '7-3', 'TO': -0.3, 'TY(D)': 349.4, 'TY(O)': 409.6, 'Team': ""Hawai'i""}, 'league_metrics_home': {'ATS': None, 'PA': 31.0, 'PF': 36.6, 'PY(D)': 264.1, 'PY(O)': 258.0, 'R(D)_PY': 113, 'R(D)_RY': 112, 'R(D)_TY': 125, 'R(O)_PY': 44, 'R(O)_RY': 24, 'R(O)_TY': 21, 'RY(D)': 184.5, 'RY(O)': 201.9, 'SU': '8-2', 'TO': 0.7, 'TY(D)': 448.6, 'TY(O)': 459.9, 'Team': 'Unlv'}, 'sagarin_away': {'fetched_at': '2025-11-24 22:25:42.757952+00:00', 'hfa': 3.43, 'page_stamp': 'COLLEGE FOOTBALL 2025 through results of 2025 NOVEMBER 22 SATURDAY - WEEK 13', 'pr': 64.83, 'pr_rank': 83, 'season': 2025, 'sos': 60.8, 'sos_rank': 107, 'source_url': 'http://sagarin.com/sports/cfsend.htm', 'team': ""Hawai'i"", 'team_norm': ""Hawai'i"", 'team_raw': ""Hawai'i"", 'week': 13}, 'sagarin_home': {'fetched_at': '2025-11-24 22:25:42.757952+00:00', 'hfa': 3.43, 'page_stamp': 'COLLEGE FOOTBALL 2025 through results of 2025 NOVEMBER 22 SATURDAY - WEEK 13', 'pr': 69.77, 'pr_rank': 65, 'season': 2025, 'sos': 60.45, 'sos_rank': 108, 'source_url': 'http://sagarin.com/sports/cfsend.htm', 'team': 'Unlv', 'team_norm': 'Unlv', 'team_raw': 'UNLV', 'week': 13}, 'schedule_row': {'away_team': ""Hawai'i"", 'conference_game': True, 'home_team': 'UNLV', 'id': 401760418, 'kickoff_iso_utc': '2025-11-22T03:30:00Z', 'season': 2025, 'venue': 'Allegiant Stadium', 'week': 13}}",2025,,401760418,,,,13
,30.7,81,8,28.2,,,230.3,307.0,94,119,168.8,110.9,,,5-5,Delaware,Delaware,-0.8,89,44,399.1,417.9,,20251122_1700_delaware_wake_forest,,,19.5,29,83,23.8,,,189.5,213.1,39,77,129.0,149.5,,,7-3,Wake Forest,Wake Forest,-0.1,24,87,318.5,362.6,,2025-11-22T17:00:00Z,,,,,,,,"{'league_metrics_away': {'ATS': None, 'PA': 30.7, 'PF': 28.2, 'PY(D)': 230.3, 'PY(O)': 307.0, 'R(D)_PY': 81, 'R(D)_RY': 94, 'R(D)_TY': 89, 'R(O)_PY': 8, 'R(O)_RY': 119, 'R(O)_TY': 44, 'RY(D)': 168.8, 'RY(O)': 110.9, 'SU': '5-5', 'TO': -0.8, 'TY(D)': 399.1, 'TY(O)': 417.9, 'Team': 'Delaware'}, 'league_metrics_home': {'ATS': None, 'PA': 19.5, 'PF': 23.8, 'PY(D)': 189.5, 'PY(O)': 213.1, 'R(D)_PY': 29, 'R(D)_RY': 39, 'R(D)_TY': 24, 'R(O)_PY': 83, 'R(O)_RY': 77, 'R(O)_TY': 87, 'RY(D)': 129.0, 'RY(O)': 149.5, 'SU': '7-3', 'TO': -0.1, 'TY(D)': 318.5, 'TY(O)': 362.6, 'Team': 'Wake Forest'}, 'sagarin_home': {'fetched_at': '2025-11-24 22:25:42.757952+00:00', 'hfa': 3.43, 'page_stamp': 'COLLEGE FOOTBALL 2025 through results of 2025 NOVEMBER 22 SATURDAY - WEEK 13', 'pr': 73.85, 'pr_rank': 49, 'season': 2025, 'sos': 67.49, 'sos_rank': 66, 'source_url': 'http://sagarin.com/sports/cfsend.htm', 'team': 'Wake Forest', 'team_norm': 'Wake Forest', 'team_raw': 'Wake Forest', 'week': 13}, 'schedule_row': {'away_team': 'Delaware', 'conference_game': False, 'home_team': 'Wake Forest', 'id': 401754606, 'kickoff_iso_utc': '2025-11-22T17:00:00Z', 'season': 2025, 'venue': 'Allegacy Federal Credit Union Stadium', 'week': 13}}",2025,,401754606,,,,13
,25.2,47,73,30.2,69.54,66.0,207.5,226.2,95,62,169.6,161.5,70.88,54.0,5-5,Kansas,Kansas,0.0,76,74,377.1,387.7,,20251122_1700_kansas_iowa_state,3.43,,21.5,67,70,27.1,77.13,37.0,222.9,230.3,72,59,150.8,163.8,72.45,42.0,6-4,Iowa State,Iowa State,0.2,71,68,373.7,394.1,,2025-11-22T17:00:00Z,,,,7.59,,,,"{'league_metrics_away': {'ATS': None, 'PA': 25.2, 'PF': 30.2, 'PY(D)': 207.5, 'PY(O)': 226.2, 'R(D)_PY': 47, 'R(D)_RY': 95, 'R(D)_TY': 76, 'R(O)_PY': 73, 'R(O)_RY': 62, 'R(O)_TY': 74, 'RY(D)': 169.6, 'RY(O)': 161.5, 'SU': '5-5', 'TO': 0.0, 'TY(D)': 377.1, 'TY(O)': 387.7, 'Team': 'Kansas'}, 'league_metrics_home': {'ATS': None, 'PA': 21.5, 'PF': 27.1, 'PY(D)': 222.9, 'PY(O)': 230.3, 'R(D)_PY': 67, 'R(D)_RY': 72, 'R(D)_TY': 71, 'R(O)_PY': 70, 'R(O)_RY': 59, 'R(O)_TY': 68, 'RY(D)': 150.8, 'RY(O)': 163.8, 'SU': '6-4', 'TO': 0.2, 'TY(D)': 373.7, 'TY(O)': 394.1, 'Team': 'Iowa State'}, 'sagarin_away': {'fetched_at': '2025-11-24 22:25:42.757952+00:00', 'hfa': 3.43, 'page_stamp': 'COLLEGE FOOTBALL 2025 through results of 2025 NOVEMBER 22 SATURDAY - WEEK 13', 'pr': 69.54, 'pr_rank': 66, 'season': 2025, 'sos': 70.88, 'sos_rank': 54, 'source_url': 'http://sagarin.com/sports/cfsend.htm', 'team': 'Kansas', 'team_norm': 'Kansas', 'team_raw': 'Kansas', 'week': 13}, 'sagarin_home': {'fetched_at': '2025-11-24 22:25:42.757952+00:00', 'hfa': 3.43, 'page_stamp': 'COLLEGE FOOTBALL 2025 through results of 2025 NOVEMBER 22 SATURDAY - WEEK 13', 'pr': 77.13, 'pr_rank': 37, 'season': 2025, 'sos': 72.45, 'sos_rank': 42, 'source_url': 'http://sagarin.com/sports/cfsend.htm', 'team': 'Iowa State', 'team_norm': 'Iowa State', 'team_raw': 'Iowa State', 'week': 13}, 'schedule_row': {'away_team': 'Kansas', 'conference_game': True, 'home_team': 'Iowa State', 'id': 401756958, 'kickoff_iso_utc': '2025-11-22T17:00:00Z', 'season': 2025, 'venue': 'Jack Trice Stadium', 'week': 13}}",2025,,401756958,,,,13
,21.5,26,57,31.5,77.28,36.0,188.0,243.3,22,71,109.9,156.6,71.74,48.0,7-3,Louisville,Louisville,0.2,15,63,297.9,399.9,,20251122_1700_louisville_smu,3.43,,20.4,128,20,32.2,84.62,18.0,298.6,284.5,15,105,103.1,122.2,69.83,59.0,7-3,Smu,SMU,1.1,92,57,401.7,406.7,,2025-11-22T17:00:00Z,,,,7.34,,,,"{'league_metrics_away': {'ATS': None, 'PA': 21.5, 'PF': 31.5, 'PY(D)': 188.0, 'PY(O)': 243.3, 'R(D)_PY': 26, 'R(D)_RY': 22, 'R(D)_TY': 15, 'R(O)_PY': 57, 'R(O)_RY': 71, 'R(O)_TY': 63, 'RY(D)': 109.9, 'RY(O)': 156.6, 'SU': '7-3', 'TO': 0.2, 'TY(D)': 297.9, 'TY(O)': 399.9, 'Team': 'Louisville'}, 'league_metrics_home': {'ATS': None, 'PA': 20.4, 'PF': 32.2, 'PY(D)': 298.6, 'PY(O)': 284.5, 'R(D)_PY': 128, 'R(D)_RY': 15, 'R(D)_TY': 92, 'R(O)_PY': 20, 'R(O)_RY': 105, 'R(O)_TY': 57, 'RY(D)': 103.1, 'RY(O)': 122.2, 'SU': '7-3', 'TO': 1.1, 'TY(D)': 401.7, 'TY(O)': 406.7, 'Team': 'Smu'}, 'sagarin_away': {'fetched_at': '2025-11-24 22:25:42.757952+00:00', 'hfa': 3.43, 'page_stamp': 'COLLEGE FOOTBALL 2025 through results of 2025 NOVEMBER 22 SATURDAY - WEEK 13', 'pr': 77.28, 'pr_rank': 36, 'season': 2025, 'sos': 71.74, 'sos_rank': 48, 'source_url': 'http://sagarin.com/sports/cfsend.htm', 'team': 'Louisville', 'team_norm': 'Louisville', 'team_raw': 'Louisville', 'week': 13}, 'sagarin_home': {'fetched_at': '2025-11-24 22:25:42.757952+00:00', 'hfa': 3.43, 'page_stamp': 'COLLEGE FOOTBALL 2025 through results of 2025 NOVEMBER 22 SATURDAY - WEEK 13', 'pr': 84.62, 'pr_rank': 18, 'season': 2025, 'sos': 69.83, 'sos_rank': 59, 'source_url': 'http://sagarin.com/sports/cfsend.htm', 'team': 'Smu', 'team_norm': 'Smu', 'team_raw': 'SMU', 'week': 13}, 'schedule_row': {'away_team': 'Louisville', 'conference_game': True, 'home_team': 'SMU', 'id': 401754602, 'kickoff_iso_utc': '2025-11-22T17:00:00Z', 'season': 2025, 'venue': 'Gerald J. Ford Stadium', 'week': 13}}",2025,,401754602,,,,13
,14.2,28,29,33.7,88.9,9.0,189.1,269.9,3,70,81.9,157.6,72.79,38.0,8-2,Miami,Miami,0.8,7,37,271.0,427.5,,20251122_1700_miami_virginia_tech,3.43,,30.1,62,111,23.3,68.47,69.0,218.0,171.7,83,35,157.1,188.5,74.98,21.0,3-7,Virginia Tech,Virginia Tech,-0.6,73,89,375.1,360.2,,2025-11-22T17:00:00Z,,,,-20.43,,,,"{'league_metrics_away': {'ATS': None, 'PA': 14.2, 'PF': 33.7, 'PY(D)': 189.1, 'PY(O)': 269.9, 'R(D)_PY': 28, 'R(D)_RY': 3, 'R(D)_TY': 7, 'R(O)_PY': 29, 'R(O)_RY': 70, 'R(O)_TY': 37, 'RY(D)': 81.9, 'RY(O)': 157.6, 'SU': '8-2', 'TO': 0.8, 'TY(D)': 271.0, 'TY(O)': 427.5, 'Team': 'Miami'}, 'league_metrics_home': {'ATS': None, 'PA': 30.1, 'PF': 23.3, 'PY(D)': 218.0, 'PY(O)': 171.7, 'R(D)_PY': 62, 'R(D)_RY': 83, 'R(D)_TY': 73, 'R(O)_PY': 111, 'R(O)_RY': 35, 'R(O)_TY': 89, 'RY(D)': 157.1, 'RY(O)': 188.5, 'SU': '3-7', 'TO': -0.6, 'TY(D)': 375.1, 'TY(O)': 360.2, 'Team': 'Virginia Tech'}, 'sagarin_away': {'fetched_at': '2025-11-24 22:25:42.757952+00:00', 'hfa': 3.43, 'page_stamp': 'COLLEGE FOOTBALL 2025 through results of 2025 NOVEMBER 22 SATURDAY - WEEK 13', 'pr': 88.9, 'pr_rank': 9, 'season': 2025, 'sos': 72.79, 'sos_rank': 38, 'source_url': 'http://sagarin.com/sports/cfsend.htm', 'team': 'Miami-florida', 'team_norm': 'Miami-florida', 'team_raw': 'Miami-Florida', 'week': 13}, 'sagarin_home': {'fetched_at': '2025-11-24 22:25:42.757952+00:00', 'hfa': 3.43, 'page_stamp': 'COLLEGE FOOTBALL 2025 through results of 2025 NOVEMBER 22 SATURDAY - WEEK 13', 'pr': 68.47, 'pr_rank': 69, 'season': 2025, 'sos': 74.98, 'sos_rank': 21, 'source_url': 'http://sagarin.com/sports/cfsend.htm', 'team': 'Virginia Tech', 'team_norm': 'Virginia Tech', 'team_raw': 'Virginia Tech', 'week': 13}, 'schedule_row': {'away_team': 'Miami', 'conference_game': True, 'home_team': 'Virginia Tech', 'id': 401754603, 'kickoff_iso_utc': '2025-11-22T17:00:00Z', 'season': 2025, 'venue': 'Lane Stadium', 'week': 13}}",2025,,401754603,,,,13
,23.6,58,98,22.7,72.11,57.0,216.2,196.8,26,124,116.0,105.3,70.94,53.0,6-4,Minnesota,Minnesota,0.3,36,125,332.2,302.1,,20251122_1700_minnesota_northwestern,3.43,,19.6,31,112,21.9,71.52,59.0,191.0,171.3,71,52,150.2,170.4,72.76,39.0,5-5,Northwestern,Northwestern,0.0,42,103,341.2,341.7,,2025-11-22T17:00:00Z,,,,-0.59,,,,"{'league_metrics_away': {'ATS': None, 'PA': 23.6, 'PF': 22.7, 'PY(D)': 216.2, 'PY(O)': 196.8, 'R(D)_PY': 58, 'R(D)_RY': 26, 'R(D)_TY': 36, 'R(O)_PY': 98, 'R(O)_RY': 124, 'R(O)_TY': 125, 'RY(D)': 116.0, 'RY(O)': 105.3, 'SU': '6-4', 'TO': 0.3, 'TY(D)': 332.2, 'TY(O)': 302.1, 'Team': 'Minnesota'}, 'league_metrics_home': {'ATS': None, 'PA': 19.6, 'PF': 21.9, 'PY(D)': 191.0, 'PY(O)': 171.3, 'R(D)_PY': 31, 'R(D)_RY': 71, 'R(D)_TY': 42, 'R(O)_PY': 112, 'R(O)_RY': 52, 'R(O)_TY': 103, 'RY(D)': 150.2, 'RY(O)': 170.4, 'SU': '5-5', 'TO': 0.0, 'TY(D)': 341.2, 'TY(O)': 341.7, 'Team': 'Northwestern'}, 'sagarin_away': {'fetched_at': '2025-11-24 22:25:42.757952+00:00', 'hfa': 3.43, 'page_stamp': 'COLLEGE FOOTBALL 2025 through results of 2025 NOVEMBER 22 SATURDAY - WEEK 13', 'pr': 72.11, 'pr_rank': 57, 'season': 2025, 'sos': 70.94, 'sos_rank': 53, 'source_url': 'http://sagarin.com/sports/cfsend.htm', 'team': 'Minnesota', 'team_norm': 'Minnesota', 'team_raw': 'Minnesota', 'week': 13}, 'sagarin_home': {'fetched_at': '2025-11-24 22:25:42.757952+00:00', 'hfa': 3.43, 'page_stamp': 'COLLEGE FOOTBALL 2025 through results of 2025 NOVEMBER 22 SATURDAY - WEEK 13', 'pr': 71.52, 'pr_rank': 59, 'season': 2025, 'sos': 72.76, 'sos_rank': 39, 'source_url': 'http://sagarin.com/sports/cfsend.htm', 'team': 'Northwestern', 'team_norm': 'Northwestern', 'team_raw': 'Northwestern', 'week': 13}, 'schedule_row': {'away_team': 'Minnesota', 'conference_game': True, 'home_team': 'Northwestern', 'id': 401752909, 'kickoff_iso_utc': '2025-11-22T17:00:00Z', 'season': 2025, 'venue': 'Wrigley Field', 'week': 13}}",2025,,401752909,,,,13
,19.9,14,88,34.9,82.83,23.0,169.9,209.2,16,7,104.9,241.9,74.64,23.0,7-3,Missouri,Missouri,-0.2,9,24,274.8,451.1,,20251122_1700_missouri_oklahoma,3.43,,14.8,35,72,28.3,87.24,11.0,196.2,226.8,4,95,82.5,131.0,78.17,7.0,8-2,Oklahoma,Oklahoma,-0.2,10,90,278.7,357.8,,2025-11-22T17:00:00Z,,,,4.41,,,,"{'league_metrics_away': {'ATS': None, 'PA': 19.9, 'PF': 34.9, 'PY(D)': 169.9, 'PY(O)': 209.2, 'R(D)_PY': 14, 'R(D)_RY': 16, 'R(D)_TY': 9, 'R(O)_PY': 88, 'R(O)_RY': 7, 'R(O)_TY': 24, 'RY(D)': 104.9, 'RY(O)': 241.9, 'SU': '7-3', 'TO': -0.2, 'TY(D)': 274.8, 'TY(O)': 451.1, 'Team': 'Missouri'}, 'league_metrics_home': {'ATS': None, 'PA': 14.8, 'PF': 28.3, 'PY(D)': 196.2, 'PY(O)': 226.8, 'R(D)_PY': 35, 'R(D)_RY': 4, 'R(D)_TY': 10, 'R(O)_PY': 72, 'R(O)_RY': 95, 'R(O)_TY': 90, 'RY(D)': 82.5, 'RY(O)': 131.0, 'SU': '8-2', 'TO': -0.2, 'TY(D)': 278.7, 'TY(O)': 357.8, 'Team': 'Oklahoma'}, 'sagarin_away': {'fetched_at': '2025-11-24 22:25:42.757952+00:00', 'hfa': 3.43, 'page_stamp': 'COLLEGE FOOTBALL 2025 through results of 2025 NOVEMBER 22 SATURDAY - WEEK 13', 'pr': 82.83, 'pr_rank': 23, 'season': 2025, 'sos': 74.64, 'sos_rank': 23, 'source_url': 'http://sagarin.com/sports/cfsend.htm', 'team': 'Missouri', 'team_norm': 'Missouri', 'team_raw': 'Missouri', 'week': 13}, 'sagarin_home': {'fetched_at': '2025-11-24 22:25:42.757952+00:00', 'hfa': 3.43, 'page_stamp': 'COLLEGE FOOTBALL 2025 through results of 2025 NOVEMBER 22 SATURDAY - WEEK 13', 'pr': 87.24, 'pr_rank': 11, 'season': 2025, 'sos': 78.17, 'sos_rank': 7, 'source_url': 'http://sagarin.com/sports/cfsend.htm', 'team': 'Oklahoma', 'team_norm': 'Oklahoma', 'team_raw': 'Oklahoma', 'week': 13}, 'schedule_row': {'away_team': 'Missouri', 'conference_game': True, 'home_team': 'Oklahoma', 'id': 401752778, 'kickoff_iso_utc': '2025-11-22T17:00:00Z', 'season': 2025, 'venue': 'Memorial Stadium (Norman, OK)', 'week': 13}}",2025,,401752778,,,,13
,30.0,79,23,29.9,70.58,62.0,229.0,277.4,119,86,197.9,143.7,73.93,29.0,5-5,Rutgers,Rutgers,0.1,113,40,426.9,421.1,,20251122_1700_rutgers_ohio_state_buckeyes,3.43,,7.5,2,21,37.5,97.09,1.0,131.2,279.5,1,61,81.4,162.4,72.14,46.0,10-0,Ohio State Buckeyes,Ohio State,0.4,1,27,212.6,441.9,,2025-11-22T17:00:00Z,,,,26.51,,,,"{'league_metrics_away': {'ATS': None, 'PA': 30.0, 'PF': 29.9, 'PY(D)': 229.0, 'PY(O)': 277.4, 'R(D)_PY': 79, 'R(D)_RY': 119, 'R(D)_TY': 113, 'R(O)_PY': 23, 'R(O)_RY': 86, 'R(O)_TY': 40, 'RY(D)': 197.9, 'RY(O)': 143.7, 'SU': '5-5', 'TO': 0.1, 'TY(D)': 426.9, 'TY(O)': 421.1, 'Team': 'Rutgers'}, 'league_metrics_home': {'ATS': None, 'PA': 7.5, 'PF': 37.5, 'PY(D)': 131.2, 'PY(O)': 279.5, 'R(D)_PY': 2, 'R(D)_RY': 1, 'R(D)_TY': 1, 'R(O)_PY': 21, 'R(O)_RY': 61, 'R(O)_TY': 27, 'RY(D)': 81.4, 'RY(O)': 162.4, 'SU': '10-0', 'TO': 0.4, 'TY(D)': 212.6, 'TY(O)': 441.9, 'Team': 'Ohio State Buckeyes'}, 'sagarin_away': {'fetched_at': '2025-11-24 22:25:42.757952+00:00', 'hfa': 3.43, 'page_stamp': 'COLLEGE FOOTBALL 2025 through results of 2025 NOVEMBER 22 SATURDAY - WEEK 13', 'pr': 70.58, 'pr_rank': 62, 'season': 2025, 'sos': 73.93, 'sos_rank': 29, 'source_url': 'http://sagarin.com/sports/cfsend.htm', 'team': 'Rutgers', 'team_norm': 'Rutgers', 'team_raw': 'Rutgers', 'week': 13}, 'sagarin_home': {'fetched_at': '2025-11-24 22:25:42.757952+00:00', 'hfa': 3.43, 'page_stamp': 'COLLEGE FOOTBALL 2025 through results of 2025 NOVEMBER 22 SATURDAY - WEEK 13', 'pr': 97.09, 'pr_rank': 1, 'season': 2025, 'sos': 72.14, 'sos_rank': 46, 'source_url': 'http://sagarin.com/sports/cfsend.htm', 'team': 'Ohio State Buckeyes', 'team_norm': 'Ohio State Buckeyes', 'team_raw': 'Ohio State', 'week': 13}, 'schedule_row': {'away_team': 'Rutgers', 'conference_game': True, 'home_team': 'Ohio State', 'id': 401752912, 'kickoff_iso_utc': '2025-11-22T17:00:00Z', 'season': 2025, 'venue': 'Ohio Stadium', 'week': 13}}",2025,,401752912,,,,13
,29.1,83,74,22.8,55.31,117.0,234.1,224.4,97,55,171.4,168.4,62.33,90.0,3-7,Tulsa,Tulsa,-0.6,94,69,405.5,392.8,,20251122_1700_tulsa_army,3.43,,22.0,18,129,22.3,62.87,92.0,196.9,80.8,35,8,141.3,260.8,63.15,82.0,5-4,Army,Army,0.3,17,119,338.2,341.6,,2025-11-22T17:00:00Z,,,,7.56,,,,"{'league_metrics_away': {'ATS': None, 'PA': 29.1, 'PF': 22.8, 'PY(D)': 234.1, 'PY(O)': 224.4, 'R(D)_PY': 83, 'R(D)_RY': 97, 'R(D)_TY': 94, 'R(O)_PY': 74, 'R(O)_RY': 55, 'R(O)_TY': 69, 'RY(D)': 171.4, 'RY(O)': 168.4, 'SU': '3-7', 'TO': -0.6, 'TY(D)': 405.5, 'TY(O)': 392.8, 'Team': 'Tulsa'}, 'league_metrics_home': {'ATS': None, 'PA': 22.0, 'PF': 22.3, 'PY(D)': 196.9, 'PY(O)': 80.8, 'R(D)_PY': 18, 'R(D)_RY': 35, 'R(D)_TY': 17, 'R(O)_PY': 129, 'R(O)_RY': 8, 'R(O)_TY': 119, 'RY(D)': 141.3, 'RY(O)': 260.8, 'SU': '5-4', 'TO': 0.3, 'TY(D)': 338.2, 'TY(O)': 341.6, 'Team': 'Army'}, 'sagarin_away': {'fetched_at': '2025-11-24 22:25:42.757952+00:00', 'hfa': 3.43, 'page_stamp': 'COLLEGE FOOTBALL 2025 through results of 2025 NOVEMBER 22 SATURDAY - WEEK 13', 'pr': 55.31, 'pr_rank': 117, 'season': 2025, 'sos': 62.33, 'sos_rank': 90, 'source_url': 'http://sagarin.com/sports/cfsend.htm', 'team': 'Tulsa', 'team_norm': 'Tulsa', 'team_raw': 'Tulsa', 'week': 13}, 'sagarin_home': {'fetched_at': '2025-11-24 22:25:42.757952+00:00', 'hfa': 3.43, 'page_stamp': 'COLLEGE FOOTBALL 2025 through results of 2025 NOVEMBER 22 SATURDAY - WEEK 13', 'pr': 62.87, 'pr_rank': 92, 'season': 2025, 'sos': 63.15, 'sos_rank': 82, 'source_url': 'http://sagarin.com/sports/cfsend.htm', 'team': 'Army West Point', 'team_norm': 'Army West Point', 'team_raw': 'Army West Point', 'week': 13}, 'schedule_row': {'away_team': 'Tulsa', 'conference_game': True, 'home_team': 'Army', 'id': 401762512, 'kickoff_iso_utc': '2025-11-22T17:00:00Z', 'season': 2025, 'venue': 'Michie Stadium', 'week': 13}}",2025,,401762512,,,,13
,37.4,118,78,16.9,46.63,132.0,269.1,217.5,127,127,206.1,94.6,65.09,74.0,1-9,Charlotte,Charlotte,-0.8,132,113,475.2,312.1,,20251122_1745_charlotte_georgia_bulldogs,3.43,,18.8,53,63,33.6,90.92,5.0,214.6,238.1,11,31,92.6,190.6,75.8,16.0,9-1,Georgia Bulldogs,Georgia,-0.2,20,34,307.2,428.7,,2025-11-22T17:45:00Z,,,,44.29,,,,"{'league_metrics_away': {'ATS': None, 'PA': 37.4, 'PF': 16.9, 'PY(D)': 269.1, 'PY(O)': 217.5, 'R(D)_PY': 118, 'R(D)_RY': 127, 'R(D)_TY': 132, 'R(O)_PY': 78, 'R(O)_RY': 127, 'R(O)_TY': 113, 'RY(D)': 206.1, 'RY(O)': 94.6, 'SU': '1-9', 'TO': -0.8, 'TY(D)': 475.2, 'TY(O)': 312.1, 'Team': 'Charlotte'}, 'league_metrics_home': {'ATS': None, 'PA': 18.8, 'PF': 33.6, 'PY(D)': 214.6, 'PY(O)': 238.1, 'R(D)_PY': 53, 'R(D)_RY': 11, 'R(D)_TY': 20, 'R(O)_PY': 63, 'R(O)_RY': 31, 'R(O)_TY': 34, 'RY(D)': 92.6, 'RY(O)': 190.6, 'SU': '9-1', 'TO': -0.2, 'TY(D)': 307.2, 'TY(O)': 428.7, 'Team': 'Georgia Bulldogs'}, 'sagarin_away': {'fetched_at': '2025-11-24 22:25:42.757952+00:00', 'hfa': 3.43, 'page_stamp': 'COLLEGE FOOTBALL 2025 through results of 2025 NOVEMBER 22 SATURDAY - WEEK 13', 'pr': 46.63, 'pr_rank': 132, 'season': 2025, 'sos': 65.09, 'sos_rank': 74, 'source_url': 'http://sagarin.com/sports/cfsend.htm', 'team': 'Charlotte', 'team_norm': 'Charlotte', 'team_raw': 'Charlotte', 'week': 13}, 'sagarin_home': {'fetched_at': '2025-11-24 22:25:42.757952+00:00', 'hfa': 3.43, 'page_stamp': 'COLLEGE FOOTBALL 2025 through results of 2025 NOVEMBER 22 SATURDAY - WEEK 13', 'pr': 90.92, 'pr_rank': 5, 'season': 2025, 'sos': 75.8, 'sos_rank': 16, 'source_url': 'http://sagarin.com/sports/cfsend.htm', 'team': 'Georgia Bulldogs', 'team_norm': 'Georgia Bulldogs', 'team_raw': 'Georgia', 'week': 13}, 'schedule_row': {'away_team': 'Charlotte', 'conference_game': False, 'home_team': 'Georgia', 'id': 401752776, 'kickoff_iso_utc': '2025-11-22T17:45:00Z', 'season': 2025, 'venue': 'Sanford Stadium', 'week': 13}}",2025,,401752776,,,,13
,31.9,34,3,33.2,71.38,60.0,195.0,324.4,120,87,198.0,140.6,74.01,28.0,5-5,Baylor,Baylor,-1.0,83,18,393.0,465.0,,20251122_1800_baylor_arizona,3.43,,20.3,7,43,32.7,77.29,35.0,159.5,258.4,65,73,147.1,154.9,68.79,61.0,7-3,Arizona,Arizona,1.0,18,48,306.6,413.3,,2025-11-22T18:00:00Z,,,,5.91,,,,"{'league_metrics_away': {'ATS': None, 'PA': 31.9, 'PF': 33.2, 'PY(D)': 195.0, 'PY(O)': 324.4, 'R(D)_PY': 34, 'R(D)_RY': 120, 'R(D)_TY': 83, 'R(O)_PY': 3, 'R(O)_RY': 87, 'R(O)_TY': 18, 'RY(D)': 198.0, 'RY(O)': 140.6, 'SU': '5-5', 'TO': -1.0, 'TY(D)': 393.0, 'TY(O)': 465.0, 'Team': 'Baylor'}, 'league_metrics_home': {'ATS': None, 'PA': 20.3, 'PF': 32.7, 'PY(D)': 159.5, 'PY(O)': 258.4, 'R(D)_PY': 7, 'R(D)_RY': 65, 'R(D)_TY': 18, 'R(O)_PY': 43, 'R(O)_RY': 73, 'R(O)_TY': 48, 'RY(D)': 147.1, 'RY(O)': 154.9, 'SU': '7-3', 'TO': 1.0, 'TY(D)': 306.6, 'TY(O)': 413.3, 'Team': 'Arizona'}, 'sagarin_away': {'fetched_at': '2025-11-24 22:25:42.757952+00:00', 'hfa': 3.43, 'page_stamp': 'COLLEGE FOOTBALL 2025 through results of 2025 NOVEMBER 22 SATURDAY - WEEK 13', 'pr': 71.38, 'pr_rank': 60, 'season': 2025, 'sos': 74.01, 'sos_rank': 28, 'source_url': 'http://sagarin.com/sports/cfsend.htm', 'team': 'Baylor', 'team_norm': 'Baylor', 'team_raw': 'Baylor', 'week': 13}, 'sagarin_home': {'fetched_at': '2025-11-24 22:25:42.757952+00:00', 'hfa': 3.43, 'page_stamp': 'COLLEGE FOOTBALL 2025 through results of 2025 NOVEMBER 22 SATURDAY - WEEK 13', 'pr': 77.29, 'pr_rank': 35, 'season': 2025, 'sos': 68.79, 'sos_rank': 61, 'source_url': 'http://sagarin.com/sports/cfsend.htm', 'team': 'Arizona', 'team_norm': 'Arizona', 'team_raw': 'Arizona', 'week': 13}, 'schedule_row': {'away_team': 'Baylor', 'conference_game': True, 'home_team': 'Arizona', 'id': 401756954, 'kickoff_iso_utc': '2025-11-22T18:00:00Z', 'season': 2025, 'venue': 'Arizona Stadium', 'week': 13}}",2025,,401756954,,,,13
,21.1,25,62,32.0,72.52,53.0,185.5,240.0,85,14,159.2,217.2,61.49,100.0,7-3,Old Dominion,Old Dominion,-0.1,46,23,344.7,457.2,,20251122_1800_old_dominion_georgia_southern,3.43,,34.6,98,48,30.0,57.89,108.0,244.8,248.5,131,72,222.1,155.5,61.68,98.0,5-5,Georgia Southern,Georgia Southern,0.3,130,59,466.9,404.0,,2025-11-22T18:00:00Z,,,,-14.63,,,,"{'league_metrics_away': {'ATS': None, 'PA': 21.1, 'PF': 32.0, 'PY(D)': 185.5, 'PY(O)': 240.0, 'R(D)_PY': 25, 'R(D)_RY': 85, 'R(D)_TY': 46, 'R(O)_PY': 62, 'R(O)_RY': 14, 'R(O)_TY': 23, 'RY(D)': 159.2, 'RY(O)': 217.2, 'SU': '7-3', 'TO': -0.1, 'TY(D)': 344.7, 'TY(O)': 457.2, 'Team': 'Old Dominion'}, 'league_metrics_home': {'ATS': None, 'PA': 34.6, 'PF': 30.0, 'PY(D)': 244.8, 'PY(O)': 248.5, 'R(D)_PY': 98, 'R(D)_RY': 131, 'R(D)_TY': 130, 'R(O)_PY': 48, 'R(O)_RY': 72, 'R(O)_TY': 59, 'RY(D)': 222.1, 'RY(O)': 155.5, 'SU': '5-5', 'TO': 0.3, 'TY(D)': 466.9, 'TY(O)': 404.0, 'Team': 'Georgia Southern'}, 'sagarin_away': {'fetched_at': '2025-11-24 22:25:42.757952+00:00', 'hfa': 3.43, 'page_stamp': 'COLLEGE FOOTBALL 2025 through results of 2025 NOVEMBER 22 SATURDAY - WEEK 13', 'pr': 72.52, 'pr_rank': 53, 'season': 2025, 'sos': 61.49, 'sos_rank': 100, 'source_url': 'http://sagarin.com/sports/cfsend.htm', 'team': 'Old Dominion', 'team_norm': 'Old Dominion', 'team_raw': 'Old Dominion', 'week': 13}, 'sagarin_home': {'fetched_at': '2025-11-24 22:25:42.757952+00:00', 'hfa': 3.43, 'page_stamp': 'COLLEGE FOOTBALL 2025 through results of 2025 NOVEMBER 22 SATURDAY - WEEK 13', 'pr': 57.89, 'pr_rank': 108, 'season': 2025, 'sos': 61.68, 'sos_rank': 98, 'source_url': 'http://sagarin.com/sports/cfsend.htm', 'team': 'Georgia Southern', 'team_norm': 'Georgia Southern', 'team_raw': 'Georgia Southern', 'week': 13}, 'schedule_row': {'away_team': 'Old Dominion', 'conference_game': True, 'home_team': 'Georgia Southern', 'id': 401761657, 'kickoff_iso_utc': '2025-11-22T18:00:00Z', 'season': 2025, 'venue': 'Allen E. Paulson Stadium', 'week': 13}}",2025,,401761657,,,,13
,21.0,13,93,20.7,70.66,61.0,168.9,199.4,50,117,137.8,111.2,70.21,58.0,5-5,Washington State,Washington State,-0.9,19,114,306.7,310.6,,20251122_1800_washington_state_james_madison,3.43,,16.2,12,81,37.1,78.14,29.0,168.0,215.7,6,6,89.6,244.7,61.4,101.0,9-1,James Madison,James Madison,0.0,4,20,257.6,460.4,,2025-11-22T18:00:00Z,,,,7.48,,,,"{'league_metrics_away': {'ATS': None, 'PA': 21.0, 'PF': 20.7, 'PY(D)': 168.9, 'PY(O)': 199.4, 'R(D)_PY': 13, 'R(D)_RY': 50, 'R(D)_TY': 19, 'R(O)_PY': 93, 'R(O)_RY': 117, 'R(O)_TY': 114, 'RY(D)': 137.8, 'RY(O)': 111.2, 'SU': '5-5', 'TO': -0.9, 'TY(D)': 306.7, 'TY(O)': 310.6, 'Team': 'Washington State'}, 'league_metrics_home': {'ATS': None, 'PA': 16.2, 'PF': 37.1, 'PY(D)': 168.0, 'PY(O)': 215.7, 'R(D)_PY': 12, 'R(D)_RY': 6, 'R(D)_TY': 4, 'R(O)_PY': 81, 'R(O)_RY': 6, 'R(O)_TY': 20, 'RY(D)': 89.6, 'RY(O)': 244.7, 'SU': '9-1', 'TO': 0.0, 'TY(D)': 257.6, 'TY(O)': 460.4, 'Team': 'James Madison'}, 'sagarin_away': {'fetched_at': '2025-11-24 22:25:42.757952+00:00', 'hfa': 3.43, 'page_stamp': 'COLLEGE FOOTBALL 2025 through results of 2025 NOVEMBER 22 SATURDAY - WEEK 13', 'pr': 70.66, 'pr_rank': 61, 'season': 2025, 'sos': 70.21, 'sos_rank': 58, 'source_url': 'http://sagarin.com/sports/cfsend.htm', 'team': 'Washington State', 'team_norm': 'Washington State', 'team_raw': 'Washington State', 'week': 13}, 'sagarin_home': {'fetched_at': '2025-11-24 22:25:42.757952+00:00', 'hfa': 3.43, 'page_stamp': 'COLLEGE FOOTBALL 2025 through results of 2025 NOVEMBER 22 SATURDAY - WEEK 13', 'pr': 78.14, 'pr_rank': 29, 'season': 2025, 'sos': 61.4, 'sos_rank': 101, 'source_url': 'http://sagarin.com/sports/cfsend.htm', 'team': 'James Madison', 'team_norm': 'James Madison', 'team_raw': 'James Madison', 'week': 13}, 'schedule_row': {'away_team': 'Washington State', 'conference_game': False, 'home_team': 'James Madison', 'id': 401752954, 'kickoff_iso_utc': '2025-11-22T18:00:00Z', 'season': 2025, 'venue': 'Bridgeforth Stadium', 'week': 13}}",2025,,401752954,,,,13
,27.5,75,126,15.7,49.27,128.0,227.8,127.3,102,91,173.8,137.2,61.71,97.0,4-6,Ball State,Ball State,-0.1,91,131,401.6,264.5,,20251122_1900_ball_state_toledo,3.43,,13.4,4,46,32.0,71.89,58.0,143.0,250.4,7,48,90.0,175.0,57.03,132.0,6-4,Toledo,Toledo,0.5,2,39,233.0,425.4,,2025-11-22T19:00:00Z,,,,22.62,,,,"{'league_metrics_away': {'ATS': None, 'PA': 27.5, 'PF': 15.7, 'PY(D)': 227.8, 'PY(O)': 127.3, 'R(D)_PY': 75, 'R(D)_RY': 102, 'R(D)_TY': 91, 'R(O)_PY': 126, 'R(O)_RY': 91, 'R(O)_TY': 131, 'RY(D)': 173.8, 'RY(O)': 137.2, 'SU': '4-6', 'TO': -0.1, 'TY(D)': 401.6, 'TY(O)': 264.5, 'Team': 'Ball State'}, 'league_metrics_home': {'ATS': None, 'PA': 13.4, 'PF': 32.0, 'PY(D)': 143.0, 'PY(O)': 250.4, 'R(D)_PY': 4, 'R(D)_RY': 7, 'R(D)_TY': 2, 'R(O)_PY': 46, 'R(O)_RY': 48, 'R(O)_TY': 39, 'RY(D)': 90.0, 'RY(O)': 175.0, 'SU': '6-4', 'TO': 0.5, 'TY(D)': 233.0, 'TY(O)': 425.4, 'Team': 'Toledo'}, 'sagarin_away': {'fetched_at': '2025-11-24 22:25:42.757952+00:00', 'hfa': 3.43, 'page_stamp': 'COLLEGE FOOTBALL 2025 through results of 2025 NOVEMBER 22 SATURDAY - WEEK 13', 'pr': 49.27, 'pr_rank': 128, 'season': 2025, 'sos': 61.71, 'sos_rank': 97, 'source_url': 'http://sagarin.com/sports/cfsend.htm', 'team': 'Ball State', 'team_norm': 'Ball State', 'team_raw': 'Ball State', 'week': 13}, 'sagarin_home': {'fetched_at': '2025-11-24 22:25:42.757952+00:00', 'hfa': 3.43, 'page_stamp': 'COLLEGE FOOTBALL 2025 through results of 2025 NOVEMBER 22 SATURDAY - WEEK 13', 'pr': 71.89, 'pr_rank': 58, 'season': 2025, 'sos': 57.03, 'sos_rank': 132, 'source_url': 'http://sagarin.com/sports/cfsend.htm', 'team': 'Toledo', 'team_norm': 'Toledo', 'team_raw': 'Toledo', 'week': 13}, 'schedule_row': {'away_team': 'Ball State', 'conference_game': True, 'home_team': 'Toledo', 'id': 401762867, 'kickoff_iso_utc': '2025-11-22T19:00:00Z', 'season': 2025, 'venue': 'Glass Bowl', 'week': 13}}",2025,,401762867,,,,13
,25.7,66,35,24.1,,,222.1,264.9,56,114,143.4,111.8,,,7-3,Missouri State,Missouri State,0.2,61,81,365.5,376.7,,20251122_1900_missouri_state_kennesaw_state,,,22.5,78,67,26.0,,,228.9,232.1,85,56,159.2,167.5,,,7-3,Kennesaw State,Kennesaw State,-0.4,79,64,388.1,399.6,,2025-11-22T19:00:00Z,,,,,,,,"{'league_metrics_away': {'ATS': None, 'PA': 25.7, 'PF': 24.1, 'PY(D)': 222.1, 'PY(O)': 264.9, 'R(D)_PY': 66, 'R(D)_RY': 56, 'R(D)_TY': 61, 'R(O)_PY': 35, 'R(O)_RY': 114, 'R(O)_TY': 81, 'RY(D)': 143.4, 'RY(O)': 111.8, 'SU': '7-3', 'TO': 0.2, 'TY(D)': 365.5, 'TY(O)': 376.7, 'Team': 'Missouri State'}, 'league_metrics_home': {'ATS': None, 'PA': 22.5, 'PF': 26.0, 'PY(D)': 228.9, 'PY(O)': 232.1, 'R(D)_PY': 78, 'R(D)_RY': 85, 'R(D)_TY': 79, 'R(O)_PY': 67, 'R(O)_RY': 56, 'R(O)_TY': 64, 'RY(D)': 159.2, 'RY(O)': 167.5, 'SU': '7-3', 'TO': -0.4, 'TY(D)': 388.1, 'TY(O)': 399.6, 'Team': 'Kennesaw State'}, 'sagarin_home': {'fetched_at': '2025-11-24 22:25:42.757952+00:00', 'hfa': 3.43, 'page_stamp': 'COLLEGE FOOTBALL 2025 through results of 2025 NOVEMBER 22 SATURDAY - WEEK 13', 'pr': 59.8, 'pr_rank': 101, 'season': 2025, 'sos': 57.49, 'sos_rank': 131, 'source_url': 'http://sagarin.com/sports/cfsend.htm', 'team': 'Kennesaw State', 'team_norm': 'Kennesaw State', 'team_raw': 'Kennesaw State', 'week': 13}, 'schedule_row': {'away_team': 'Missouri State', 'conference_game': True, 'home_team': 'Kennesaw State', 'id': 401757306, 'kickoff_iso_utc': '2025-11-22T19:00:00Z', 'season': 2025, 'venue': 'Fifth Third Stadium', 'week': 13}}",2025,,401757306,,,,13
,28.1,65,119,18.1,55.91,114.0,222.0,156.0,73,83,151.0,145.7,64.01,78.0,2-8,Nevada,Nevada,-1.1,70,126,373.0,301.7,,20251122_1900_nevada_wyoming,3.43,,20.6,17,101,17.8,57.4,110.0,175.9,184.2,93,82,168.5,145.9,60.98,106.0,4-6,Wyoming,Wyoming,-0.4,45,109,344.4,330.1,,2025-11-22T19:00:00Z,,,,1.49,,,,"{'league_metrics_away': {'ATS': None, 'PA': 28.1, 'PF': 18.1, 'PY(D)': 222.0, 'PY(O)': 156.0, 'R(D)_PY': 65, 'R(D)_RY': 73, 'R(D)_TY': 70, 'R(O)_PY': 119, 'R(O)_RY': 83, 'R(O)_TY': 126, 'RY(D)': 151.0, 'RY(O)': 145.7, 'SU': '2-8', 'TO': -1.1, 'TY(D)': 373.0, 'TY(O)': 301.7, 'Team': 'Nevada'}, 'league_metrics_home': {'ATS': None, 'PA': 20.6, 'PF': 17.8, 'PY(D)': 175.9, 'PY(O)': 184.2, 'R(D)_PY': 17, 'R(D)_RY': 93, 'R(D)_TY': 45, 'R(O)_PY': 101, 'R(O)_RY': 82, 'R(O)_TY': 109, 'RY(D)': 168.5, 'RY(O)': 145.9, 'SU': '4-6', 'TO': -0.4, 'TY(D)': 344.4, 'TY(O)': 330.1, 'Team': 'Wyoming'}, 'sagarin_away': {'fetched_at': '2025-11-24 22:25:42.757952+00:00', 'hfa': 3.43, 'page_stamp': 'COLLEGE FOOTBALL 2025 through results of 2025 NOVEMBER 22 SATURDAY - WEEK 13', 'pr': 55.91, 'pr_rank': 114, 'season': 2025, 'sos': 64.01, 'sos_rank': 78, 'source_url': 'http://sagarin.com/sports/cfsend.htm', 'team': 'Nevada', 'team_norm': 'Nevada', 'team_raw': 'Nevada', 'week': 13}, 'sagarin_home': {'fetched_at': '2025-11-24 22:25:42.757952+00:00', 'hfa': 3.43, 'page_stamp': 'COLLEGE FOOTBALL 2025 through results of 2025 NOVEMBER 22 SATURDAY - WEEK 13', 'pr': 57.4, 'pr_rank': 110, 'season': 2025, 'sos': 60.98, 'sos_rank': 106, 'source_url': 'http://sagarin.com/sports/cfsend.htm', 'team': 'Wyoming', 'team_norm': 'Wyoming', 'team_raw': 'Wyoming', 'week': 13}, 'schedule_row': {'away_team': 'Nevada', 'conference_game': True, 'home_team': 'Wyoming', 'id': 401760419, 'kickoff_iso_utc': '2025-11-22T19:00:00Z', 'season': 2025, 'venue': 'War Memorial Stadium', 'week': 13}}",2025,,401760419,,,,13
,31.3,114,95,32.6,62.09,94.0,265.1,198.7,66,21,147.2,207.6,61.98,95.0,5-5,Marshall,Marshall,0.9,102,58,412.3,406.3,,20251122_1930_marshall_app_state,3.43,,30.4,123,26,24.9,56.37,113.0,274.4,273.8,51,111,137.9,115.8,59.64,117.0,4-6,App State,App State,-0.5,102,71,412.3,389.6,,2025-11-22T19:30:00Z,,,,-5.72,,,,"{'league_metrics_away': {'ATS': None, 'PA': 31.3, 'PF': 32.6, 'PY(D)': 265.1, 'PY(O)': 198.7, 'R(D)_PY': 114, 'R(D)_RY': 66, 'R(D)_TY': 102, 'R(O)_PY': 95, 'R(O)_RY': 21, 'R(O)_TY': 58, 'RY(D)': 147.2, 'RY(O)': 207.6, 'SU': '5-5', 'TO': 0.9, 'TY(D)': 412.3, 'TY(O)': 406.3, 'Team': 'Marshall'}, 'league_metrics_home': {'ATS': None, 'PA': 30.4, 'PF': 24.9, 'PY(D)': 274.4, 'PY(O)': 273.8, 'R(D)_PY': 123, 'R(D)_RY': 51, 'R(D)_TY': 102, 'R(O)_PY': 26, 'R(O)_RY': 111, 'R(O)_TY': 71, 'RY(D)': 137.9, 'RY(O)': 115.8, 'SU': '4-6', 'TO': -0.5, 'TY(D)': 412.3, 'TY(O)': 389.6, 'Team': 'App State'}, 'sagarin_away': {'fetched_at': '2025-11-24 22:25:42.757952+00:00', 'hfa': 3.43, 'page_stamp': 'COLLEGE FOOTBALL 2025 through results of 2025 NOVEMBER 22 SATURDAY - WEEK 13', 'pr': 62.09, 'pr_rank': 94, 'season': 2025, 'sos': 61.98, 'sos_rank': 95, 'source_url': 'http://sagarin.com/sports/cfsend.htm', 'team': 'Marshall', 'team_norm': 'Marshall', 'team_raw': 'Marshall', 'week': 13}, 'sagarin_home': {'fetched_at': '2025-11-24 22:25:42.757952+00:00', 'hfa': 3.43, 'page_stamp': 'COLLEGE FOOTBALL 2025 through results of 2025 NOVEMBER 22 SATURDAY - WEEK 13', 'pr': 56.37, 'pr_rank': 113, 'season': 2025, 'sos': 59.64, 'sos_rank': 117, 'source_url': 'http://sagarin.com/sports/cfsend.htm', 'team': 'Appalachian State', 'team_norm': 'Appalachian State', 'team_raw': 'Appalachian State', 'week': 13}, 'schedule_row': {'away_team': 'Marshall', 'conference_game': True, 'home_team': 'App State', 'id': 401761656, 'kickoff_iso_utc': '2025-11-22T19:30:00Z', 'season': 2025, 'venue': 'Kidd Brewer Stadium', 'week': 13}}",2025,,401761656,,,,13
,23.6,42,94,23.7,58.2,106.0,200.3,199.3,88,50,163.0,174.2,58.24,126.0,4-6,Liberty,Liberty,-0.3,59,83,363.3,373.5,,20251122_2000_liberty_louisiana_tech,3.43,,19.8,88,105,25.6,60.54,98.0,237.5,181.5,43,58,130.3,164.9,58.31,125.0,5-5,Louisiana Tech,Louisiana Tech,0.5,64,97,367.8,346.4,,2025-11-22T20:00:00Z,,,,2.34,,,,"{'league_metrics_away': {'ATS': None, 'PA': 23.6, 'PF': 23.7, 'PY(D)': 200.3, 'PY(O)': 199.3, 'R(D)_PY': 42, 'R(D)_RY': 88, 'R(D)_TY': 59, 'R(O)_PY': 94, 'R(O)_RY': 50, 'R(O)_TY': 83, 'RY(D)': 163.0, 'RY(O)': 174.2, 'SU': '4-6', 'TO': -0.3, 'TY(D)': 363.3, 'TY(O)': 373.5, 'Team': 'Liberty'}, 'league_metrics_home': {'ATS': None, 'PA': 19.8, 'PF': 25.6, 'PY(D)': 237.5, 'PY(O)': 181.5, 'R(D)_PY': 88, 'R(D)_RY': 43, 'R(D)_TY': 64, 'R(O)_PY': 105, 'R(O)_RY': 58, 'R(O)_TY': 97, 'RY(D)': 130.3, 'RY(O)': 164.9, 'SU': '5-5', 'TO': 0.5, 'TY(D)': 367.8, 'TY(O)': 346.4, 'Team': 'Louisiana Tech'}, 'sagarin_away': {'fetched_at': '2025-11-24 22:25:42.757952+00:00', 'hfa': 3.43, 'page_stamp': 'COLLEGE FOOTBALL 2025 through results of 2025 NOVEMBER 22 SATURDAY - WEEK 13', 'pr': 58.2, 'pr_rank': 106, 'season': 2025, 'sos': 58.24, 'sos_rank': 126, 'source_url': 'http://sagarin.com/sports/cfsend.htm', 'team': 'Liberty', 'team_norm': 'Liberty', 'team_raw': 'Liberty', 'week': 13}, 'sagarin_home': {'fetched_at': '2025-11-24 22:25:42.757952+00:00', 'hfa': 3.43, 'page_stamp': 'COLLEGE FOOTBALL 2025 through results of 2025 NOVEMBER 22 SATURDAY - WEEK 13', 'pr': 60.54, 'pr_rank': 98, 'season': 2025, 'sos': 58.31, 'sos_rank': 125, 'source_url': 'http://sagarin.com/sports/cfsend.htm', 'team': 'Louisiana Tech', 'team_norm': 'Louisiana Tech', 'team_raw': 'Louisiana Tech', 'week': 13}, 'schedule_row': {'away_team': 'Liberty', 'conference_game': True, 'home_team': 'Louisiana Tech', 'id': 401757307, 'kickoff_iso_utc': '2025-11-22T20:00:00Z', 'season': 2025, 'venue': 'Joe Aillet Stadium', 'week': 13}}",2025,,401757307,,,,13
,26.9,97,59,20.1,52.1,123.0,243.2,241.7,76,132,153.5,65.1,58.17,127.0,3-7,New Mexico State,New Mexico State,0.2,86,120,396.7,306.8,,20251122_2000_new_mexico_state_utep,3.43,,27.0,47,86,21.8,51.04,126.0,207.5,210.0,90,116,163.4,111.3,56.94,134.0,2-8,Utep,UTEP,-0.8,66,111,370.9,321.3,,2025-11-22T20:00:00Z,,,,-1.06,,,,"{'league_metrics_away': {'ATS': None, 'PA': 26.9, 'PF': 20.1, 'PY(D)': 243.2, 'PY(O)': 241.7, 'R(D)_PY': 97, 'R(D)_RY': 76, 'R(D)_TY': 86, 'R(O)_PY': 59, 'R(O)_RY': 132, 'R(O)_TY': 120, 'RY(D)': 153.5, 'RY(O)': 65.1, 'SU': '3-7', 'TO': 0.2, 'TY(D)': 396.7, 'TY(O)': 306.8, 'Team': 'New Mexico State'}, 'league_metrics_home': {'ATS': None, 'PA': 27.0, 'PF': 21.8, 'PY(D)': 207.5, 'PY(O)': 210.0, 'R(D)_PY': 47, 'R(D)_RY': 90, 'R(D)_TY': 66, 'R(O)_PY': 86, 'R(O)_RY': 116, 'R(O)_TY': 111, 'RY(D)': 163.4, 'RY(O)': 111.3, 'SU': '2-8', 'TO': -0.8, 'TY(D)': 370.9, 'TY(O)': 321.3, 'Team': 'Utep'}, 'sagarin_away': {'fetched_at': '2025-11-24 22:25:42.757952+00:00', 'hfa': 3.43, 'page_stamp': 'COLLEGE FOOTBALL 2025 through results of 2025 NOVEMBER 22 SATURDAY - WEEK 13', 'pr': 52.1, 'pr_rank': 123, 'season': 2025, 'sos': 58.17, 'sos_rank': 127, 'source_url': 'http://sagarin.com/sports/cfsend.htm', 'team': 'New Mexico State', 'team_norm': 'New Mexico State', 'team_raw': 'New Mexico State', 'week': 13}, 'sagarin_home': {'fetched_at': '2025-11-24 22:25:42.757952+00:00', 'hfa': 3.43, 'page_stamp': 'COLLEGE FOOTBALL 2025 through results of 2025 NOVEMBER 22 SATURDAY - WEEK 13', 'pr': 51.04, 'pr_rank': 126, 'season': 2025, 'sos': 56.94, 'sos_rank': 134, 'source_url': 'http://sagarin.com/sports/cfsend.htm', 'team': 'Utep', 'team_norm': 'Utep', 'team_raw': 'UTEP', 'week': 13}, 'schedule_row': {'away_team': 'New Mexico State', 'conference_game': True, 'home_team': 'UTEP', 'id': 401757309, 'kickoff_iso_utc': '2025-11-22T20:00:00Z', 'season': 2025, 'venue': 'Sun Bowl', 'week': 13}}",2025,,401757309,,,,13
,36.7,125,109,18.0,45.47,133.0,275.2,176.4,122,93,199.5,131.9,60.39,109.0,2-8,Sam Houston,Sam Houston,0.6,131,117,474.7,308.3,,20251122_2000_sam_houston_middle_tennessee,3.43,,33.0,104,34,20.7,48.63,130.0,248.2,265.1,86,128,159.4,88.2,57.92,129.0,1-9,Middle Tennessee,Middle Tennessee,-0.1,96,92,407.6,353.3,,2025-11-22T20:00:00Z,,,,3.16,,,,"{'league_metrics_away': {'ATS': None, 'PA': 36.7, 'PF': 18.0, 'PY(D)': 275.2, 'PY(O)': 176.4, 'R(D)_PY': 125, 'R(D)_RY': 122, 'R(D)_TY': 131, 'R(O)_PY': 109, 'R(O)_RY': 93, 'R(O)_TY': 117, 'RY(D)': 199.5, 'RY(O)': 131.9, 'SU': '2-8', 'TO': 0.6, 'TY(D)': 474.7, 'TY(O)': 308.3, 'Team': 'Sam Houston'}, 'league_metrics_home': {'ATS': None, 'PA': 33.0, 'PF': 20.7, 'PY(D)': 248.2, 'PY(O)': 265.1, 'R(D)_PY': 104, 'R(D)_RY': 86, 'R(D)_TY': 96, 'R(O)_PY': 34, 'R(O)_RY': 128, 'R(O)_TY': 92, 'RY(D)': 159.4, 'RY(O)': 88.2, 'SU': '1-9', 'TO': -0.1, 'TY(D)': 407.6, 'TY(O)': 353.3, 'Team': 'Middle Tennessee'}, 'sagarin_away': {'fetched_at': '2025-11-24 22:25:42.757952+00:00', 'hfa': 3.43, 'page_stamp': 'COLLEGE FOOTBALL 2025 through results of 2025 NOVEMBER 22 SATURDAY - WEEK 13', 'pr': 45.47, 'pr_rank': 133, 'season': 2025, 'sos': 60.39, 'sos_rank': 109, 'source_url': 'http://sagarin.com/sports/cfsend.htm', 'team': 'Sam Houston State', 'team_norm': 'Sam Houston State', 'team_raw': 'Sam Houston State', 'week': 13}, 'sagarin_home': {'fetched_at': '2025-11-24 22:25:42.757952+00:00', 'hfa': 3.43, 'page_stamp': 'COLLEGE FOOTBALL 2025 through results of 2025 NOVEMBER 22 SATURDAY - WEEK 13', 'pr': 48.63, 'pr_rank': 130, 'season': 2025, 'sos': 57.92, 'sos_rank': 129, 'source_url': 'http://sagarin.com/sports/cfsend.htm', 'team': 'Middle Tennessee', 'team_norm': 'Middle Tennessee', 'team_raw': 'Middle Tennessee', 'week': 13}, 'schedule_row': {'away_team': 'Sam Houston', 'conference_game': True, 'home_team': 'Middle Tennessee', 'id': 401757308, 'kickoff_iso_utc': '2025-11-22T20:00:00Z', 'season': 2025, 'venue': 'Johnny ""Red"" Floyd Stadium', 'week': 13}}",2025,,401757308,,,,13
,25.9,115,30,41.6,77.78,32.0,266.4,268.1,45,12,131.9,224.4,67.26,67.0,7-3,South Florida,South Florida,0.6,87,7,398.3,492.5,,20251122_2000_south_florida_uab,3.43,,38.7,76,24,26.8,52.0,124.0,227.9,277.0,114,96,191.6,130.5,65.72,73.0,3-7,Uab,UAB,-1.1,107,55,419.5,407.5,,2025-11-22T20:00:00Z,,,,-25.78,,,,"{'league_metrics_away': {'ATS': None, 'PA': 25.9, 'PF': 41.6, 'PY(D)': 266.4, 'PY(O)': 268.1, 'R(D)_PY': 115, 'R(D)_RY': 45, 'R(D)_TY': 87, 'R(O)_PY': 30, 'R(O)_RY': 12, 'R(O)_TY': 7, 'RY(D)': 131.9, 'RY(O)': 224.4, 'SU': '7-3', 'TO': 0.6, 'TY(D)': 398.3, 'TY(O)': 492.5, 'Team': 'South Florida'}, 'league_metrics_home': {'ATS': None, 'PA': 38.7, 'PF': 26.8, 'PY(D)': 227.9, 'PY(O)': 277.0, 'R(D)_PY': 76, 'R(D)_RY': 114, 'R(D)_TY': 107, 'R(O)_PY': 24, 'R(O)_RY': 96, 'R(O)_TY': 55, 'RY(D)': 191.6, 'RY(O)': 130.5, 'SU': '3-7', 'TO': -1.1, 'TY(D)': 419.5, 'TY(O)': 407.5, 'Team': 'Uab'}, 'sagarin_away': {'fetched_at': '2025-11-24 22:25:42.757952+00:00', 'hfa': 3.43, 'page_stamp': 'COLLEGE FOOTBALL 2025 through results of 2025 NOVEMBER 22 SATURDAY - WEEK 13', 'pr': 77.78, 'pr_rank': 32, 'season': 2025, 'sos': 67.26, 'sos_rank': 67, 'source_url': 'http://sagarin.com/sports/cfsend.htm', 'team': 'South Florida', 'team_norm': 'South Florida', 'team_raw': 'South Florida', 'week': 13}, 'sagarin_home': {'fetched_at': '2025-11-24 22:25:42.757952+00:00', 'hfa': 3.43, 'page_stamp': 'COLLEGE FOOTBALL 2025 through results of 2025 NOVEMBER 22 SATURDAY - WEEK 13', 'pr': 52.0, 'pr_rank': 124, 'season': 2025, 'sos': 65.72, 'sos_rank': 73, 'source_url': 'http://sagarin.com/sports/cfsend.htm', 'team': 'Uab', 'team_norm': 'Uab', 'team_raw': 'UAB', 'week': 13}, 'schedule_row': {'away_team': 'South Florida', 'conference_game': True, 'home_team': 'UAB', 'id': 401762511, 'kickoff_iso_utc': '2025-11-22T20:00:00Z', 'season': 2025, 'venue': 'Protective Stadium', 'week': 13}}",2025,,401762511,,,,13
,24.1,72,5,35.9,67.46,73.0,203.5,287.3,126,41,184.7,164.0,56.91,136.0,8-3,Uconn,UConn,1.1,114,6,388.3,451.3,,20251122_2000_uconn_florida_atlantic,3.43,,34.6,52,2,30.6,58.53,103.0,211.8,329.3,121,126,199.2,103.0,62.95,85.0,4-6,Florida Atlantic,Florida Atlantic,-1.5,101,32,411.0,432.3,,2025-11-22T20:00:00Z,,,,-8.93,,,,"{'league_metrics_away': {'ATS': None, 'PA': 24.1, 'PF': 35.9, 'PY(D)': 203.5, 'PY(O)': 287.3, 'R(D)_PY': 72, 'R(D)_RY': 126, 'R(D)_TY': 114, 'R(O)_PY': 5, 'R(O)_RY': 41, 'R(O)_TY': 6, 'RY(D)': 184.7, 'RY(O)': 164.0, 'SU': '8-3', 'TO': 1.1, 'TY(D)': 388.3, 'TY(O)': 451.3, 'Team': 'Uconn'}, 'league_metrics_home': {'ATS': None, 'PA': 34.6, 'PF': 30.6, 'PY(D)': 211.8, 'PY(O)': 329.3, 'R(D)_PY': 52, 'R(D)_RY': 121, 'R(D)_TY': 101, 'R(O)_PY': 2, 'R(O)_RY': 126, 'R(O)_TY': 32, 'RY(D)': 199.2, 'RY(O)': 103.0, 'SU': '4-6', 'TO': -1.5, 'TY(D)': 411.0, 'TY(O)': 432.3, 'Team': 'Florida Atlantic'}, 'sagarin_away': {'fetched_at': '2025-11-24 22:25:42.757952+00:00', 'hfa': 3.43, 'page_stamp': 'COLLEGE FOOTBALL 2025 through results of 2025 NOVEMBER 22 SATURDAY - WEEK 13', 'pr': 67.46, 'pr_rank': 73, 'season': 2025, 'sos': 56.91, 'sos_rank': 136, 'source_url': 'http://sagarin.com/sports/cfsend.htm', 'team': 'Connecticut', 'team_norm': 'Connecticut', 'team_raw': 'Connecticut', 'week': 13}, 'sagarin_home': {'fetched_at': '2025-11-24 22:25:42.757952+00:00', 'hfa': 3.43, 'page_stamp': 'COLLEGE FOOTBALL 2025 through results of 2025 NOVEMBER 22 SATURDAY - WEEK 13', 'pr': 58.53, 'pr_rank': 103, 'season': 2025, 'sos': 62.95, 'sos_rank': 85, 'source_url': 'http://sagarin.com/sports/cfsend.htm', 'team': 'Florida Atlantic', 'team_norm': 'Florida Atlantic', 'team_raw': 'Florida Atlantic', 'week': 13}, 'schedule_row': {'away_team': 'UConn', 'conference_game': False, 'home_team': 'Florida Atlantic', 'id': 401757175, 'kickoff_iso_utc': '2025-11-22T20:00:00Z', 'season': 2025, 'venue': 'FAU Stadium', 'week': 13}}",2025,,401757175,,,,13
,32.3,99,36,34.1,75.63,43.0,245.3,264.6,110,22,182.7,205.7,80.07,3.0,2-8,Arkansas,Arkansas,-1.0,115,16,428.0,470.3,,20251122_2030_arkansas_texas_longhorns,3.43,,18.3,86,51,27.6,86.28,15.0,235.1,246.6,5,100,83.2,124.4,76.37,14.0,7-3,Texas Longhorns,Texas,0.8,23,84,318.3,371.0,,2025-11-22T20:30:00Z,,,,10.65,,,,"{'league_metrics_away': {'ATS': None, 'PA': 32.3, 'PF': 34.1, 'PY(D)': 245.3, 'PY(O)': 264.6, 'R(D)_PY': 99, 'R(D)_RY': 110, 'R(D)_TY': 115, 'R(O)_PY': 36, 'R(O)_RY': 22, 'R(O)_TY': 16, 'RY(D)': 182.7, 'RY(O)': 205.7, 'SU': '2-8', 'TO': -1.0, 'TY(D)': 428.0, 'TY(O)': 470.3, 'Team': 'Arkansas'}, 'league_metrics_home': {'ATS': None, 'PA': 18.3, 'PF': 27.6, 'PY(D)': 235.1, 'PY(O)': 246.6, 'R(D)_PY': 86, 'R(D)_RY': 5, 'R(D)_TY': 23, 'R(O)_PY': 51, 'R(O)_RY': 100, 'R(O)_TY': 84, 'RY(D)': 83.2, 'RY(O)': 124.4, 'SU': '7-3', 'TO': 0.8, 'TY(D)': 318.3, 'TY(O)': 371.0, 'Team': 'Texas Longhorns'}, 'sagarin_away': {'fetched_at': '2025-11-24 22:25:42.757952+00:00', 'hfa': 3.43, 'page_stamp': 'COLLEGE FOOTBALL 2025 through results of 2025 NOVEMBER 22 SATURDAY - WEEK 13', 'pr': 75.63, 'pr_rank': 43, 'season': 2025, 'sos': 80.07, 'sos_rank': 3, 'source_url': 'http://sagarin.com/sports/cfsend.htm', 'team': 'Arkansas', 'team_norm': 'Arkansas', 'team_raw': 'Arkansas', 'week': 13}, 'sagarin_home': {'fetched_at': '2025-11-24 22:25:42.757952+00:00', 'hfa': 3.43, 'page_stamp': 'COLLEGE FOOTBALL 2025 through results of 2025 NOVEMBER 22 SATURDAY - WEEK 13', 'pr': 86.28, 'pr_rank': 15, 'season': 2025, 'sos': 76.37, 'sos_rank': 14, 'source_url': 'http://sagarin.com/sports/cfsend.htm', 'team': 'Texas Longhorns', 'team_norm': 'Texas Longhorns', 'team_raw': 'Texas', 'week': 13}, 'schedule_row': {'away_team': 'Arkansas', 'conference_game': True, 'home_team': 'Texas', 'id': 401752780, 'kickoff_iso_utc': '2025-11-22T20:30:00Z', 'season': 2025, 'venue': 'DKR-Texas Memorial Stadium', 'week': 13}}",2025,,401752780,,,,13
,29.6,122,11,33.4,73.76,50.0,273.3,302.9,63,97,146.5,129.9,71.38,50.0,5-5,Duke,Duke,0.3,108,31,419.8,432.8,,20251122_2030_duke_north_carolina,3.43,,22.0,56,107,18.7,66.76,75.0,215.9,180.8,25,120,114.2,109.1,67.8,65.0,4-6,North Carolina,North Carolina,-0.2,35,128,330.1,289.9,,2025-11-22T20:30:00Z,,,,-7.0,,,,"{'league_metrics_away': {'ATS': None, 'PA': 29.6, 'PF': 33.4, 'PY(D)': 273.3, 'PY(O)': 302.9, 'R(D)_PY': 122, 'R(D)_RY': 63, 'R(D)_TY': 108, 'R(O)_PY': 11, 'R(O)_RY': 97, 'R(O)_TY': 31, 'RY(D)': 146.5, 'RY(O)': 129.9, 'SU': '5-5', 'TO': 0.3, 'TY(D)': 419.8, 'TY(O)': 432.8, 'Team': 'Duke'}, 'league_metrics_home': {'ATS': None, 'PA': 22.0, 'PF': 18.7, 'PY(D)': 215.9, 'PY(O)': 180.8, 'R(D)_PY': 56, 'R(D)_RY': 25, 'R(D)_TY': 35, 'R(O)_PY': 107, 'R(O)_RY': 120, 'R(O)_TY': 128, 'RY(D)': 114.2, 'RY(O)': 109.1, 'SU': '4-6', 'TO': -0.2, 'TY(D)': 330.1, 'TY(O)': 289.9, 'Team': 'North Carolina'}, 'sagarin_away': {'fetched_at': '2025-11-24 22:25:42.757952+00:00', 'hfa': 3.43, 'page_stamp': 'COLLEGE FOOTBALL 2025 through results of 2025 NOVEMBER 22 SATURDAY - WEEK 13', 'pr': 73.76, 'pr_rank': 50, 'season': 2025, 'sos': 71.38, 'sos_rank': 50, 'source_url': 'http://sagarin.com/sports/cfsend.htm', 'team': 'Duke', 'team_norm': 'Duke', 'team_raw': 'Duke', 'week': 13}, 'sagarin_home': {'fetched_at': '2025-11-24 22:25:42.757952+00:00', 'hfa': 3.43, 'page_stamp': 'COLLEGE FOOTBALL 2025 through results of 2025 NOVEMBER 22 SATURDAY - WEEK 13', 'pr': 66.76, 'pr_rank': 75, 'season': 2025, 'sos': 67.8, 'sos_rank': 65, 'source_url': 'http://sagarin.com/sports/cfsend.htm', 'team': 'North Carolina', 'team_norm': 'North Carolina', 'team_raw': 'North Carolina', 'week': 13}, 'schedule_row': {'away_team': 'Duke', 'conference_game': True, 'home_team': 'North Carolina', 'id': 401754600, 'kickoff_iso_utc': '2025-11-22T20:30:00Z', 'season': 2025, 'venue': 'Kenan Stadium', 'week': 13}}",2025,,401754600,,,,13
,18.3,63,18,33.6,68.5,68.0,219.7,286.7,29,44,119.4,179.6,63.72,79.0,7-3,East Carolina,East Carolina,0.5,40,17,339.1,466.3,,20251122_2030_east_carolina_utsa,3.43,,30.4,91,61,32.3,70.27,64.0,240.7,240.1,69,47,148.1,175.1,64.39,77.0,5-5,Utsa,UTSA,0.2,80,46,388.8,415.2,,2025-11-22T20:30:00Z,,,,1.77,,,,"{'league_metrics_away': {'ATS': None, 'PA': 18.3, 'PF': 33.6, 'PY(D)': 219.7, 'PY(O)': 286.7, 'R(D)_PY': 63, 'R(D)_RY': 29, 'R(D)_TY': 40, 'R(O)_PY': 18, 'R(O)_RY': 44, 'R(O)_TY': 17, 'RY(D)': 119.4, 'RY(O)': 179.6, 'SU': '7-3', 'TO': 0.5, 'TY(D)': 339.1, 'TY(O)': 466.3, 'Team': 'East Carolina'}, 'league_metrics_home': {'ATS': None, 'PA': 30.4, 'PF': 32.3, 'PY(D)': 240.7, 'PY(O)': 240.1, 'R(D)_PY': 91, 'R(D)_RY': 69, 'R(D)_TY': 80, 'R(O)_PY': 61, 'R(O)_RY': 47, 'R(O)_TY': 46, 'RY(D)': 148.1, 'RY(O)': 175.1, 'SU': '5-5', 'TO': 0.2, 'TY(D)': 388.8, 'TY(O)': 415.2, 'Team': 'Utsa'}, 'sagarin_away': {'fetched_at': '2025-11-24 22:25:42.757952+00:00', 'hfa': 3.43, 'page_stamp': 'COLLEGE FOOTBALL 2025 through results of 2025 NOVEMBER 22 SATURDAY - WEEK 13', 'pr': 68.5, 'pr_rank': 68, 'season': 2025, 'sos': 63.72, 'sos_rank': 79, 'source_url': 'http://sagarin.com/sports/cfsend.htm', 'team': 'East Carolina', 'team_norm': 'East Carolina', 'team_raw': 'East Carolina', 'week': 13}, 'sagarin_home': {'fetched_at': '2025-11-24 22:25:42.757952+00:00', 'hfa': 3.43, 'page_stamp': 'COLLEGE FOOTBALL 2025 through results of 2025 NOVEMBER 22 SATURDAY - WEEK 13', 'pr': 70.27, 'pr_rank': 64, 'season': 2025, 'sos': 64.39, 'sos_rank': 77, 'source_url': 'http://sagarin.com/sports/cfsend.htm', 'team': 'Utsa', 'team_norm': 'Utsa', 'team_raw': 'UTSA', 'week': 13}, 'schedule_row': {'away_team': 'East Carolina', 'conference_game': True, 'home_team': 'UTSA', 'id': 401762513, 'kickoff_iso_utc': '2025-11-22T20:30:00Z', 'season': 2025, 'venue': 'Alamodome', 'week': 13}}",2025,,401762513,,,,13
,26.0,105,118,30.4,58.49,104.0,253.2,157.6,61,4,146.0,261.3,55.48,140.0,7-3,Jacksonville State,Jacksonville State,0.8,90,42,399.2,418.9,,20251122_2030_jacksonville_state_florida_international,3.43,,29.6,106,82,26.8,57.82,109.0,260.0,213.7,64,45,146.8,177.7,58.11,128.0,5-5,Florida International,Florida International,0.0,95,70,406.8,391.4,,2025-11-22T20:30:00Z,,,,-0.67,,,,"{'league_metrics_away': {'ATS': None, 'PA': 26.0, 'PF': 30.4, 'PY(D)': 253.2, 'PY(O)': 157.6, 'R(D)_PY': 105, 'R(D)_RY': 61, 'R(D)_TY': 90, 'R(O)_PY': 118, 'R(O)_RY': 4, 'R(O)_TY': 42, 'RY(D)': 146.0, 'RY(O)': 261.3, 'SU': '7-3', 'TO': 0.8, 'TY(D)': 399.2, 'TY(O)': 418.9, 'Team': 'Jacksonville State'}, 'league_metrics_home': {'ATS': None, 'PA': 29.6, 'PF': 26.8, 'PY(D)': 260.0, 'PY(O)': 213.7, 'R(D)_PY': 106, 'R(D)_RY': 64, 'R(D)_TY': 95, 'R(O)_PY': 82, 'R(O)_RY': 45, 'R(O)_TY': 70, 'RY(D)': 146.8, 'RY(O)': 177.7, 'SU': '5-5', 'TO': 0.0, 'TY(D)': 406.8, 'TY(O)': 391.4, 'Team': 'Florida International'}, 'sagarin_away': {'fetched_at': '2025-11-24 22:25:42.757952+00:00', 'hfa': 3.43, 'page_stamp': 'COLLEGE FOOTBALL 2025 through results of 2025 NOVEMBER 22 SATURDAY - WEEK 13', 'pr': 58.49, 'pr_rank': 104, 'season': 2025, 'sos': 55.48, 'sos_rank': 140, 'source_url': 'http://sagarin.com/sports/cfsend.htm', 'team': 'Jacksonville State', 'team_norm': 'Jacksonville State', 'team_raw': 'Jacksonville State', 'week': 13}, 'sagarin_home': {'fetched_at': '2025-11-24 22:25:42.757952+00:00', 'hfa': 3.43, 'page_stamp': 'COLLEGE FOOTBALL 2025 through results of 2025 NOVEMBER 22 SATURDAY - WEEK 13', 'pr': 57.82, 'pr_rank': 109, 'season': 2025, 'sos': 58.11, 'sos_rank': 128, 'source_url': 'http://sagarin.com/sports/cfsend.htm', 'team': 'Fla. International', 'team_norm': 'Fla. International', 'team_raw': 'Fla. International', 'week': 13}, 'schedule_row': {'away_team': 'Jacksonville State', 'conference_game': True, 'home_team': 'Florida International', 'id': 401757305, 'kickoff_iso_utc': '2025-11-22T20:30:00Z', 'season': 2025, 'venue': 'Pitbull Stadium', 'week': 13}}",2025,,401757305,,,,13
,23.1,55,91,25.9,76.74,39.0,215.8,203.9,40,66,129.3,160.0,78.93,5.0,5-5,Kentucky,Kentucky,-0.4,47,85,345.1,363.9,,20251122_2030_kentucky_vanderbilt,3.43,,22.2,98,43,38.3,86.4,14.0,244.8,258.4,23,37,112.4,185.7,74.56,25.0,8-2,Vanderbilt,Vanderbilt,0.2,55,26,357.2,444.1,,2025-11-22T20:30:00Z,,,,9.66,,,,"{'league_metrics_away': {'ATS': None, 'PA': 23.1, 'PF': 25.9, 'PY(D)': 215.8, 'PY(O)': 203.9, 'R(D)_PY': 55, 'R(D)_RY': 40, 'R(D)_TY': 47, 'R(O)_PY': 91, 'R(O)_RY': 66, 'R(O)_TY': 85, 'RY(D)': 129.3, 'RY(O)': 160.0, 'SU': '5-5', 'TO': -0.4, 'TY(D)': 345.1, 'TY(O)': 363.9, 'Team': 'Kentucky'}, 'league_metrics_home': {'ATS': None, 'PA': 22.2, 'PF': 38.3, 'PY(D)': 244.8, 'PY(O)': 258.4, 'R(D)_PY': 98, 'R(D)_RY': 23, 'R(D)_TY': 55, 'R(O)_PY': 43, 'R(O)_RY': 37, 'R(O)_TY': 26, 'RY(D)': 112.4, 'RY(O)': 185.7, 'SU': '8-2', 'TO': 0.2, 'TY(D)': 357.2, 'TY(O)': 444.1, 'Team': 'Vanderbilt'}, 'sagarin_away': {'fetched_at': '2025-11-24 22:25:42.757952+00:00', 'hfa': 3.43, 'page_stamp': 'COLLEGE FOOTBALL 2025 through results of 2025 NOVEMBER 22 SATURDAY - WEEK 13', 'pr': 76.74, 'pr_rank': 39, 'season': 2025, 'sos': 78.93, 'sos_rank': 5, 'source_url': 'http://sagarin.com/sports/cfsend.htm', 'team': 'Kentucky', 'team_norm': 'Kentucky', 'team_raw': 'Kentucky', 'week': 13}, 'sagarin_home': {'fetched_at': '2025-11-24 22:25:42.757952+00:00', 'hfa': 3.43, 'page_stamp': 'COLLEGE FOOTBALL 2025 through results of 2025 NOVEMBER 22 SATURDAY - WEEK 13', 'pr': 86.4, 'pr_rank': 14, 'season': 2025, 'sos': 74.56, 'sos_rank': 25, 'source_url': 'http://sagarin.com/sports/cfsend.htm', 'team': 'Vanderbilt', 'team_norm': 'Vanderbilt', 'team_raw': 'Vanderbilt', 'week': 13}, 'schedule_row': {'away_team': 'Kentucky', 'conference_game': True, 'home_team': 'Vanderbilt', 'id': 401752782, 'kickoff_iso_utc': '2025-11-22T20:30:00Z', 'season': 2025, 'venue': 'FirstBank Stadium', 'week': 13}}",2025,,401752782,,,,13
,31.1,60,84,24.0,70.38,63.0,217.0,212.5,80,102,155.4,123.1,75.95,15.0,3-7,Michigan State,Michigan State,-0.4,69,106,372.4,335.6,,20251122_2030_michigan_state_iowa,3.43,,14.9,6,125,28.7,83.15,21.0,157.4,133.6,20,46,108.7,176.6,75.49,17.0,6-4,Iowa,Iowa,0.3,6,115,266.1,310.2,,2025-11-22T20:30:00Z,,,,12.77,,,,"{'league_metrics_away': {'ATS': None, 'PA': 31.1, 'PF': 24.0, 'PY(D)': 217.0, 'PY(O)': 212.5, 'R(D)_PY': 60, 'R(D)_RY': 80, 'R(D)_TY': 69, 'R(O)_PY': 84, 'R(O)_RY': 102, 'R(O)_TY': 106, 'RY(D)': 155.4, 'RY(O)': 123.1, 'SU': '3-7', 'TO': -0.4, 'TY(D)': 372.4, 'TY(O)': 335.6, 'Team': 'Michigan State'}, 'league_metrics_home': {'ATS': None, 'PA': 14.9, 'PF': 28.7, 'PY(D)': 157.4, 'PY(O)': 133.6, 'R(D)_PY': 6, 'R(D)_RY': 20, 'R(D)_TY': 6, 'R(O)_PY': 125, 'R(O)_RY': 46, 'R(O)_TY': 115, 'RY(D)': 108.7, 'RY(O)': 176.6, 'SU': '6-4', 'TO': 0.3, 'TY(D)': 266.1, 'TY(O)': 310.2, 'Team': 'Iowa'}, 'sagarin_away': {'fetched_at': '2025-11-24 22:25:42.757952+00:00', 'hfa': 3.43, 'page_stamp': 'COLLEGE FOOTBALL 2025 through results of 2025 NOVEMBER 22 SATURDAY - WEEK 13', 'pr': 70.38, 'pr_rank': 63, 'season': 2025, 'sos': 75.95, 'sos_rank': 15, 'source_url': 'http://sagarin.com/sports/cfsend.htm', 'team': 'Michigan State', 'team_norm': 'Michigan State', 'team_raw': 'Michigan State', 'week': 13}, 'sagarin_home': {'fetched_at': '2025-11-24 22:25:42.757952+00:00', 'hfa': 3.43, 'page_stamp': 'COLLEGE FOOTBALL 2025 through results of 2025 NOVEMBER 22 SATURDAY - WEEK 13', 'pr': 83.15, 'pr_rank': 21, 'season': 2025, 'sos': 75.49, 'sos_rank': 17, 'source_url': 'http://sagarin.com/sports/cfsend.htm', 'team': 'Iowa', 'team_norm': 'Iowa', 'team_raw': 'Iowa', 'week': 13}, 'schedule_row': {'away_team': 'Michigan State', 'conference_game': True, 'home_team': 'Iowa', 'id': 401752913, 'kickoff_iso_utc': '2025-11-22T20:30:00Z', 'season': 2025, 'venue': 'Kinnick Stadium', 'week': 13}}",2025,,401752913,,,,13
,25.9,68,42,30.5,61.57,95.0,223.0,259.1,98,76,172.1,151.0,59.77,115.0,7-3,Southern Miss,Southern Miss,1.3,85,52,395.1,410.1,,20251122_2030_southern_miss_south_alabama,3.43,,28.1,19,104,25.0,60.18,99.0,177.9,183.1,108,28,180.7,194.3,60.32,111.0,3-7,South Alabama,South Alabama,0.1,56,80,358.6,377.4,,2025-11-22T20:30:00Z,,,,-1.39,,,,"{'league_metrics_away': {'ATS': None, 'PA': 25.9, 'PF': 30.5, 'PY(D)': 223.0, 'PY(O)': 259.1, 'R(D)_PY': 68, 'R(D)_RY': 98, 'R(D)_TY': 85, 'R(O)_PY': 42, 'R(O)_RY': 76, 'R(O)_TY': 52, 'RY(D)': 172.1, 'RY(O)': 151.0, 'SU': '7-3', 'TO': 1.3, 'TY(D)': 395.1, 'TY(O)': 410.1, 'Team': 'Southern Miss'}, 'league_metrics_home': {'ATS': None, 'PA': 28.1, 'PF': 25.0, 'PY(D)': 177.9, 'PY(O)': 183.1, 'R(D)_PY': 19, 'R(D)_RY': 108, 'R(D)_TY': 56, 'R(O)_PY': 104, 'R(O)_RY': 28, 'R(O)_TY': 80, 'RY(D)': 180.7, 'RY(O)': 194.3, 'SU': '3-7', 'TO': 0.1, 'TY(D)': 358.6, 'TY(O)': 377.4, 'Team': 'South Alabama'}, 'sagarin_away': {'fetched_at': '2025-11-24 22:25:42.757952+00:00', 'hfa': 3.43, 'page_stamp': 'COLLEGE FOOTBALL 2025 through results of 2025 NOVEMBER 22 SATURDAY - WEEK 13', 'pr': 61.57, 'pr_rank': 95, 'season': 2025, 'sos': 59.77, 'sos_rank': 115, 'source_url': 'http://sagarin.com/sports/cfsend.htm', 'team': 'Southern Miss', 'team_norm': 'Southern Miss', 'team_raw': 'Southern Miss', 'week': 13}, 'sagarin_home': {'fetched_at': '2025-11-24 22:25:42.757952+00:00', 'hfa': 3.43, 'page_stamp': 'COLLEGE FOOTBALL 2025 through results of 2025 NOVEMBER 22 SATURDAY - WEEK 13', 'pr': 60.18, 'pr_rank': 99, 'season': 2025, 'sos': 60.32, 'sos_rank': 111, 'source_url': 'http://sagarin.com/sports/cfsend.htm', 'team': 'South Alabama', 'team_norm': 'South Alabama', 'team_raw': 'South Alabama', 'week': 13}, 'schedule_row': {'away_team': 'Southern Miss', 'conference_game': True, 'home_team': 'South Alabama', 'id': 401761658, 'kickoff_iso_utc': '2025-11-22T20:30:00Z', 'season': 2025, 'venue': 'Hancock Whitney Stadium', 'week': 13}}",2025,,401761658,,,,13
,31.5,116,55,22.3,64.18,88.0,267.1,244.7,91,110,165.0,117.6,78.12,8.0,3-7,Syracuse,Syracuse,-1.1,117,88,432.1,362.3,,20251122_2030_syracuse_notre_dame_fighting_irish,3.43,,18.4,73,32,38.5,95.29,2.0,224.0,265.7,13,29,99.8,193.7,74.21,27.0,8-2,Notre Dame Fighting Irish,Notre Dame,0.9,28,22,323.8,459.4,,2025-11-22T20:30:00Z,,,,31.11,,,,"{'league_metrics_away': {'ATS': None, 'PA': 31.5, 'PF': 22.3, 'PY(D)': 267.1, 'PY(O)': 244.7, 'R(D)_PY': 116, 'R(D)_RY': 91, 'R(D)_TY': 117, 'R(O)_PY': 55, 'R(O)_RY': 110, 'R(O)_TY': 88, 'RY(D)': 165.0, 'RY(O)': 117.6, 'SU': '3-7', 'TO': -1.1, 'TY(D)': 432.1, 'TY(O)': 362.3, 'Team': 'Syracuse'}, 'league_metrics_home': {'ATS': None, 'PA': 18.4, 'PF': 38.5, 'PY(D)': 224.0, 'PY(O)': 265.7, 'R(D)_PY': 73, 'R(D)_RY': 13, 'R(D)_TY': 28, 'R(O)_PY': 32, 'R(O)_RY': 29, 'R(O)_TY': 22, 'RY(D)': 99.8, 'RY(O)': 193.7, 'SU': '8-2', 'TO': 0.9, 'TY(D)': 323.8, 'TY(O)': 459.4, 'Team': 'Notre Dame Fighting Irish'}, 'sagarin_away': {'fetched_at': '2025-11-24 22:25:42.757952+00:00', 'hfa': 3.43, 'page_stamp': 'COLLEGE FOOTBALL 2025 through results of 2025 NOVEMBER 22 SATURDAY - WEEK 13', 'pr': 64.18, 'pr_rank': 88, 'season': 2025, 'sos': 78.12, 'sos_rank': 8, 'source_url': 'http://sagarin.com/sports/cfsend.htm', 'team': 'Syracuse', 'team_norm': 'Syracuse', 'team_raw': 'Syracuse', 'week': 13}, 'sagarin_home': {'fetched_at': '2025-11-24 22:25:42.757952+00:00', 'hfa': 3.43, 'page_stamp': 'COLLEGE FOOTBALL 2025 through results of 2025 NOVEMBER 22 SATURDAY - WEEK 13', 'pr': 95.29, 'pr_rank': 2, 'season': 2025, 'sos': 74.21, 'sos_rank': 27, 'source_url': 'http://sagarin.com/sports/cfsend.htm', 'team': 'Notre Dame Fighting Irish', 'team_norm': 'Notre Dame Fighting Irish', 'team_raw': 'Notre Dame', 'week': 13}, 'schedule_row': {'away_team': 'Syracuse', 'conference_game': False, 'home_team': 'Notre Dame', 'id': 401754604, 'kickoff_iso_utc': '2025-11-22T20:30:00Z', 'season': 2025, 'venue': 'Notre Dame Stadium', 'week': 13}}",2025,,401754604,,,,13
,21.7,40,13,38.2,85.18,16.0,198.3,298.1,60,32,145.5,190.4,75.09,20.0,8-2,USC Trojans,USC,0.4,43,8,343.8,488.5,,20251122_2030_usc_trojans_oregon_ducks,3.43,,13.7,1,58,39.0,94.12,3.0,127.3,241.8,21,9,109.8,233.6,74.63,24.0,9-1,Oregon Ducks,Oregon,0.5,3,14,237.1,475.4,,2025-11-22T20:30:00Z,,,,8.94,,,,"{'league_metrics_away': {'ATS': None, 'PA': 21.7, 'PF': 38.2, 'PY(D)': 198.3, 'PY(O)': 298.1, 'R(D)_PY': 40, 'R(D)_RY': 60, 'R(D)_TY': 43, 'R(O)_PY': 13, 'R(O)_RY': 32, 'R(O)_TY': 8, 'RY(D)': 145.5, 'RY(O)': 190.4, 'SU': '8-2', 'TO': 0.4, 'TY(D)': 343.8, 'TY(O)': 488.5, 'Team': 'USC Trojans'}, 'league_metrics_home': {'ATS': None, 'PA': 13.7, 'PF': 39.0, 'PY(D)': 127.3, 'PY(O)': 241.8, 'R(D)_PY': 1, 'R(D)_RY': 21, 'R(D)_TY': 3, 'R(O)_PY': 58, 'R(O)_RY': 9, 'R(O)_TY': 14, 'RY(D)': 109.8, 'RY(O)': 233.6, 'SU': '9-1', 'TO': 0.5, 'TY(D)': 237.1, 'TY(O)': 475.4, 'Team': 'Oregon Ducks'}, 'sagarin_away': {'fetched_at': '2025-11-24 22:25:42.757952+00:00', 'hfa': 3.43, 'page_stamp': 'COLLEGE FOOTBALL 2025 through results of 2025 NOVEMBER 22 SATURDAY - WEEK 13', 'pr': 85.18, 'pr_rank': 16, 'season': 2025, 'sos': 75.09, 'sos_rank': 20, 'source_url': 'http://sagarin.com/sports/cfsend.htm', 'team': 'Southern California', 'team_norm': 'Southern California', 'team_raw': 'Southern California', 'week': 13}, 'sagarin_home': {'fetched_at': '2025-11-24 22:25:42.757952+00:00', 'hfa': 3.43, 'page_stamp': 'COLLEGE FOOTBALL 2025 through results of 2025 NOVEMBER 22 SATURDAY - WEEK 13', 'pr': 94.12, 'pr_rank': 3, 'season': 2025, 'sos': 74.63, 'sos_rank': 24, 'source_url': 'http://sagarin.com/sports/cfsend.htm', 'team': 'Oregon Ducks', 'team_norm': 'Oregon Ducks', 'team_raw': 'Oregon', 'week': 13}, 'schedule_row': {'away_team': 'USC', 'conference_game': True, 'home_team': 'Oregon', 'id': 401752911, 'kickoff_iso_utc': '2025-11-22T20:30:00Z', 'season': 2025, 'venue': 'Autzen Stadium', 'week': 13}}",2025,,401752911,,,,13
,26.0,119,56,28.0,72.86,52.0,269.6,243.8,55,54,142.8,168.9,66.79,70.0,8-2,Tulane,Tulane,0.5,103,49,412.4,412.7,,20251122_2045_tulane_temple,3.43,,26.7,20,90,29.6,57.91,107.0,179.7,204.2,117,68,195.4,158.1,62.72,88.0,5-5,Temple,Temple,1.1,73,88,375.1,362.3,,2025-11-22T20:45:00Z,,,,-14.95,,,,"{'league_metrics_away': {'ATS': None, 'PA': 26.0, 'PF': 28.0, 'PY(D)': 269.6, 'PY(O)': 243.8, 'R(D)_PY': 119, 'R(D)_RY': 55, 'R(D)_TY': 103, 'R(O)_PY': 56, 'R(O)_RY': 54, 'R(O)_TY': 49, 'RY(D)': 142.8, 'RY(O)': 168.9, 'SU': '8-2', 'TO': 0.5, 'TY(D)': 412.4, 'TY(O)': 412.7, 'Team': 'Tulane'}, 'league_metrics_home': {'ATS': None, 'PA': 26.7, 'PF': 29.6, 'PY(D)': 179.7, 'PY(O)': 204.2, 'R(D)_PY': 20, 'R(D)_RY': 117, 'R(D)_TY': 73, 'R(O)_PY': 90, 'R(O)_RY': 68, 'R(O)_TY': 88, 'RY(D)': 195.4, 'RY(O)': 158.1, 'SU': '5-5', 'TO': 1.1, 'TY(D)': 375.1, 'TY(O)': 362.3, 'Team': 'Temple'}, 'sagarin_away': {'fetched_at': '2025-11-24 22:25:42.757952+00:00', 'hfa': 3.43, 'page_stamp': 'COLLEGE FOOTBALL 2025 through results of 2025 NOVEMBER 22 SATURDAY - WEEK 13', 'pr': 72.86, 'pr_rank': 52, 'season': 2025, 'sos': 66.79, 'sos_rank': 70, 'source_url': 'http://sagarin.com/sports/cfsend.htm', 'team': 'Tulane', 'team_norm': 'Tulane', 'team_raw': 'Tulane', 'week': 13}, 'sagarin_home': {'fetched_at': '2025-11-24 22:25:42.757952+00:00', 'hfa': 3.43, 'page_stamp': 'COLLEGE FOOTBALL 2025 through results of 2025 NOVEMBER 22 SATURDAY - WEEK 13', 'pr': 57.91, 'pr_rank': 107, 'season': 2025, 'sos': 62.72, 'sos_rank': 88, 'source_url': 'http://sagarin.com/sports/cfsend.htm', 'team': 'Temple', 'team_norm': 'Temple', 'team_raw': 'Temple', 'week': 13}, 'schedule_row': {'away_team': 'Tulane', 'conference_game': True, 'home_team': 'Temple', 'id': 401762515, 'kickoff_iso_utc': '2025-11-22T20:45:00Z', 'season': 2025, 'venue': 'Lincoln Financial Field', 'week': 13}}",2025,,401762515,,,,13
,39.6,95,45,20.8,49.16,129.0,242.2,253.5,130,107,215.0,120.4,64.52,76.0,1-9,Georgia State,Georgia State,-1.2,128,82,457.2,373.9,,20251122_2100_georgia_state_troy,3.43,,25.0,32,100,24.3,61.45,96.0,191.2,194.0,106,115,180.1,111.6,60.37,110.0,6-4,Troy,Troy,0.0,67,121,371.3,305.6,,2025-11-22T21:00:00Z,,,,12.29,,,,"{'league_metrics_away': {'ATS': None, 'PA': 39.6, 'PF': 20.8, 'PY(D)': 242.2, 'PY(O)': 253.5, 'R(D)_PY': 95, 'R(D)_RY': 130, 'R(D)_TY': 128, 'R(O)_PY': 45, 'R(O)_RY': 107, 'R(O)_TY': 82, 'RY(D)': 215.0, 'RY(O)': 120.4, 'SU': '1-9', 'TO': -1.2, 'TY(D)': 457.2, 'TY(O)': 373.9, 'Team': 'Georgia State'}, 'league_metrics_home': {'ATS': None, 'PA': 25.0, 'PF': 24.3, 'PY(D)': 191.2, 'PY(O)': 194.0, 'R(D)_PY': 32, 'R(D)_RY': 106, 'R(D)_TY': 67, 'R(O)_PY': 100, 'R(O)_RY': 115, 'R(O)_TY': 121, 'RY(D)': 180.1, 'RY(O)': 111.6, 'SU': '6-4', 'TO': 0.0, 'TY(D)': 371.3, 'TY(O)': 305.6, 'Team': 'Troy'}, 'sagarin_away': {'fetched_at': '2025-11-24 22:25:42.757952+00:00', 'hfa': 3.43, 'page_stamp': 'COLLEGE FOOTBALL 2025 through results of 2025 NOVEMBER 22 SATURDAY - WEEK 13', 'pr': 49.16, 'pr_rank': 129, 'season': 2025, 'sos': 64.52, 'sos_rank': 76, 'source_url': 'http://sagarin.com/sports/cfsend.htm', 'team': 'Georgia State', 'team_norm': 'Georgia State', 'team_raw': 'Georgia State', 'week': 13}, 'sagarin_home': {'fetched_at': '2025-11-24 22:25:42.757952+00:00', 'hfa': 3.43, 'page_stamp': 'COLLEGE FOOTBALL 2025 through results of 2025 NOVEMBER 22 SATURDAY - WEEK 13', 'pr': 61.45, 'pr_rank': 96, 'season': 2025, 'sos': 60.37, 'sos_rank': 110, 'source_url': 'http://sagarin.com/sports/cfsend.htm', 'team': 'Troy', 'team_norm': 'Troy', 'team_raw': 'Troy', 'week': 13}, 'schedule_row': {'away_team': 'Georgia State', 'conference_game': True, 'home_team': 'Troy', 'id': 401761660, 'kickoff_iso_utc': '2025-11-22T21:00:00Z', 'season': 2025, 'venue': 'Veterans Memorial Stadium (AL)', 'week': 13}}",2025,,401761660,,,,13
,25.5,71,80,28.2,76.59,40.0,223.8,216.3,75,90,152.3,138.9,72.16,45.0,5-5,Kansas State,Kansas State,1.0,75,91,376.1,355.2,,20251122_2100_kansas_state_utah,3.43,,15.6,23,93,41.1,87.05,13.0,184.1,199.4,54,2,141.8,278.7,71.0,52.0,8-2,Utah,Utah,0.3,31,12,325.9,478.1,,2025-11-22T21:00:00Z,,,,10.46,,,,"{'league_metrics_away': {'ATS': None, 'PA': 25.5, 'PF': 28.2, 'PY(D)': 223.8, 'PY(O)': 216.3, 'R(D)_PY': 71, 'R(D)_RY': 75, 'R(D)_TY': 75, 'R(O)_PY': 80, 'R(O)_RY': 90, 'R(O)_TY': 91, 'RY(D)': 152.3, 'RY(O)': 138.9, 'SU': '5-5', 'TO': 1.0, 'TY(D)': 376.1, 'TY(O)': 355.2, 'Team': 'Kansas State'}, 'league_metrics_home': {'ATS': None, 'PA': 15.6, 'PF': 41.1, 'PY(D)': 184.1, 'PY(O)': 199.4, 'R(D)_PY': 23, 'R(D)_RY': 54, 'R(D)_TY': 31, 'R(O)_PY': 93, 'R(O)_RY': 2, 'R(O)_TY': 12, 'RY(D)': 141.8, 'RY(O)': 278.7, 'SU': '8-2', 'TO': 0.3, 'TY(D)': 325.9, 'TY(O)': 478.1, 'Team': 'Utah'}, 'sagarin_away': {'fetched_at': '2025-11-24 22:25:42.757952+00:00', 'hfa': 3.43, 'page_stamp': 'COLLEGE FOOTBALL 2025 through results of 2025 NOVEMBER 22 SATURDAY - WEEK 13', 'pr': 76.59, 'pr_rank': 40, 'season': 2025, 'sos': 72.16, 'sos_rank': 45, 'source_url': 'http://sagarin.com/sports/cfsend.htm', 'team': 'Kansas State', 'team_norm': 'Kansas State', 'team_raw': 'Kansas State', 'week': 13}, 'sagarin_home': {'fetched_at': '2025-11-24 22:25:42.757952+00:00', 'hfa': 3.43, 'page_stamp': 'COLLEGE FOOTBALL 2025 through results of 2025 NOVEMBER 22 SATURDAY - WEEK 13', 'pr': 87.05, 'pr_rank': 13, 'season': 2025, 'sos': 71.0, 'sos_rank': 52, 'source_url': 'http://sagarin.com/sports/cfsend.htm', 'team': 'Utah', 'team_norm': 'Utah', 'team_raw': 'Utah', 'week': 13}, 'schedule_row': {'away_team': 'Kansas State', 'conference_game': True, 'home_team': 'Utah', 'id': 401756960, 'kickoff_iso_utc': '2025-11-22T21:00:00Z', 'season': 2025, 'venue': 'Rice-Eccles Stadium', 'week': 13}}",2025,,401756960,,,,13
,17.7,44,99,27.7,83.13,22.0,201.8,195.1,12,13,96.7,224.3,73.51,32.0,8-2,Michigan,Michigan,0.3,16,41,298.5,419.4,,20251122_2100_michigan_maryland,3.43,,23.5,64,66,23.4,66.34,76.0,221.1,233.3,99,113,172.2,112.0,72.18,44.0,4-6,Maryland,Maryland,0.8,84,98,393.3,345.3,,2025-11-22T21:00:00Z,,,,-16.79,,,,"{'league_metrics_away': {'ATS': None, 'PA': 17.7, 'PF': 27.7, 'PY(D)': 201.8, 'PY(O)': 195.1, 'R(D)_PY': 44, 'R(D)_RY': 12, 'R(D)_TY': 16, 'R(O)_PY': 99, 'R(O)_RY': 13, 'R(O)_TY': 41, 'RY(D)': 96.7, 'RY(O)': 224.3, 'SU': '8-2', 'TO': 0.3, 'TY(D)': 298.5, 'TY(O)': 419.4, 'Team': 'Michigan'}, 'league_metrics_home': {'ATS': None, 'PA': 23.5, 'PF': 23.4, 'PY(D)': 221.1, 'PY(O)': 233.3, 'R(D)_PY': 64, 'R(D)_RY': 99, 'R(D)_TY': 84, 'R(O)_PY': 66, 'R(O)_RY': 113, 'R(O)_TY': 98, 'RY(D)': 172.2, 'RY(O)': 112.0, 'SU': '4-6', 'TO': 0.8, 'TY(D)': 393.3, 'TY(O)': 345.3, 'Team': 'Maryland'}, 'sagarin_away': {'fetched_at': '2025-11-24 22:25:42.757952+00:00', 'hfa': 3.43, 'page_stamp': 'COLLEGE FOOTBALL 2025 through results of 2025 NOVEMBER 22 SATURDAY - WEEK 13', 'pr': 83.13, 'pr_rank': 22, 'season': 2025, 'sos': 73.51, 'sos_rank': 32, 'source_url': 'http://sagarin.com/sports/cfsend.htm', 'team': 'Michigan', 'team_norm': 'Michigan', 'team_raw': 'Michigan', 'week': 13}, 'sagarin_home': {'fetched_at': '2025-11-24 22:25:42.757952+00:00', 'hfa': 3.43, 'page_stamp': 'COLLEGE FOOTBALL 2025 through results of 2025 NOVEMBER 22 SATURDAY - WEEK 13', 'pr': 66.34, 'pr_rank': 76, 'season': 2025, 'sos': 72.18, 'sos_rank': 44, 'source_url': 'http://sagarin.com/sports/cfsend.htm', 'team': 'Maryland', 'team_norm': 'Maryland', 'team_raw': 'Maryland', 'week': 13}, 'schedule_row': {'away_team': 'Michigan', 'conference_game': True, 'home_team': 'Maryland', 'id': 401752914, 'kickoff_iso_utc': '2025-11-22T21:00:00Z', 'season': 2025, 'venue': 'SECU Stadium', 'week': 13}}",2025,,401752914,,,,13
,36.3,110,110,14.3,56.9,111.0,263.1,176.3,91,98,165.0,129.0,72.0,47.0,1-9,Oklahoma State,Oklahoma State,-0.5,116,122,428.1,305.3,,20251122_2100_oklahoma_state_ucf,3.43,,22.8,21,85,25.4,66.17,78.0,180.8,212.4,85,51,159.2,173.1,67.04,69.0,4-6,Ucf,UCF,-0.1,41,76,340.0,385.5,,2025-11-22T21:00:00Z,,,,9.27,,,,"{'league_metrics_away': {'ATS': None, 'PA': 36.3, 'PF': 14.3, 'PY(D)': 263.1, 'PY(O)': 176.3, 'R(D)_PY': 110, 'R(D)_RY': 91, 'R(D)_TY': 116, 'R(O)_PY': 110, 'R(O)_RY': 98, 'R(O)_TY': 122, 'RY(D)': 165.0, 'RY(O)': 129.0, 'SU': '1-9', 'TO': -0.5, 'TY(D)': 428.1, 'TY(O)': 305.3, 'Team': 'Oklahoma State'}, 'league_metrics_home': {'ATS': None, 'PA': 22.8, 'PF': 25.4, 'PY(D)': 180.8, 'PY(O)': 212.4, 'R(D)_PY': 21, 'R(D)_RY': 85, 'R(D)_TY': 41, 'R(O)_PY': 85, 'R(O)_RY': 51, 'R(O)_TY': 76, 'RY(D)': 159.2, 'RY(O)': 173.1, 'SU': '4-6', 'TO': -0.1, 'TY(D)': 340.0, 'TY(O)': 385.5, 'Team': 'Ucf'}, 'sagarin_away': {'fetched_at': '2025-11-24 22:25:42.757952+00:00', 'hfa': 3.43, 'page_stamp': 'COLLEGE FOOTBALL 2025 through results of 2025 NOVEMBER 22 SATURDAY - WEEK 13', 'pr': 56.9, 'pr_rank': 111, 'season': 2025, 'sos': 72.0, 'sos_rank': 47, 'source_url': 'http://sagarin.com/sports/cfsend.htm', 'team': 'Oklahoma State', 'team_norm': 'Oklahoma State', 'team_raw': 'Oklahoma State', 'week': 13}, 'sagarin_home': {'fetched_at': '2025-11-24 22:25:42.757952+00:00', 'hfa': 3.43, 'page_stamp': 'COLLEGE FOOTBALL 2025 through results of 2025 NOVEMBER 22 SATURDAY - WEEK 13', 'pr': 66.17, 'pr_rank': 78, 'season': 2025, 'sos': 67.04, 'sos_rank': 69, 'source_url': 'http://sagarin.com/sports/cfsend.htm', 'team': 'Central Florida(ucf)', 'team_norm': 'Central Florida(ucf)', 'team_raw': 'Central Florida(UCF)', 'week': 13}, 'schedule_row': {'away_team': 'Oklahoma State', 'conference_game': True, 'home_team': 'UCF', 'id': 401756959, 'kickoff_iso_utc': '2025-11-22T21:00:00Z', 'season': 2025, 'venue': 'FBC Mortgage Stadium', 'week': 13}}",2025,,401756959,,,,13
,26.5,103,16,30.7,74.44,48.0,247.0,291.4,38,103,127.9,122.5,73.37,35.0,6-4,Tcu,TCU,0.2,72,47,374.9,413.9,,20251122_2100_tcu_houston,3.43,,22.1,38,75,29.5,72.41,54.0,197.6,222.1,48,57,135.5,166.9,67.04,68.0,8-2,Houston,Houston,-0.1,37,72,333.1,389.0,,2025-11-22T21:00:00Z,,,,-2.03,,,,"{'league_metrics_away': {'ATS': None, 'PA': 26.5, 'PF': 30.7, 'PY(D)': 247.0, 'PY(O)': 291.4, 'R(D)_PY': 103, 'R(D)_RY': 38, 'R(D)_TY': 72, 'R(O)_PY': 16, 'R(O)_RY': 103, 'R(O)_TY': 47, 'RY(D)': 127.9, 'RY(O)': 122.5, 'SU': '6-4', 'TO': 0.2, 'TY(D)': 374.9, 'TY(O)': 413.9, 'Team': 'Tcu'}, 'league_metrics_home': {'ATS': None, 'PA': 22.1, 'PF': 29.5, 'PY(D)': 197.6, 'PY(O)': 222.1, 'R(D)_PY': 38, 'R(D)_RY': 48, 'R(D)_TY': 37, 'R(O)_PY': 75, 'R(O)_RY': 57, 'R(O)_TY': 72, 'RY(D)': 135.5, 'RY(O)': 166.9, 'SU': '8-2', 'TO': -0.1, 'TY(D)': 333.1, 'TY(O)': 389.0, 'Team': 'Houston'}, 'sagarin_away': {'fetched_at': '2025-11-24 22:25:42.757952+00:00', 'hfa': 3.43, 'page_stamp': 'COLLEGE FOOTBALL 2025 through results of 2025 NOVEMBER 22 SATURDAY - WEEK 13', 'pr': 74.44, 'pr_rank': 48, 'season': 2025, 'sos': 73.37, 'sos_rank': 35, 'source_url': 'http://sagarin.com/sports/cfsend.htm', 'team': 'Tcu', 'team_norm': 'Tcu', 'team_raw': 'TCU', 'week': 13}, 'sagarin_home': {'fetched_at': '2025-11-24 22:25:42.757952+00:00', 'hfa': 3.43, 'page_stamp': 'COLLEGE FOOTBALL 2025 through results of 2025 NOVEMBER 22 SATURDAY - WEEK 13', 'pr': 72.41, 'pr_rank': 54, 'season': 2025, 'sos': 67.04, 'sos_rank': 68, 'source_url': 'http://sagarin.com/sports/cfsend.htm', 'team': 'Houston', 'team_norm': 'Houston', 'team_raw': 'Houston', 'week': 13}, 'schedule_row': {'away_team': 'TCU', 'conference_game': True, 'home_team': 'Houston', 'id': 401756957, 'kickoff_iso_utc': '2025-11-22T21:00:00Z', 'season': 2025, 'venue': 'TDECU Stadium', 'week': 13}}",2025,,401756957,,,,13
,29.7,89,121,25.7,58.41,105.0,239.3,154.4,123,27,199.7,194.6,61.82,96.0,6-4,Coastal Carolina,Coastal Carolina,0.1,121,95,439.0,349.0,,20251122_2115_coastal_carolina_south_carolina,3.43,,23.0,54,92,20.7,81.64,25.0,215.4,200.7,59,125,145.1,103.4,79.58,4.0,3-7,South Carolina,South Carolina,0.6,57,124,360.5,304.1,,2025-11-22T21:15:00Z,,,,23.23,,,,"{'league_metrics_away': {'ATS': None, 'PA': 29.7, 'PF': 25.7, 'PY(D)': 239.3, 'PY(O)': 154.4, 'R(D)_PY': 89, 'R(D)_RY': 123, 'R(D)_TY': 121, 'R(O)_PY': 121, 'R(O)_RY': 27, 'R(O)_TY': 95, 'RY(D)': 199.7, 'RY(O)': 194.6, 'SU': '6-4', 'TO': 0.1, 'TY(D)': 439.0, 'TY(O)': 349.0, 'Team': 'Coastal Carolina'}, 'league_metrics_home': {'ATS': None, 'PA': 23.0, 'PF': 20.7, 'PY(D)': 215.4, 'PY(O)': 200.7, 'R(D)_PY': 54, 'R(D)_RY': 59, 'R(D)_TY': 57, 'R(O)_PY': 92, 'R(O)_RY': 125, 'R(O)_TY': 124, 'RY(D)': 145.1, 'RY(O)': 103.4, 'SU': '3-7', 'TO': 0.6, 'TY(D)': 360.5, 'TY(O)': 304.1, 'Team': 'South Carolina'}, 'sagarin_away': {'fetched_at': '2025-11-24 22:25:42.757952+00:00', 'hfa': 3.43, 'page_stamp': 'COLLEGE FOOTBALL 2025 through results of 2025 NOVEMBER 22 SATURDAY - WEEK 13', 'pr': 58.41, 'pr_rank': 105, 'season': 2025, 'sos': 61.82, 'sos_rank': 96, 'source_url': 'http://sagarin.com/sports/cfsend.htm', 'team': 'Coastal Carolina', 'team_norm': 'Coastal Carolina', 'team_raw': 'Coastal Carolina', 'week': 13}, 'sagarin_home': {'fetched_at': '2025-11-24 22:25:42.757952+00:00', 'hfa': 3.43, 'page_stamp': 'COLLEGE FOOTBALL 2025 through results of 2025 NOVEMBER 22 SATURDAY - WEEK 13', 'pr': 81.64, 'pr_rank': 25, 'season': 2025, 'sos': 79.58, 'sos_rank': 4, 'source_url': 'http://sagarin.com/sports/cfsend.htm', 'team': 'South Carolina', 'team_norm': 'South Carolina', 'team_raw': 'South Carolina', 'week': 13}, 'schedule_row': {'away_team': 'Coastal Carolina', 'conference_game': False, 'home_team': 'South Carolina', 'id': 401752779, 'kickoff_iso_utc': '2025-11-22T21:15:00Z', 'season': 2025, 'venue': 'Williams-Brice Stadium', 'week': 13}}",2025,,401752779,,,,13
,32.2,84,122,15.8,49.64,127.0,234.3,143.8,74,63,152.2,161.2,62.7,89.0,3-7,Ul Monroe,UL Monroe,-0.9,78,123,386.5,305.0,,20251122_2200_ul_monroe_texas_state,3.43,,32.7,94,43,35.3,66.09,79.0,241.8,258.4,101,15,173.5,216.9,62.88,87.0,4-6,Texas State,Texas State,-0.5,104,15,415.3,475.3,,2025-11-22T22:00:00Z,,,,16.45,,,,"{'league_metrics_away': {'ATS': None, 'PA': 32.2, 'PF': 15.8, 'PY(D)': 234.3, 'PY(O)': 143.8, 'R(D)_PY': 84, 'R(D)_RY': 74, 'R(D)_TY': 78, 'R(O)_PY': 122, 'R(O)_RY': 63, 'R(O)_TY': 123, 'RY(D)': 152.2, 'RY(O)': 161.2, 'SU': '3-7', 'TO': -0.9, 'TY(D)': 386.5, 'TY(O)': 305.0, 'Team': 'Ul Monroe'}, 'league_metrics_home': {'ATS': None, 'PA': 32.7, 'PF': 35.3, 'PY(D)': 241.8, 'PY(O)': 258.4, 'R(D)_PY': 94, 'R(D)_RY': 101, 'R(D)_TY': 104, 'R(O)_PY': 43, 'R(O)_RY': 15, 'R(O)_TY': 15, 'RY(D)': 173.5, 'RY(O)': 216.9, 'SU': '4-6', 'TO': -0.5, 'TY(D)': 415.3, 'TY(O)': 475.3, 'Team': 'Texas State'}, 'sagarin_away': {'fetched_at': '2025-11-24 22:25:42.757952+00:00', 'hfa': 3.43, 'page_stamp': 'COLLEGE FOOTBALL 2025 through results of 2025 NOVEMBER 22 SATURDAY - WEEK 13', 'pr': 49.64, 'pr_rank': 127, 'season': 2025, 'sos': 62.7, 'sos_rank': 89, 'source_url': 'http://sagarin.com/sports/cfsend.htm', 'team': 'Louisianamonroe(ulm)', 'team_norm': 'Louisianamonroe(ulm)', 'team_raw': 'LouisianaMonroe(ULM)', 'week': 13}, 'sagarin_home': {'fetched_at': '2025-11-24 22:25:42.757952+00:00', 'hfa': 3.43, 'page_stamp': 'COLLEGE FOOTBALL 2025 through results of 2025 NOVEMBER 22 SATURDAY - WEEK 13', 'pr': 66.09, 'pr_rank': 79, 'season': 2025, 'sos': 62.88, 'sos_rank': 87, 'source_url': 'http://sagarin.com/sports/cfsend.htm', 'team': 'Texas State', 'team_norm': 'Texas State', 'team_raw': 'Texas State', 'week': 13}, 'schedule_row': {'away_team': 'UL Monroe', 'conference_game': True, 'home_team': 'Texas State', 'id': 401761659, 'kickoff_iso_utc': '2025-11-22T22:00:00Z', 'season': 2025, 'venue': 'Bobcat Stadium (TX)', 'week': 13}}",2025,,401761659,,,,13
,27.9,80,96,18.0,54.76,118.0,229.5,197.5,113,99,186.5,124.8,66.3,72.0,2-8,Colorado State,Colorado State,-0.1,105,110,416.0,322.3,,20251123_0000_colorado_state_boise_state,3.43,,23.3,5,71,29.6,72.25,56.0,152.7,229.1,96,38,170.2,183.3,63.07,83.0,6-4,Boise State,Boise State,0.2,27,50,322.9,412.4,,2025-11-23T00:00:00Z,,,,17.49,,,,"{'league_metrics_away': {'ATS': None, 'PA': 27.9, 'PF': 18.0, 'PY(D)': 229.5, 'PY(O)': 197.5, 'R(D)_PY': 80, 'R(D)_RY': 113, 'R(D)_TY': 105, 'R(O)_PY': 96, 'R(O)_RY': 99, 'R(O)_TY': 110, 'RY(D)': 186.5, 'RY(O)': 124.8, 'SU': '2-8', 'TO': -0.1, 'TY(D)': 416.0, 'TY(O)': 322.3, 'Team': 'Colorado State'}, 'league_metrics_home': {'ATS': None, 'PA': 23.3, 'PF': 29.6, 'PY(D)': 152.7, 'PY(O)': 229.1, 'R(D)_PY': 5, 'R(D)_RY': 96, 'R(D)_TY': 27, 'R(O)_PY': 71, 'R(O)_RY': 38, 'R(O)_TY': 50, 'RY(D)': 170.2, 'RY(O)': 183.3, 'SU': '6-4', 'TO': 0.2, 'TY(D)': 322.9, 'TY(O)': 412.4, 'Team': 'Boise State'}, 'sagarin_away': {'fetched_at': '2025-11-24 22:25:42.757952+00:00', 'hfa': 3.43, 'page_stamp': 'COLLEGE FOOTBALL 2025 through results of 2025 NOVEMBER 22 SATURDAY - WEEK 13', 'pr': 54.76, 'pr_rank': 118, 'season': 2025, 'sos': 66.3, 'sos_rank': 72, 'source_url': 'http://sagarin.com/sports/cfsend.htm', 'team': 'Colorado State', 'team_norm': 'Colorado State', 'team_raw': 'Colorado State', 'week': 13}, 'sagarin_home': {'fetched_at': '2025-11-24 22:25:42.757952+00:00', 'hfa': 3.43, 'page_stamp': 'COLLEGE FOOTBALL 2025 through results of 2025 NOVEMBER 22 SATURDAY - WEEK 13', 'pr': 72.25, 'pr_rank': 56, 'season': 2025, 'sos': 63.07, 'sos_rank': 83, 'source_url': 'http://sagarin.com/sports/cfsend.htm', 'team': 'Boise State', 'team_norm': 'Boise State', 'team_raw': 'Boise State', 'week': 13}, 'schedule_row': {'away_team': 'Colorado State', 'conference_game': True, 'home_team': 'Boise State', 'id': 401760416, 'kickoff_iso_utc': '2025-11-23T00:00:00Z', 'season': 2025, 'venue': 'Albertsons Stadium', 'week': 13}}",2025,,401760416,,,,13
,19.9,3,49,32.5,75.61,44.0,134.6,248.2,89,89,163.1,139.9,70.82,55.0,7-3,Nebraska,Nebraska,0.3,14,73,297.7,388.1,,20251123_0000_nebraska_penn_state,3.43,,21.1,11,108,30.4,87.07,12.0,167.7,178.9,70,67,149.5,159.9,73.76,31.0,4-6,Penn State,Penn State,0.2,22,105,317.2,338.8,,2025-11-23T00:00:00Z,,,,11.46,,,,"{'league_metrics_away': {'ATS': None, 'PA': 19.9, 'PF': 32.5, 'PY(D)': 134.6, 'PY(O)': 248.2, 'R(D)_PY': 3, 'R(D)_RY': 89, 'R(D)_TY': 14, 'R(O)_PY': 49, 'R(O)_RY': 89, 'R(O)_TY': 73, 'RY(D)': 163.1, 'RY(O)': 139.9, 'SU': '7-3', 'TO': 0.3, 'TY(D)': 297.7, 'TY(O)': 388.1, 'Team': 'Nebraska'}, 'league_metrics_home': {'ATS': None, 'PA': 21.1, 'PF': 30.4, 'PY(D)': 167.7, 'PY(O)': 178.9, 'R(D)_PY': 11, 'R(D)_RY': 70, 'R(D)_TY': 22, 'R(O)_PY': 108, 'R(O)_RY': 67, 'R(O)_TY': 105, 'RY(D)': 149.5, 'RY(O)': 159.9, 'SU': '4-6', 'TO': 0.2, 'TY(D)': 317.2, 'TY(O)': 338.8, 'Team': 'Penn State'}, 'sagarin_away': {'fetched_at': '2025-11-24 22:25:42.757952+00:00', 'hfa': 3.43, 'page_stamp': 'COLLEGE FOOTBALL 2025 through results of 2025 NOVEMBER 22 SATURDAY - WEEK 13', 'pr': 75.61, 'pr_rank': 44, 'season': 2025, 'sos': 70.82, 'sos_rank': 55, 'source_url': 'http://sagarin.com/sports/cfsend.htm', 'team': 'Nebraska', 'team_norm': 'Nebraska', 'team_raw': 'Nebraska', 'week': 13}, 'sagarin_home': {'fetched_at': '2025-11-24 22:25:42.757952+00:00', 'hfa': 3.43, 'page_stamp': 'COLLEGE FOOTBALL 2025 through results of 2025 NOVEMBER 22 SATURDAY - WEEK 13', 'pr': 87.07, 'pr_rank': 12, 'season': 2025, 'sos': 73.76, 'sos_rank': 31, 'source_url': 'http://sagarin.com/sports/cfsend.htm', 'team': 'Penn State', 'team_norm': 'Penn State', 'team_raw': 'Penn State', 'week': 13}, 'schedule_row': {'away_team': 'Nebraska', 'conference_game': True, 'home_team': 'Penn State', 'id': 401752908, 'kickoff_iso_utc': '2025-11-23T00:00:00Z', 'season': 2025, 'venue': 'Beaver Stadium', 'week': 13}}",2025,,401752908,,,,13
,25.0,109,65,29.2,64.5,85.0,262.6,234.2,17,75,106.8,151.2,62.25,91.0,7-3,New Mexico,New Mexico,-0.9,65,77,369.4,385.4,,20251123_0000_new_mexico_air_force,3.43,,32.3,124,117,31.3,58.56,102.0,274.8,158.7,100,3,173.1,271.2,62.93,86.0,3-7,Air Force,Air Force,0.0,124,33,447.9,429.9,,2025-11-23T00:00:00Z,,,,-5.94,,,,"{'league_metrics_away': {'ATS': None, 'PA': 25.0, 'PF': 29.2, 'PY(D)': 262.6, 'PY(O)': 234.2, 'R(D)_PY': 109, 'R(D)_RY': 17, 'R(D)_TY': 65, 'R(O)_PY': 65, 'R(O)_RY': 75, 'R(O)_TY': 77, 'RY(D)': 106.8, 'RY(O)': 151.2, 'SU': '7-3', 'TO': -0.9, 'TY(D)': 369.4, 'TY(O)': 385.4, 'Team': 'New Mexico'}, 'league_metrics_home': {'ATS': None, 'PA': 32.3, 'PF': 31.3, 'PY(D)': 274.8, 'PY(O)': 158.7, 'R(D)_PY': 124, 'R(D)_RY': 100, 'R(D)_TY': 124, 'R(O)_PY': 117, 'R(O)_RY': 3, 'R(O)_TY': 33, 'RY(D)': 173.1, 'RY(O)': 271.2, 'SU': '3-7', 'TO': 0.0, 'TY(D)': 447.9, 'TY(O)': 429.9, 'Team': 'Air Force'}, 'sagarin_away': {'fetched_at': '2025-11-24 22:25:42.757952+00:00', 'hfa': 3.43, 'page_stamp': 'COLLEGE FOOTBALL 2025 through results of 2025 NOVEMBER 22 SATURDAY - WEEK 13', 'pr': 64.5, 'pr_rank': 85, 'season': 2025, 'sos': 62.25, 'sos_rank': 91, 'source_url': 'http://sagarin.com/sports/cfsend.htm', 'team': 'New Mexico', 'team_norm': 'New Mexico', 'team_raw': 'New Mexico', 'week': 13}, 'sagarin_home': {'fetched_at': '2025-11-24 22:25:42.757952+00:00', 'hfa': 3.43, 'page_stamp': 'COLLEGE FOOTBALL 2025 through results of 2025 NOVEMBER 22 SATURDAY - WEEK 13', 'pr': 58.56, 'pr_rank': 102, 'season': 2025, 'sos': 62.93, 'sos_rank': 86, 'source_url': 'http://sagarin.com/sports/cfsend.htm', 'team': 'Air Force', 'team_norm': 'Air Force', 'team_raw': 'Air Force', 'week': 13}, 'schedule_row': {'away_team': 'New Mexico', 'conference_game': True, 'home_team': 'Air Force', 'id': 401760415, 'kickoff_iso_utc': '2025-11-23T00:00:00Z', 'season': 2025, 'venue': 'Falcon Stadium', 'week': 13}}",2025,,401760415,,,,13
,23.3,85,17,37.2,81.26,27.0,234.9,287.5,8,109,90.4,119.4,70.45,56.0,7-3,Pittsburgh,Pittsburgh,0.0,30,56,325.3,406.9,,20251123_0000_pittsburgh_georgia_tech,3.43,,24.2,97,28,36.0,76.42,41.0,243.2,272.1,92,11,166.4,224.8,68.67,63.0,9-1,Georgia Tech,Georgia Tech,-0.4,98,5,409.6,496.9,,2025-11-23T00:00:00Z,,,,-4.84,,,,"{'league_metrics_away': {'ATS': None, 'PA': 23.3, 'PF': 37.2, 'PY(D)': 234.9, 'PY(O)': 287.5, 'R(D)_PY': 85, 'R(D)_RY': 8, 'R(D)_TY': 30, 'R(O)_PY': 17, 'R(O)_RY': 109, 'R(O)_TY': 56, 'RY(D)': 90.4, 'RY(O)': 119.4, 'SU': '7-3', 'TO': 0.0, 'TY(D)': 325.3, 'TY(O)': 406.9, 'Team': 'Pittsburgh'}, 'league_metrics_home': {'ATS': None, 'PA': 24.2, 'PF': 36.0, 'PY(D)': 243.2, 'PY(O)': 272.1, 'R(D)_PY': 97, 'R(D)_RY': 92, 'R(D)_TY': 98, 'R(O)_PY': 28, 'R(O)_RY': 11, 'R(O)_TY': 5, 'RY(D)': 166.4, 'RY(O)': 224.8, 'SU': '9-1', 'TO': -0.4, 'TY(D)': 409.6, 'TY(O)': 496.9, 'Team': 'Georgia Tech'}, 'sagarin_away': {'fetched_at': '2025-11-24 22:25:42.757952+00:00', 'hfa': 3.43, 'page_stamp': 'COLLEGE FOOTBALL 2025 through results of 2025 NOVEMBER 22 SATURDAY - WEEK 13', 'pr': 81.26, 'pr_rank': 27, 'season': 2025, 'sos': 70.45, 'sos_rank': 56, 'source_url': 'http://sagarin.com/sports/cfsend.htm', 'team': 'Pittsburgh', 'team_norm': 'Pittsburgh', 'team_raw': 'Pittsburgh', 'week': 13}, 'sagarin_home': {'fetched_at': '2025-11-24 22:25:42.757952+00:00', 'hfa': 3.43, 'page_stamp': 'COLLEGE FOOTBALL 2025 through results of 2025 NOVEMBER 22 SATURDAY - WEEK 13', 'pr': 76.42, 'pr_rank': 41, 'season': 2025, 'sos': 68.67, 'sos_rank': 63, 'source_url': 'http://sagarin.com/sports/cfsend.htm', 'team': 'Georgia Tech', 'team_norm': 'Georgia Tech', 'team_raw': 'Georgia Tech', 'week': 13}, 'schedule_row': {'away_team': 'Pittsburgh', 'conference_game': True, 'home_team': 'Georgia Tech', 'id': 401754601, 'kickoff_iso_utc': '2025-11-23T00:00:00Z', 'season': 2025, 'venue': 'Bobby Dodd Stadium', 'week': 13}}",2025,,401754601,,,,13
,25.2,41,38,25.0,66.18,77.0,199.5,262.7,81,130,155.6,79.5,68.21,64.0,6-4,California,California,0.0,51,102,355.1,342.2,AWAY,20251123_0030_california_stanford,3.43,,29.1,127,68,17.5,67.61,72.0,284.5,231.5,32,131,123.8,78.1,74.22,26.0,3-7,Stanford,Stanford,-0.6,97,116,408.3,309.6,False,2025-11-23T00:30:00Z,-250.0,195.0,williamhill_us,1.43,,,,"{'league_metrics_away': {'ATS': None, 'PA': 25.2, 'PF': 25.0, 'PY(D)': 199.5, 'PY(O)': 262.7, 'R(D)_PY': 41, 'R(D)_RY': 81, 'R(D)_TY': 51, 'R(O)_PY': 38, 'R(O)_RY': 130, 'R(O)_TY': 102, 'RY(D)': 155.6, 'RY(O)': 79.5, 'SU': '6-4', 'TO': 0.0, 'TY(D)': 355.1, 'TY(O)': 342.2, 'Team': 'California'}, 'league_metrics_home': {'ATS': None, 'PA': 29.1, 'PF': 17.5, 'PY(D)': 284.5, 'PY(O)': 231.5, 'R(D)_PY': 127, 'R(D)_RY': 32, 'R(D)_TY': 97, 'R(O)_PY': 68, 'R(O)_RY': 131, 'R(O)_TY': 116, 'RY(D)': 123.8, 'RY(O)': 78.1, 'SU': '3-7', 'TO': -0.6, 'TY(D)': 408.3, 'TY(O)': 309.6, 'Team': 'Stanford'}, 'sagarin_away': {'fetched_at': '2025-11-24 22:25:42.757952+00:00', 'hfa': 3.43, 'page_stamp': 'COLLEGE FOOTBALL 2025 through results of 2025 NOVEMBER 22 SATURDAY - WEEK 13', 'pr': 66.18, 'pr_rank': 77, 'season': 2025, 'sos': 68.21, 'sos_rank': 64, 'source_url': 'http://sagarin.com/sports/cfsend.htm', 'team': 'California', 'team_norm': 'California', 'team_raw': 'California', 'week': 13}, 'sagarin_home': {'fetched_at': '2025-11-24 22:25:42.757952+00:00', 'hfa': 3.43, 'page_stamp': 'COLLEGE FOOTBALL 2025 through results of 2025 NOVEMBER 22 SATURDAY - WEEK 13', 'pr': 67.61, 'pr_rank': 72, 'season': 2025, 'sos': 74.22, 'sos_rank': 26, 'source_url': 'http://sagarin.com/sports/cfsend.htm', 'team': 'Stanford', 'team_norm': 'Stanford', 'team_raw': 'Stanford', 'week': 13}, 'schedule_row': {'away_team': 'California', 'conference_game': True, 'home_team': 'Stanford', 'id': 401754599, 'kickoff_iso_utc': '2025-11-23T00:30:00Z', 'season': 2025, 'venue': 'Stanford Stadium', 'week': 13}, 'odds_row': {'source': 'staging', 'season': 2025, 'week': 13, 'markets': {'spreads': {'book': 'williamhill_us', 'fetch_ts': '2025-11-23T01:56:48Z', 'line': {'spread_home_relative': 4.5, 'favored_side': 'AWAY', 'spread_favored_team': -4.5, 'home_price': -115, 'away_price': -115, 'raw_outcomes': [{'name': 'California Golden Bears', 'token': 'california', 'price': -115, 'point': -4.5}, {'name': 'Stanford Cardinal', 'token': 'stanford', 'price': -115, 'point': 4.5}]}}, 'totals': {'book': 'williamhill_us', 'fetch_ts': '2025-11-23T01:56:48Z', 'line': {'total_points': 44.5, 'over_price': -115, 'under_price': -115, 'raw_outcomes': [{'name': 'Over', 'token': 'over', 'price': -115, 'point': 44.5}, {'name': 'Under', 'token': 'under', 'price': -115, 'point': 44.5}]}}, 'h2h': {'book': 'williamhill_us', 'fetch_ts': '2025-11-23T01:56:48Z', 'line': {'moneyline_home': 195, 'moneyline_away': -250, 'raw_outcomes': [{'name': 'California Golden Bears', 'token': 'california', 'price': -250, 'point': None}, {'name': 'Stanford Cardinal', 'token': 'stanford', 'price': 195, 'point': None}]}}}}}",2025,2025-11-23T01:56:48Z,401754599,-4.5,4.5,44.5,13
,23.9,101,53,32.2,78.13,30.0,246.3,245.7,28,88,119.3,140.5,74.8,22.0,7-3,Illinois,Illinois,0.1,62,75,365.6,386.2,AWAY,20251123_0030_illinois_wisconsin,3.43,,23.2,77,124,12.0,75.25,45.0,228.1,136.3,19,112,108.6,112.5,81.09,2.0,3-7,Wisconsin,Wisconsin,-0.7,39,132,336.7,248.8,False,2025-11-23T00:30:00Z,-195.0,150.0,williamhill_us,-2.88,,,,"{'league_metrics_away': {'ATS': None, 'PA': 23.9, 'PF': 32.2, 'PY(D)': 246.3, 'PY(O)': 245.7, 'R(D)_PY': 101, 'R(D)_RY': 28, 'R(D)_TY': 62, 'R(O)_PY': 53, 'R(O)_RY': 88, 'R(O)_TY': 75, 'RY(D)': 119.3, 'RY(O)': 140.5, 'SU': '7-3', 'TO': 0.1, 'TY(D)': 365.6, 'TY(O)': 386.2, 'Team': 'Illinois'}, 'league_metrics_home': {'ATS': None, 'PA': 23.2, 'PF': 12.0, 'PY(D)': 228.1, 'PY(O)': 136.3, 'R(D)_PY': 77, 'R(D)_RY': 19, 'R(D)_TY': 39, 'R(O)_PY': 124, 'R(O)_RY': 112, 'R(O)_TY': 132, 'RY(D)': 108.6, 'RY(O)': 112.5, 'SU': '3-7', 'TO': -0.7, 'TY(D)': 336.7, 'TY(O)': 248.8, 'Team': 'Wisconsin'}, 'sagarin_away': {'fetched_at': '2025-11-24 22:25:42.757952+00:00', 'hfa': 3.43, 'page_stamp': 'COLLEGE FOOTBALL 2025 through results of 2025 NOVEMBER 22 SATURDAY - WEEK 13', 'pr': 78.13, 'pr_rank': 30, 'season': 2025, 'sos': 74.8, 'sos_rank': 22, 'source_url': 'http://sagarin.com/sports/cfsend.htm', 'team': 'Illinois', 'team_norm': 'Illinois', 'team_raw': 'Illinois', 'week': 13}, 'sagarin_home': {'fetched_at': '2025-11-24 22:25:42.757952+00:00', 'hfa': 3.43, 'page_stamp': 'COLLEGE FOOTBALL 2025 through results of 2025 NOVEMBER 22 SATURDAY - WEEK 13', 'pr': 75.25, 'pr_rank': 45, 'season': 2025, 'sos': 81.09, 'sos_rank': 2, 'source_url': 'http://sagarin.com/sports/cfsend.htm', 'team': 'Wisconsin', 'team_norm': 'Wisconsin', 'team_raw': 'Wisconsin', 'week': 13}, 'schedule_row': {'away_team': 'Illinois', 'conference_game': True, 'home_team': 'Wisconsin', 'id': 401752915, 'kickoff_iso_utc': '2025-11-23T00:30:00Z', 'season': 2025, 'venue': 'Camp Randall Stadium', 'week': 13}, 'odds_row': {'source': 'staging', 'season': 2025, 'week': 13, 'markets': {'spreads': {'book': 'williamhill_us', 'fetch_ts': '2025-11-23T01:56:48Z', 'line': {'spread_home_relative': 2.5, 'favored_side': 'AWAY', 'spread_favored_team': -2.5, 'home_price': 105, 'away_price': -137, 'raw_outcomes': [{'name': 'Illinois Fighting Illini', 'token': 'illinois', 'price': -137, 'point': -2.5}, {'name': 'Wisconsin Badgers', 'token': 'wisconsin', 'price': 105, 'point': 2.5}]}}, 'totals': {'book': 'williamhill_us', 'fetch_ts': '2025-11-23T01:56:48Z', 'line': {'total_points': 37.5, 'over_price': -110, 'under_price': -120, 'raw_outcomes': [{'name': 'Over', 'token': 'over', 'price': -110, 'point': 37.5}, {'name': 'Under', 'token': 'under', 'price': -120, 'point': 37.5}]}}, 'h2h': {'book': 'williamhill_us', 'fetch_ts': '2025-11-23T01:56:48Z', 'line': {'moneyline_home': 150, 'moneyline_away': -195, 'raw_outcomes': [{'name': 'Illinois Fighting Illini', 'token': 'illinois', 'price': -195, 'point': None}, {'name': 'Wisconsin Badgers', 'token': 'wisconsin', 'price': 150, 'point': None}]}}}}}",2025,2025-11-23T01:56:48Z,401752915,-2.5,2.5,37.5,13
,24.1,16,10,45.3,76.02,42.0,173.1,306.3,125,39,202.9,181.9,61.37,104.0,9-1,North Texas,North Texas,1.4,74,9,376.0,488.2,,20251123_0030_north_texas_rice,3.43,,27.9,61,128,21.1,53.19,121.0,217.6,97.0,58,18,144.7,211.1,62.97,84.0,5-5,Rice,Rice,-0.1,58,118,362.3,308.1,,2025-11-23T00:30:00Z,,,,-22.83,,,,"{'league_metrics_away': {'ATS': None, 'PA': 24.1, 'PF': 45.3, 'PY(D)': 173.1, 'PY(O)': 306.3, 'R(D)_PY': 16, 'R(D)_RY': 125, 'R(D)_TY': 74, 'R(O)_PY': 10, 'R(O)_RY': 39, 'R(O)_TY': 9, 'RY(D)': 202.9, 'RY(O)': 181.9, 'SU': '9-1', 'TO': 1.4, 'TY(D)': 376.0, 'TY(O)': 488.2, 'Team': 'North Texas'}, 'league_metrics_home': {'ATS': None, 'PA': 27.9, 'PF': 21.1, 'PY(D)': 217.6, 'PY(O)': 97.0, 'R(D)_PY': 61, 'R(D)_RY': 58, 'R(D)_TY': 58, 'R(O)_PY': 128, 'R(O)_RY': 18, 'R(O)_TY': 118, 'RY(D)': 144.7, 'RY(O)': 211.1, 'SU': '5-5', 'TO': -0.1, 'TY(D)': 362.3, 'TY(O)': 308.1, 'Team': 'Rice'}, 'sagarin_away': {'fetched_at': '2025-11-24 22:25:42.757952+00:00', 'hfa': 3.43, 'page_stamp': 'COLLEGE FOOTBALL 2025 through results of 2025 NOVEMBER 22 SATURDAY - WEEK 13', 'pr': 76.02, 'pr_rank': 42, 'season': 2025, 'sos': 61.37, 'sos_rank': 104, 'source_url': 'http://sagarin.com/sports/cfsend.htm', 'team': 'North Texas', 'team_norm': 'North Texas', 'team_raw': 'North Texas', 'week': 13}, 'sagarin_home': {'fetched_at': '2025-11-24 22:25:42.757952+00:00', 'hfa': 3.43, 'page_stamp': 'COLLEGE FOOTBALL 2025 through results of 2025 NOVEMBER 22 SATURDAY - WEEK 13', 'pr': 53.19, 'pr_rank': 121, 'season': 2025, 'sos': 62.97, 'sos_rank': 84, 'source_url': 'http://sagarin.com/sports/cfsend.htm', 'team': 'Rice', 'team_norm': 'Rice', 'team_raw': 'Rice', 'week': 13}, 'schedule_row': {'away_team': 'North Texas', 'conference_game': True, 'home_team': 'Rice', 'id': 401762514, 'kickoff_iso_utc': '2025-11-23T00:30:00Z', 'season': 2025, 'venue': 'Rice Stadium', 'week': 13}}",2025,,401762514,,,,13
,28.9,107,4,43.4,85.15,17.0,260.7,318.3,41,42,129.7,180.2,72.73,41.0,7-3,Tennessee,Tennessee,0.4,82,4,390.4,498.5,AWAY,20251123_0030_tennessee_florida,3.43,,23.6,69,79,20.8,76.77,38.0,223.1,217.1,57,104,144.3,122.4,82.14,1.0,3-7,Florida,Florida,-0.2,63,104,367.4,339.5,False,2025-11-23T00:30:00Z,-3333.0,1100.0,williamhill_us,-8.38,,,,"{'league_metrics_away': {'ATS': None, 'PA': 28.9, 'PF': 43.4, 'PY(D)': 260.7, 'PY(O)': 318.3, 'R(D)_PY': 107, 'R(D)_RY': 41, 'R(D)_TY': 82, 'R(O)_PY': 4, 'R(O)_RY': 42, 'R(O)_TY': 4, 'RY(D)': 129.7, 'RY(O)': 180.2, 'SU': '7-3', 'TO': 0.4, 'TY(D)': 390.4, 'TY(O)': 498.5, 'Team': 'Tennessee'}, 'league_metrics_home': {'ATS': None, 'PA': 23.6, 'PF': 20.8, 'PY(D)': 223.1, 'PY(O)': 217.1, 'R(D)_PY': 69, 'R(D)_RY': 57, 'R(D)_TY': 63, 'R(O)_PY': 79, 'R(O)_RY': 104, 'R(O)_TY': 104, 'RY(D)': 144.3, 'RY(O)': 122.4, 'SU': '3-7', 'TO': -0.2, 'TY(D)': 367.4, 'TY(O)': 339.5, 'Team': 'Florida'}, 'sagarin_away': {'fetched_at': '2025-11-24 22:25:42.757952+00:00', 'hfa': 3.43, 'page_stamp': 'COLLEGE FOOTBALL 2025 through results of 2025 NOVEMBER 22 SATURDAY - WEEK 13', 'pr': 85.15, 'pr_rank': 17, 'season': 2025, 'sos': 72.73, 'sos_rank': 41, 'source_url': 'http://sagarin.com/sports/cfsend.htm', 'team': 'Tennessee', 'team_norm': 'Tennessee', 'team_raw': 'Tennessee', 'week': 13}, 'sagarin_home': {'fetched_at': '2025-11-24 22:25:42.757952+00:00', 'hfa': 3.43, 'page_stamp': 'COLLEGE FOOTBALL 2025 through results of 2025 NOVEMBER 22 SATURDAY - WEEK 13', 'pr': 76.77, 'pr_rank': 38, 'season': 2025, 'sos': 82.14, 'sos_rank': 1, 'source_url': 'http://sagarin.com/sports/cfsend.htm', 'team': 'Florida', 'team_norm': 'Florida', 'team_raw': 'Florida', 'week': 13}, 'schedule_row': {'away_team': 'Tennessee', 'conference_game': True, 'home_team': 'Florida', 'id': 401752775, 'kickoff_iso_utc': '2025-11-23T00:30:00Z', 'season': 2025, 'venue': 'Ben Hill Griffin Stadium', 'week': 13}, 'odds_row': {'source': 'staging', 'season': 2025, 'week': 13, 'markets': {'spreads': {'book': 'williamhill_us', 'fetch_ts': '2025-11-23T01:56:48Z', 'line': {'spread_home_relative': 27.5, 'favored_side': 'AWAY', 'spread_favored_team': -27.5, 'home_price': -122, 'away_price': -106, 'raw_outcomes': [{'name': 'Florida Gators', 'token': 'florida', 'price': -122, 'point': 27.5}, {'name': 'Tennessee Volunteers', 'token': 'tennessee', 'price': -106, 'point': -27.5}]}}, 'totals': {'book': 'williamhill_us', 'fetch_ts': '2025-11-23T01:56:48Z', 'line': {'total_points': 64.5, 'over_price': -120, 'under_price': -110, 'raw_outcomes': [{'name': 'Over', 'token': 'over', 'price': -120, 'point': 64.5}, {'name': 'Under', 'token': 'under', 'price': -110, 'point': 64.5}]}}, 'h2h': {'book': 'mybookieag', 'fetch_ts': '2025-11-23T01:56:48Z', 'line': {'moneyline_home': 1100, 'moneyline_away': -3333, 'raw_outcomes': [{'name': 'Florida Gators', 'token': 'florida', 'price': 1100, 'point': None}, {'name': 'Tennessee Volunteers', 'token': 'tennessee', 'price': -3333, 'point': None}]}}}}}",2025,2025-11-23T01:56:48Z,401752775,-27.5,27.5,64.5,13
,23.1,70,14,31.3,63.55,90.0,223.7,296.1,104,92,175.1,136.9,55.5,139.0,8-2,Western Kentucky,Western Kentucky,-0.4,88,30,398.8,433.0,,20251123_0045_western_kentucky_lsu,3.43,,19.3,39,60,23.6,81.53,26.0,198.2,240.2,44,122,131.4,107.4,77.18,11.0,6-4,Lsu,LSU,0.6,34,96,329.6,347.4,,2025-11-23T00:45:00Z,,,,17.98,,,,"{'league_metrics_away': {'ATS': None, 'PA': 23.1, 'PF': 31.3, 'PY(D)': 223.7, 'PY(O)': 296.1, 'R(D)_PY': 70, 'R(D)_RY': 104, 'R(D)_TY': 88, 'R(O)_PY': 14, 'R(O)_RY': 92, 'R(O)_TY': 30, 'RY(D)': 175.1, 'RY(O)': 136.9, 'SU': '8-2', 'TO': -0.4, 'TY(D)': 398.8, 'TY(O)': 433.0, 'Team': 'Western Kentucky'}, 'league_metrics_home': {'ATS': None, 'PA': 19.3, 'PF': 23.6, 'PY(D)': 198.2, 'PY(O)': 240.2, 'R(D)_PY': 39, 'R(D)_RY': 44, 'R(D)_TY': 34, 'R(O)_PY': 60, 'R(O)_RY': 122, 'R(O)_TY': 96, 'RY(D)': 131.4, 'RY(O)': 107.4, 'SU': '6-4', 'TO': 0.6, 'TY(D)': 329.6, 'TY(O)': 347.4, 'Team': 'Lsu'}, 'sagarin_away': {'fetched_at': '2025-11-24 22:25:42.757952+00:00', 'hfa': 3.43, 'page_stamp': 'COLLEGE FOOTBALL 2025 through results of 2025 NOVEMBER 22 SATURDAY - WEEK 13', 'pr': 63.55, 'pr_rank': 90, 'season': 2025, 'sos': 55.5, 'sos_rank': 139, 'source_url': 'http://sagarin.com/sports/cfsend.htm', 'team': 'Western Kentucky', 'team_norm': 'Western Kentucky', 'team_raw': 'Western Kentucky', 'week': 13}, 'sagarin_home': {'fetched_at': '2025-11-24 22:25:42.757952+00:00', 'hfa': 3.43, 'page_stamp': 'COLLEGE FOOTBALL 2025 through results of 2025 NOVEMBER 22 SATURDAY - WEEK 13', 'pr': 81.53, 'pr_rank': 26, 'season': 2025, 'sos': 77.18, 'sos_rank': 11, 'source_url': 'http://sagarin.com/sports/cfsend.htm', 'team': 'Lsu', 'team_norm': 'Lsu', 'team_raw': 'LSU', 'week': 13}, 'schedule_row': {'away_team': 'Western Kentucky', 'conference_game': False, 'home_team': 'LSU', 'id': 401752777, 'kickoff_iso_utc': '2025-11-23T00:45:00Z', 'season': 2025, 'venue': 'Tiger Stadium (LA)', 'week': 13}}",2025,,401752777,,,,13
,23.6,74,77,24.7,77.66,34.0,225.7,219.4,27,40,118.2,180.9,72.22,43.0,7-3,Arizona State,Arizona State,0.3,44,62,343.9,400.3,,20251123_0100_arizona_state_colorado,3.43,,30.0,49,87,22.0,64.13,89.0,209.8,209.6,129,101,212.0,123.4,73.04,37.0,3-7,Colorado,Colorado,-0.4,111,107,421.8,333.0,,2025-11-23T01:00:00Z,,,,-13.53,,,,"{'league_metrics_away': {'ATS': None, 'PA': 23.6, 'PF': 24.7, 'PY(D)': 225.7, 'PY(O)': 219.4, 'R(D)_PY': 74, 'R(D)_RY': 27, 'R(D)_TY': 44, 'R(O)_PY': 77, 'R(O)_RY': 40, 'R(O)_TY': 62, 'RY(D)': 118.2, 'RY(O)': 180.9, 'SU': '7-3', 'TO': 0.3, 'TY(D)': 343.9, 'TY(O)': 400.3, 'Team': 'Arizona State'}, 'league_metrics_home': {'ATS': None, 'PA': 30.0, 'PF': 22.0, 'PY(D)': 209.8, 'PY(O)': 209.6, 'R(D)_PY': 49, 'R(D)_RY': 129, 'R(D)_TY': 111, 'R(O)_PY': 87, 'R(O)_RY': 101, 'R(O)_TY': 107, 'RY(D)': 212.0, 'RY(O)': 123.4, 'SU': '3-7', 'TO': -0.4, 'TY(D)': 421.8, 'TY(O)': 333.0, 'Team': 'Colorado'}, 'sagarin_away': {'fetched_at': '2025-11-24 22:25:42.757952+00:00', 'hfa': 3.43, 'page_stamp': 'COLLEGE FOOTBALL 2025 through results of 2025 NOVEMBER 22 SATURDAY - WEEK 13', 'pr': 77.66, 'pr_rank': 34, 'season': 2025, 'sos': 72.22, 'sos_rank': 43, 'source_url': 'http://sagarin.com/sports/cfsend.htm', 'team': 'Arizona State', 'team_norm': 'Arizona State', 'team_raw': 'Arizona State', 'week': 13}, 'sagarin_home': {'fetched_at': '2025-11-24 22:25:42.757952+00:00', 'hfa': 3.43, 'page_stamp': 'COLLEGE FOOTBALL 2025 through results of 2025 NOVEMBER 22 SATURDAY - WEEK 13', 'pr': 64.13, 'pr_rank': 89, 'season': 2025, 'sos': 73.04, 'sos_rank': 37, 'source_url': 'http://sagarin.com/sports/cfsend.htm', 'team': 'Colorado', 'team_norm': 'Colorado', 'team_raw': 'Colorado', 'week': 13}, 'schedule_row': {'away_team': 'Arizona State', 'conference_game': True, 'home_team': 'Colorado', 'id': 401756956, 'kickoff_iso_utc': '2025-11-23T01:00:00Z', 'season': 2025, 'venue': 'Folsom Field', 'week': 13}}",2025,,401756956,,,,13
,17.8,33,76,34.1,83.53,20.0,191.3,221.8,42,26,130.2,196.2,73.11,36.0,9-1,Byu,BYU,0.8,25,43,321.5,418.0,AWAY,20251123_0100_byu_cincinnati,3.43,,22.7,82,69,34.4,74.45,47.0,232.4,231.3,84,25,157.9,196.3,68.72,62.0,7-3,Cincinnati,Cincinnati,0.0,81,36,390.3,427.6,False,2025-11-23T01:00:00Z,-180.0,130.0,williamhill_us,-9.08,,,,"{'league_metrics_away': {'ATS': None, 'PA': 17.8, 'PF': 34.1, 'PY(D)': 191.3, 'PY(O)': 221.8, 'R(D)_PY': 33, 'R(D)_RY': 42, 'R(D)_TY': 25, 'R(O)_PY': 76, 'R(O)_RY': 26, 'R(O)_TY': 43, 'RY(D)': 130.2, 'RY(O)': 196.2, 'SU': '9-1', 'TO': 0.8, 'TY(D)': 321.5, 'TY(O)': 418.0, 'Team': 'Byu'}, 'league_metrics_home': {'ATS': None, 'PA': 22.7, 'PF': 34.4, 'PY(D)': 232.4, 'PY(O)': 231.3, 'R(D)_PY': 82, 'R(D)_RY': 84, 'R(D)_TY': 81, 'R(O)_PY': 69, 'R(O)_RY': 25, 'R(O)_TY': 36, 'RY(D)': 157.9, 'RY(O)': 196.3, 'SU': '7-3', 'TO': 0.0, 'TY(D)': 390.3, 'TY(O)': 427.6, 'Team': 'Cincinnati'}, 'sagarin_away': {'fetched_at': '2025-11-24 22:25:42.757952+00:00', 'hfa': 3.43, 'page_stamp': 'COLLEGE FOOTBALL 2025 through results of 2025 NOVEMBER 22 SATURDAY - WEEK 13', 'pr': 83.53, 'pr_rank': 20, 'season': 2025, 'sos': 73.11, 'sos_rank': 36, 'source_url': 'http://sagarin.com/sports/cfsend.htm', 'team': 'Byu', 'team_norm': 'Byu', 'team_raw': 'BYU', 'week': 13}, 'sagarin_home': {'fetched_at': '2025-11-24 22:25:42.757952+00:00', 'hfa': 3.43, 'page_stamp': 'COLLEGE FOOTBALL 2025 through results of 2025 NOVEMBER 22 SATURDAY - WEEK 13', 'pr': 74.45, 'pr_rank': 47, 'season': 2025, 'sos': 68.72, 'sos_rank': 62, 'source_url': 'http://sagarin.com/sports/cfsend.htm', 'team': 'Cincinnati', 'team_norm': 'Cincinnati', 'team_raw': 'Cincinnati', 'week': 13}, 'schedule_row': {'away_team': 'BYU', 'conference_game': True, 'home_team': 'Cincinnati', 'id': 401756955, 'kickoff_iso_utc': '2025-11-23T01:00:00Z', 'season': 2025, 'venue': 'Nippert Stadium', 'week': 13}, 'odds_row': {'source': 'staging', 'season': 2025, 'week': 13, 'markets': {'spreads': {'book': 'williamhill_us', 'fetch_ts': '2025-11-23T01:56:48Z', 'line': {'spread_home_relative': 3.5, 'favored_side': 'AWAY', 'spread_favored_team': -3.5, 'home_price': -120, 'away_price': -110, 'raw_outcomes': [{'name': 'BYU Cougars', 'token': 'byu', 'price': -110, 'point': -3.5}, {'name': 'Cincinnati Bearcats', 'token': 'cincinnati', 'price': -120, 'point': 3.5}]}}, 'totals': {'book': 'williamhill_us', 'fetch_ts': '2025-11-23T01:56:48Z', 'line': {'total_points': 49.5, 'over_price': -115, 'under_price': -115, 'raw_outcomes': [{'name': 'Over', 'token': 'over', 'price': -115, 'point': 49.5}, {'name': 'Under', 'token': 'under', 'price': -115, 'point': 49.5}]}}, 'h2h': {'book': 'williamhill_us', 'fetch_ts': '2025-11-23T01:56:48Z', 'line': {'moneyline_home': 130, 'moneyline_away': -180, 'raw_outcomes': [{'name': 'BYU Cougars', 'token': 'byu', 'price': -180, 'point': None}, {'name': 'Cincinnati Bearcats', 'token': 'cincinnati', 'price': 130, 'point': None}]}}}}}",2025,2025-11-23T01:56:48Z,401756955,-3.5,3.5,49.5,13
,32.4,121,7,24.0,55.42,116.0,272.4,314.9,68,108,148.0,119.5,63.33,80.0,3-7,San José State,San José State,-0.9,109,28,420.4,434.4,,20251123_0330_san_jos_state_san_diego_state,3.43,,12.5,8,115,25.4,69.02,67.0,160.5,160.4,14,33,102.6,190.0,59.91,114.0,8-2,San Diego State,San Diego State,0.3,5,94,263.1,349.3,,2025-11-23T03:30:00Z,,,,13.6,,,,"{'league_metrics_away': {'ATS': None, 'PA': 32.4, 'PF': 24.0, 'PY(D)': 272.4, 'PY(O)': 314.9, 'R(D)_PY': 121, 'R(D)_RY': 68, 'R(D)_TY': 109, 'R(O)_PY': 7, 'R(O)_RY': 108, 'R(O)_TY': 28, 'RY(D)': 148.0, 'RY(O)': 119.5, 'SU': '3-7', 'TO': -0.9, 'TY(D)': 420.4, 'TY(O)': 434.4, 'Team': 'San José State'}, 'league_metrics_home': {'ATS': None, 'PA': 12.5, 'PF': 25.4, 'PY(D)': 160.5, 'PY(O)': 160.4, 'R(D)_PY': 8, 'R(D)_RY': 14, 'R(D)_TY': 5, 'R(O)_PY': 115, 'R(O)_RY': 33, 'R(O)_TY': 94, 'RY(D)': 102.6, 'RY(O)': 190.0, 'SU': '8-2', 'TO': 0.3, 'TY(D)': 263.1, 'TY(O)': 349.3, 'Team': 'San Diego State'}, 'sagarin_away': {'fetched_at': '2025-11-24 22:25:42.757952+00:00', 'hfa': 3.43, 'page_stamp': 'COLLEGE FOOTBALL 2025 through results of 2025 NOVEMBER 22 SATURDAY - WEEK 13', 'pr': 55.42, 'pr_rank': 116, 'season': 2025, 'sos': 63.33, 'sos_rank': 80, 'source_url': 'http://sagarin.com/sports/cfsend.htm', 'team': 'San Jose State', 'team_norm': 'San Jose State', 'team_raw': 'San Jose State', 'week': 13}, 'sagarin_home': {'fetched_at': '2025-11-24 22:25:42.757952+00:00', 'hfa': 3.43, 'page_stamp': 'COLLEGE FOOTBALL 2025 through results of 2025 NOVEMBER 22 SATURDAY - WEEK 13', 'pr': 69.02, 'pr_rank': 67, 'season': 2025, 'sos': 59.91, 'sos_rank': 114, 'source_url': 'http://sagarin.com/sports/cfsend.htm', 'team': 'San Diego State', 'team_norm': 'San Diego State', 'team_raw': 'San Diego State', 'week': 13}, 'schedule_row': {'away_team': 'San José State', 'conference_game': True, 'home_team': 'San Diego State', 'id': 401760420, 'kickoff_iso_utc': '2025-11-23T03:30:00Z', 'season': 2025, 'venue': 'Snapdragon Stadium', 'week': 13}}",2025,,401760420,,,,13
,29.7,102,33,32.9,65.34,80.0,246.4,265.6,105,64,175.8,161.0,63.31,81.0,5-5,Utah State,Utah State,0.5,112,38,422.2,426.6,,20251123_0330_utah_state_fresno_state,3.43,,19.9,10,102,25.9,63.42,91.0,163.6,184.0,37,65,127.8,160.5,60.16,112.0,7-3,Fresno State,Fresno State,0.0,11,100,291.4,344.5,,2025-11-23T03:30:00Z,,,,-1.92,,,,"{'league_metrics_away': {'ATS': None, 'PA': 29.7, 'PF': 32.9, 'PY(D)': 246.4, 'PY(O)': 265.6, 'R(D)_PY': 102, 'R(D)_RY': 105, 'R(D)_TY': 112, 'R(O)_PY': 33, 'R(O)_RY': 64, 'R(O)_TY': 38, 'RY(D)': 175.8, 'RY(O)': 161.0, 'SU': '5-5', 'TO': 0.5, 'TY(D)': 422.2, 'TY(O)': 426.6, 'Team': 'Utah State'}, 'league_metrics_home': {'ATS': None, 'PA': 19.9, 'PF': 25.9, 'PY(D)': 163.6, 'PY(O)': 184.0, 'R(D)_PY': 10, 'R(D)_RY': 37, 'R(D)_TY': 11, 'R(O)_PY': 102, 'R(O)_RY': 65, 'R(O)_TY': 100, 'RY(D)': 127.8, 'RY(O)': 160.5, 'SU': '7-3', 'TO': 0.0, 'TY(D)': 291.4, 'TY(O)': 344.5, 'Team': 'Fresno State'}, 'sagarin_away': {'fetched_at': '2025-11-24 22:25:42.757952+00:00', 'hfa': 3.43, 'page_stamp': 'COLLEGE FOOTBALL 2025 through results of 2025 NOVEMBER 22 SATURDAY - WEEK 13', 'pr': 65.34, 'pr_rank': 80, 'season': 2025, 'sos': 63.31, 'sos_rank': 81, 'source_url': 'http://sagarin.com/sports/cfsend.htm', 'team': 'Utah State', 'team_norm': 'Utah State', 'team_raw': 'Utah State', 'week': 13}, 'sagarin_home': {'fetched_at': '2025-11-24 22:25:42.757952+00:00', 'hfa': 3.43, 'page_stamp': 'COLLEGE FOOTBALL 2025 through results of 2025 NOVEMBER 22 SATURDAY - WEEK 13', 'pr': 63.42, 'pr_rank': 91, 'season': 2025, 'sos': 60.16, 'sos_rank': 112, 'source_url': 'http://sagarin.com/sports/cfsend.htm', 'team': 'Fresno State', 'team_norm': 'Fresno State', 'team_raw': 'Fresno State', 'week': 13}, 'schedule_row': {'away_team': 'Utah State', 'conference_game': True, 'home_team': 'Fresno State', 'id': 401760417, 'kickoff_iso_utc': '2025-11-23T03:30:00Z', 'season': 2025, 'venue': ""Valley Children's Stadium"", 'week': 13}}",2025,,401760417,,,,13
,19.3,46,40,34.3,84.54,19.0,205.6,260.7,18,56,108.2,167.5,71.1,51.0,7-3,Washington,Washington,0.2,21,35,313.8,428.2,AWAY,20251123_0330_washington_ucla,3.43,,32.4,27,106,19.4,67.2,74.0,188.8,181.3,116,76,194.5,151.0,78.04,9.0,3-7,Ucla,UCLA,-0.2,77,108,383.3,332.3,False,2025-11-23T03:30:00Z,-440.0,330.0,williamhill_us,-17.34,,,,"{'league_metrics_away': {'ATS': None, 'PA': 19.3, 'PF': 34.3, 'PY(D)': 205.6, 'PY(O)': 260.7, 'R(D)_PY': 46, 'R(D)_RY': 18, 'R(D)_TY': 21, 'R(O)_PY': 40, 'R(O)_RY': 56, 'R(O)_TY': 35, 'RY(D)': 108.2, 'RY(O)': 167.5, 'SU': '7-3', 'TO': 0.2, 'TY(D)': 313.8, 'TY(O)': 428.2, 'Team': 'Washington'}, 'league_metrics_home': {'ATS': None, 'PA': 32.4, 'PF': 19.4, 'PY(D)': 188.8, 'PY(O)': 181.3, 'R(D)_PY': 27, 'R(D)_RY': 116, 'R(D)_TY': 77, 'R(O)_PY': 106, 'R(O)_RY': 76, 'R(O)_TY': 108, 'RY(D)': 194.5, 'RY(O)': 151.0, 'SU': '3-7', 'TO': -0.2, 'TY(D)': 383.3, 'TY(O)': 332.3, 'Team': 'Ucla'}, 'sagarin_away': {'fetched_at': '2025-11-24 22:25:42.757952+00:00', 'hfa': 3.43, 'page_stamp': 'COLLEGE FOOTBALL 2025 through results of 2025 NOVEMBER 22 SATURDAY - WEEK 13', 'pr': 84.54, 'pr_rank': 19, 'season': 2025, 'sos': 71.1, 'sos_rank': 51, 'source_url': 'http://sagarin.com/sports/cfsend.htm', 'team': 'Washington', 'team_norm': 'Washington', 'team_raw': 'Washington', 'week': 13}, 'sagarin_home': {'fetched_at': '2025-11-24 22:25:42.757952+00:00', 'hfa': 3.43, 'page_stamp': 'COLLEGE FOOTBALL 2025 through results of 2025 NOVEMBER 22 SATURDAY - WEEK 13', 'pr': 67.2, 'pr_rank': 74, 'season': 2025, 'sos': 78.04, 'sos_rank': 9, 'source_url': 'http://sagarin.com/sports/cfsend.htm', 'team': 'Ucla', 'team_norm': 'Ucla', 'team_raw': 'UCLA', 'week': 13}, 'schedule_row': {'away_team': 'Washington', 'conference_game': True, 'home_team': 'UCLA', 'id': 401752910, 'kickoff_iso_utc': '2025-11-23T03:30:00Z', 'season': 2025, 'venue': 'Rose Bowl', 'week': 13}, 'odds_row': {'source': 'staging', 'season': 2025, 'week': 13, 'markets': {'spreads': {'book': 'williamhill_us', 'fetch_ts': '2025-11-23T01:56:48Z', 'line': {'spread_home_relative': 11.5, 'favored_side': 'AWAY', 'spread_favored_team': -11.5, 'home_price': -114, 'away_price': -106, 'raw_outcomes': [{'name': 'UCLA Bruins', 'token': 'ucla', 'price': -114, 'point': 11.5}, {'name': 'Washington Huskies', 'token': 'washington', 'price': -106, 'point': -11.5}]}}, 'totals': {'book': 'williamhill_us', 'fetch_ts': '2025-11-23T01:56:48Z', 'line': {'total_points': 51.5, 'over_price': -108, 'under_price': -113, 'raw_outcomes': [{'name': 'Over', 'token': 'over', 'price': -108, 'point': 51.5}, {'name': 'Under', 'token': 'under', 'price': -113, 'point': 51.5}]}}, 'h2h': {'book': 'williamhill_us', 'fetch_ts': '2025-11-23T01:56:48Z', 'line': {'moneyline_home': 330, 'moneyline_away': -440, 'raw_outcomes': [{'name': 'UCLA Bruins', 'token': 'ucla', 'price': 330, 'point': None}, {'name': 'Washington Huskies', 'token': 'washington', 'price': -440, 'point': None}]}}}}}",2025,2025-11-23T01:56:48Z,401752910,-11.5,11.5,51.5,13
