season,week,kickoff_iso_utc,game_key,source_uid,home_team_raw,home_team_norm,away_team_raw,away_team_norm,spread_home_relative,total,moneyline_home,moneyline_away,odds_source,is_closing,snapshot_at,home_pr,home_pr_rank,away_pr,away_pr_rank,home_sos,away_sos,home_sos_rank,away_sos_rank,hfa,rating_diff,rating_vs_odds,favored_side,spread_favored_team,rating_diff_favored_team,rating_vs_odds_favored_team,home_pf_pg,home_pa_pg,home_ry_pg,home_py_pg,home_ty_pg,home_ry_allowed_pg,home_py_allowed_pg,home_ty_allowed_pg,home_to_margin_pg,home_su,home_ats,home_rush_rank,home_pass_rank,home_tot_off_rank,home_rush_def_rank,home_pass_def_rank,home_tot_def_rank,away_pf_pg,away_pa_pg,away_ry_pg,away_py_pg,away_ty_pg,away_ry_allowed_pg,away_py_allowed_pg,away_ty_allowed_pg,away_to_margin_pg,away_su,away_ats,away_rush_rank,away_pass_rank,away_tot_off_rank,away_rush_def_rank,away_pass_def_rank,away_tot_def_rank,raw_sources
2025,12,2025-11-12T00:30:00Z,20251112_0030_kent_state_akron,401762856,Akron,Akron,Kent State,Kent State,,,,,,,,51.23,125.0,48.46,130.0,55.86,60.32,140.0,116.0,3.67,2.77,,,,,,21.3,27.1,138.8,202.8,341.6,168.3,229.5,397.8,0.5,4-6,,75,76,82,104,103,114,18.0,34.3,89.0,184.0,273.0,191.1,250.9,442.0,-0.3,3-6,,125,110,127,110,97,114,"{'schedule_row': {'id': 401762856, 'season': 2025, 'week': 12, 'kickoff_iso_utc': '2025-11-12T00:30:00Z', 'home_team': 'Akron', 'away_team': 'Kent State', 'venue': 'InfoCision Stadium', 'conference_game': True}, 'league_metrics_home': {'Team': 'Akron', 'RY(O)': 138.8, 'R(O)_RY': 75, 'PY(O)': 202.8, 'R(O)_PY': 76, 'TY(O)': 341.6, 'R(O)_TY': 82, 'RY(D)': 168.3, 'R(D)_RY': 104, 'PY(D)': 229.5, 'R(D)_PY': 103, 'TY(D)': 397.8, 'R(D)_TY': 114, 'TO': 0.5, 'PF': 21.3, 'PA': 27.1, 'SU': '4-6', 'ATS': None}, 'league_metrics_away': {'Team': 'Kent State', 'RY(O)': 89.0, 'R(O)_RY': 125, 'PY(O)': 184.0, 'R(O)_PY': 110, 'TY(O)': 273.0, 'R(O)_TY': 127, 'RY(D)': 191.1, 'R(D)_RY': 110, 'PY(D)': 250.9, 'R(D)_PY': 97, 'TY(D)': 442.0, 'R(D)_TY': 114, 'TO': -0.3, 'PF': 18.0, 'PA': 34.3, 'SU': '3-6', 'ATS': None}, 'sagarin_home': {'fetched_at': Timestamp('2025-11-23 01:53:34.149432+0000', tz='UTC'), 'hfa': 3.67, 'page_stamp': 'COLLEGE FOOTBALL 2025 through results of 2025 NOVEMBER 15 SATURDAY - WEEK 12', 'pr': 51.23, 'pr_rank': 125, 'season': 2025, 'sos': 55.86, 'sos_rank': 140, 'source_url': 'http://sagarin.com/sports/cfsend.htm', 'team': 'Akron', 'team_norm': 'Akron', 'team_raw': 'Akron', 'week': 12}, 'sagarin_away': {'fetched_at': Timestamp('2025-11-23 01:53:34.149432+0000', tz='UTC'), 'hfa': 3.67, 'page_stamp': 'COLLEGE FOOTBALL 2025 through results of 2025 NOVEMBER 15 SATURDAY - WEEK 12', 'pr': 48.46, 'pr_rank': 130, 'season': 2025, 'sos': 60.32, 'sos_rank': 116, 'source_url': 'http://sagarin.com/sports/cfsend.htm', 'team': 'Kent State', 'team_norm': 'Kent State', 'team_raw': 'Kent State', 'week': 12}}"
2025,12,2025-11-12T01:00:00Z,20251112_0100_ohio_western_michigan,401762857,Western Michigan,Western Michigan,Ohio,Ohio,,,,,,,,64.06,88.0,65.88,82.0,62.67,60.8,86.0,111.0,3.67,-1.82,,,,,,22.3,19.0,158.3,161.1,319.4,110.1,181.8,291.9,0.1,5-4,,66,121,117,22,19,11,28.7,24.2,202.2,222.9,425.1,149.2,226.1,375.3,0.0,6-3,,27,77,47,65,62,65,"{'schedule_row': {'id': 401762857, 'season': 2025, 'week': 12, 'kickoff_iso_utc': '2025-11-12T01:00:00Z', 'home_team': 'Western Michigan', 'away_team': 'Ohio', 'venue': 'Waldo Stadium', 'conference_game': True}, 'league_metrics_home': {'Team': 'Western Michigan', 'RY(O)': 158.3, 'R(O)_RY': 66, 'PY(O)': 161.1, 'R(O)_PY': 121, 'TY(O)': 319.4, 'R(O)_TY': 117, 'RY(D)': 110.1, 'R(D)_RY': 22, 'PY(D)': 181.8, 'R(D)_PY': 19, 'TY(D)': 291.9, 'R(D)_TY': 11, 'TO': 0.1, 'PF': 22.3, 'PA': 19.0, 'SU': '5-4', 'ATS': None}, 'league_metrics_away': {'Team': 'Ohio', 'RY(O)': 202.2, 'R(O)_RY': 27, 'PY(O)': 222.9, 'R(O)_PY': 77, 'TY(O)': 425.1, 'R(O)_TY': 47, 'RY(D)': 149.2, 'R(D)_RY': 65, 'PY(D)': 226.1, 'R(D)_PY': 62, 'TY(D)': 375.3, 'R(D)_TY': 65, 'TO': 0.0, 'PF': 28.7, 'PA': 24.2, 'SU': '6-3', 'ATS': None}, 'sagarin_home': {'fetched_at': Timestamp('2025-11-23 01:53:34.149432+0000', tz='UTC'), 'hfa': 3.67, 'page_stamp': 'COLLEGE FOOTBALL 2025 through results of 2025 NOVEMBER 15 SATURDAY - WEEK 12', 'pr': 64.06, 'pr_rank': 88, 'season': 2025, 'sos': 62.67, 'sos_rank': 86, 'source_url': 'http://sagarin.com/sports/cfsend.htm', 'team': 'Western Michigan', 'team_norm': 'Western Michigan', 'team_raw': 'Western Michigan', 'week': 12}, 'sagarin_away': {'fetched_at': Timestamp('2025-11-23 01:53:34.149432+0000', tz='UTC'), 'hfa': 3.67, 'page_stamp': 'COLLEGE FOOTBALL 2025 through results of 2025 NOVEMBER 15 SATURDAY - WEEK 12', 'pr': 65.88, 'pr_rank': 82, 'season': 2025, 'sos': 60.8, 'sos_rank': 111, 'source_url': 'http://sagarin.com/sports/cfsend.htm', 'team': 'Ohio', 'team_norm': 'Ohio', 'team_raw': 'Ohio', 'week': 12}}"
2025,12,2025-11-13T00:00:00Z,20251113_0000_buffalo_central_michigan,401762858,Central Michigan,Central Michigan,Buffalo,Buffalo,,,,,,,,61.03,98.0,56.12,114.0,57.49,54.65,136.0,144.0,3.67,4.91,,,,,,24.1,24.0,187.7,153.6,341.2,155.9,203.7,359.6,0.6,5-4,,36,122,107,72,41,52,24.8,19.6,146.2,212.6,358.8,140.1,184.2,324.3,-0.3,5-4,,82,89,93,46,21,31,"{'schedule_row': {'id': 401762858, 'season': 2025, 'week': 12, 'kickoff_iso_utc': '2025-11-13T00:00:00Z', 'home_team': 'Central Michigan', 'away_team': 'Buffalo', 'venue': 'Kelly/Shorts Stadium', 'conference_game': True}, 'league_metrics_home': {'Team': 'Central Michigan', 'RY(O)': 187.7, 'R(O)_RY': 36, 'PY(O)': 153.6, 'R(O)_PY': 122, 'TY(O)': 341.2, 'R(O)_TY': 107, 'RY(D)': 155.9, 'R(D)_RY': 72, 'PY(D)': 203.7, 'R(D)_PY': 41, 'TY(D)': 359.6, 'R(D)_TY': 52, 'TO': 0.6, 'PF': 24.1, 'PA': 24.0, 'SU': '5-4', 'ATS': None}, 'league_metrics_away': {'Team': 'Buffalo', 'RY(O)': 146.2, 'R(O)_RY': 82, 'PY(O)': 212.6, 'R(O)_PY': 89, 'TY(O)': 358.8, 'R(O)_TY': 93, 'RY(D)': 140.1, 'R(D)_RY': 46, 'PY(D)': 184.2, 'R(D)_PY': 21, 'TY(D)': 324.3, 'R(D)_TY': 31, 'TO': -0.3, 'PF': 24.8, 'PA': 19.6, 'SU': '5-4', 'ATS': None}, 'sagarin_home': {'fetched_at': Timestamp('2025-11-23 01:53:34.149432+0000', tz='UTC'), 'hfa': 3.67, 'page_stamp': 'COLLEGE FOOTBALL 2025 through results of 2025 NOVEMBER 15 SATURDAY - WEEK 12', 'pr': 61.03, 'pr_rank': 98, 'season': 2025, 'sos': 57.49, 'sos_rank': 136, 'source_url': 'http://sagarin.com/sports/cfsend.htm', 'team': 'Central Michigan', 'team_norm': 'Central Michigan', 'team_raw': 'Central Michigan', 'week': 12}, 'sagarin_away': {'fetched_at': Timestamp('2025-11-23 01:53:34.149432+0000', tz='UTC'), 'hfa': 3.67, 'page_stamp': 'COLLEGE FOOTBALL 2025 through results of 2025 NOVEMBER 15 SATURDAY - WEEK 12', 'pr': 56.12, 'pr_rank': 114, 'season': 2025, 'sos': 54.65, 'sos_rank': 144, 'source_url': 'http://sagarin.com/sports/cfsend.htm', 'team': 'Buffalo', 'team_norm': 'Buffalo', 'team_raw': 'Buffalo', 'week': 12}}"
2025,12,2025-11-13T00:00:00Z,20251113_0000_northern_illinois_massachusetts,401762859,Massachusetts,Massachusetts,Northern Illinois,Northern Illinois,,,,,,,,36.28,134.0,54.89,118.0,58.45,61.35,126.0,106.0,3.67,-18.61,,,,,,11.3,36.8,81.1,163.4,244.6,189.6,253.2,442.8,-0.3,0-9,,128,120,131,108,99,115,12.2,24.3,158.7,107.3,266.0,172.0,183.4,355.4,-0.1,2-7,,65,132,129,89,20,49,"{'schedule_row': {'id': 401762859, 'season': 2025, 'week': 12, 'kickoff_iso_utc': '2025-11-13T00:00:00Z', 'home_team': 'Massachusetts', 'away_team': 'Northern Illinois', 'venue': 'Warren McGuirk Alumni Stadium', 'conference_game': True}, 'league_metrics_home': {'Team': 'Massachusetts', 'RY(O)': 81.1, 'R(O)_RY': 128, 'PY(O)': 163.4, 'R(O)_PY': 120, 'TY(O)': 244.6, 'R(O)_TY': 131, 'RY(D)': 189.6, 'R(D)_RY': 108, 'PY(D)': 253.2, 'R(D)_PY': 99, 'TY(D)': 442.8, 'R(D)_TY': 115, 'TO': -0.3, 'PF': 11.3, 'PA': 36.8, 'SU': '0-9', 'ATS': None}, 'league_metrics_away': {'Team': 'Northern Illinois', 'RY(O)': 158.7, 'R(O)_RY': 65, 'PY(O)': 107.3, 'R(O)_PY': 132, 'TY(O)': 266.0, 'R(O)_TY': 129, 'RY(D)': 172.0, 'R(D)_RY': 89, 'PY(D)': 183.4, 'R(D)_PY': 20, 'TY(D)': 355.4, 'R(D)_TY': 49, 'TO': -0.1, 'PF': 12.2, 'PA': 24.3, 'SU': '2-7', 'ATS': None}, 'sagarin_home': {'fetched_at': Timestamp('2025-11-23 01:53:34.149432+0000', tz='UTC'), 'hfa': 3.67, 'page_stamp': 'COLLEGE FOOTBALL 2025 through results of 2025 NOVEMBER 15 SATURDAY - WEEK 12', 'pr': 36.28, 'pr_rank': 134, 'season': 2025, 'sos': 58.45, 'sos_rank': 126, 'source_url': 'http://sagarin.com/sports/cfsend.htm', 'team': 'Massachusetts', 'team_norm': 'Massachusetts', 'team_raw': 'Massachusetts', 'week': 12}, 'sagarin_away': {'fetched_at': Timestamp('2025-11-23 01:53:34.149432+0000', tz='UTC'), 'hfa': 3.67, 'page_stamp': 'COLLEGE FOOTBALL 2025 through results of 2025 NOVEMBER 15 SATURDAY - WEEK 12', 'pr': 54.89, 'pr_rank': 118, 'season': 2025, 'sos': 61.35, 'sos_rank': 106, 'source_url': 'http://sagarin.com/sports/cfsend.htm', 'team': 'Northern Illinois', 'team_norm': 'Northern Illinois', 'team_raw': 'Northern Illinois', 'week': 12}}"
2025,12,2025-11-13T00:00:00Z,20251113_0000_toledo_miami_oh,401762860,Miami (OH),Miami (oh),Toledo,Toledo,,,,,,,,63.12,91.0,71.88,56.0,62.26,58.4,93.0,127.0,3.67,-8.76,,,,,,25.3,21.7,161.0,199.2,360.2,124.9,202.9,327.8,0.4,5-4,,61,96,91,29,39,36,32.9,14.6,178.6,259.4,438.0,91.7,142.6,234.2,0.6,5-4,,49,40,35,7,3,2,"{'schedule_row': {'id': 401762860, 'season': 2025, 'week': 12, 'kickoff_iso_utc': '2025-11-13T00:00:00Z', 'home_team': 'Miami (OH)', 'away_team': 'Toledo', 'venue': 'Yager Stadium', 'conference_game': True}, 'league_metrics_home': {'Team': 'Miami (oh)', 'RY(O)': 161.0, 'R(O)_RY': 61, 'PY(O)': 199.2, 'R(O)_PY': 96, 'TY(O)': 360.2, 'R(O)_TY': 91, 'RY(D)': 124.9, 'R(D)_RY': 29, 'PY(D)': 202.9, 'R(D)_PY': 39, 'TY(D)': 327.8, 'R(D)_TY': 36, 'TO': 0.4, 'PF': 25.3, 'PA': 21.7, 'SU': '5-4', 'ATS': None}, 'league_metrics_away': {'Team': 'Toledo', 'RY(O)': 178.6, 'R(O)_RY': 49, 'PY(O)': 259.4, 'R(O)_PY': 40, 'TY(O)': 438.0, 'R(O)_TY': 35, 'RY(D)': 91.7, 'R(D)_RY': 7, 'PY(D)': 142.6, 'R(D)_PY': 3, 'TY(D)': 234.2, 'R(D)_TY': 2, 'TO': 0.6, 'PF': 32.9, 'PA': 14.6, 'SU': '5-4', 'ATS': None}, 'sagarin_home': {'fetched_at': Timestamp('2025-11-23 01:53:34.149432+0000', tz='UTC'), 'hfa': 3.67, 'page_stamp': 'COLLEGE FOOTBALL 2025 through results of 2025 NOVEMBER 15 SATURDAY - WEEK 12', 'pr': 63.12, 'pr_rank': 91, 'season': 2025, 'sos': 62.26, 'sos_rank': 93, 'source_url': 'http://sagarin.com/sports/cfsend.htm', 'team': 'Miami-ohio', 'team_norm': 'Miami-ohio', 'team_raw': 'Miami-Ohio', 'week': 12}, 'sagarin_away': {'fetched_at': Timestamp('2025-11-23 01:53:34.149432+0000', tz='UTC'), 'hfa': 3.67, 'page_stamp': 'COLLEGE FOOTBALL 2025 through results of 2025 NOVEMBER 15 SATURDAY - WEEK 12', 'pr': 71.88, 'pr_rank': 56, 'season': 2025, 'sos': 58.4, 'sos_rank': 127, 'source_url': 'http://sagarin.com/sports/cfsend.htm', 'team': 'Toledo', 'team_norm': 'Toledo', 'team_raw': 'Toledo', 'week': 12}}"
2025,12,2025-11-14T00:30:00Z,20251114_0030_troy_old_dominion,401761649,Old Dominion,Old Dominion,Troy,Troy,,,,,,,,70.55,63.0,61.87,94.0,61.94,62.05,95.0,94.0,3.67,8.68,,,,,,31.9,23.4,202.3,249.8,452.1,174.0,193.7,367.7,-0.3,6-3,,26,55,27,92,31,57,27.0,24.1,121.1,203.1,324.2,161.1,195.6,356.7,0.2,6-3,,106,95,115,78,33,50,"{'schedule_row': {'id': 401761649, 'season': 2025, 'week': 12, 'kickoff_iso_utc': '2025-11-14T00:30:00Z', 'home_team': 'Old Dominion', 'away_team': 'Troy', 'venue': 'S.B. Ballard Stadium', 'conference_game': True}, 'league_metrics_home': {'Team': 'Old Dominion', 'RY(O)': 202.3, 'R(O)_RY': 26, 'PY(O)': 249.8, 'R(O)_PY': 55, 'TY(O)': 452.1, 'R(O)_TY': 27, 'RY(D)': 174.0, 'R(D)_RY': 92, 'PY(D)': 193.7, 'R(D)_PY': 31, 'TY(D)': 367.7, 'R(D)_TY': 57, 'TO': -0.3, 'PF': 31.9, 'PA': 23.4, 'SU': '6-3', 'ATS': None}, 'league_metrics_away': {'Team': 'Troy', 'RY(O)': 121.1, 'R(O)_RY': 106, 'PY(O)': 203.1, 'R(O)_PY': 95, 'TY(O)': 324.2, 'R(O)_TY': 115, 'RY(D)': 161.1, 'R(D)_RY': 78, 'PY(D)': 195.6, 'R(D)_PY': 33, 'TY(D)': 356.7, 'R(D)_TY': 50, 'TO': 0.2, 'PF': 27.0, 'PA': 24.1, 'SU': '6-3', 'ATS': None}, 'sagarin_home': {'fetched_at': Timestamp('2025-11-23 01:53:34.149432+0000', tz='UTC'), 'hfa': 3.67, 'page_stamp': 'COLLEGE FOOTBALL 2025 through results of 2025 NOVEMBER 15 SATURDAY - WEEK 12', 'pr': 70.55, 'pr_rank': 63, 'season': 2025, 'sos': 61.94, 'sos_rank': 95, 'source_url': 'http://sagarin.com/sports/cfsend.htm', 'team': 'Old Dominion', 'team_norm': 'Old Dominion', 'team_raw': 'Old Dominion', 'week': 12}, 'sagarin_away': {'fetched_at': Timestamp('2025-11-23 01:53:34.149432+0000', tz='UTC'), 'hfa': 3.67, 'page_stamp': 'COLLEGE FOOTBALL 2025 through results of 2025 NOVEMBER 15 SATURDAY - WEEK 12', 'pr': 61.87, 'pr_rank': 94, 'season': 2025, 'sos': 62.05, 'sos_rank': 94, 'source_url': 'http://sagarin.com/sports/cfsend.htm', 'team': 'Troy', 'team_norm': 'Troy', 'team_raw': 'Troy', 'week': 12}}"
2025,12,2025-11-15T00:30:00Z,20251115_0030_clemson_tigers_louisville,401754591,Louisville,Louisville,Clemson,Clemson Tigers,,,,,,,,79.85,29.0,81.02,25.0,70.26,73.21,54.0,28.0,3.67,-1.17,,,,,,32.9,21.7,155.0,246.6,401.6,108.7,188.1,296.8,0.2,7-2,,71,58,69,19,24,12,27.9,22.4,120.9,288.4,409.3,106.6,245.6,351.9,-0.3,4-5,,107,20,60,18,92,47,"{'schedule_row': {'id': 401754591, 'season': 2025, 'week': 12, 'kickoff_iso_utc': '2025-11-15T00:30:00Z', 'home_team': 'Louisville', 'away_team': 'Clemson', 'venue': 'L&N Federal Credit Union Stadium', 'conference_game': True}, 'league_metrics_home': {'Team': 'Louisville', 'RY(O)': 155.0, 'R(O)_RY': 71, 'PY(O)': 246.6, 'R(O)_PY': 58, 'TY(O)': 401.6, 'R(O)_TY': 69, 'RY(D)': 108.7, 'R(D)_RY': 19, 'PY(D)': 188.1, 'R(D)_PY': 24, 'TY(D)': 296.8, 'R(D)_TY': 12, 'TO': 0.2, 'PF': 32.9, 'PA': 21.7, 'SU': '7-2', 'ATS': None}, 'league_metrics_away': {'Team': 'Clemson Tigers', 'RY(O)': 120.9, 'R(O)_RY': 107, 'PY(O)': 288.4, 'R(O)_PY': 20, 'TY(O)': 409.3, 'R(O)_TY': 60, 'RY(D)': 106.6, 'R(D)_RY': 18, 'PY(D)': 245.6, 'R(D)_PY': 92, 'TY(D)': 351.9, 'R(D)_TY': 47, 'TO': -0.3, 'PF': 27.9, 'PA': 22.4, 'SU': '4-5', 'ATS': None}, 'sagarin_home': {'fetched_at': Timestamp('2025-11-23 01:53:34.149432+0000', tz='UTC'), 'hfa': 3.67, 'page_stamp': 'COLLEGE FOOTBALL 2025 through results of 2025 NOVEMBER 15 SATURDAY - WEEK 12', 'pr': 79.85, 'pr_rank': 29, 'season': 2025, 'sos': 70.26, 'sos_rank': 54, 'source_url': 'http://sagarin.com/sports/cfsend.htm', 'team': 'Louisville', 'team_norm': 'Louisville', 'team_raw': 'Louisville', 'week': 12}, 'sagarin_away': {'fetched_at': Timestamp('2025-11-23 01:53:34.149432+0000', tz='UTC'), 'hfa': 3.67, 'page_stamp': 'COLLEGE FOOTBALL 2025 through results of 2025 NOVEMBER 15 SATURDAY - WEEK 12', 'pr': 81.02, 'pr_rank': 25, 'season': 2025, 'sos': 73.21, 'sos_rank': 28, 'source_url': 'http://sagarin.com/sports/cfsend.htm', 'team': 'Clemson Tigers', 'team_norm': 'Clemson Tigers', 'team_raw': 'Clemson', 'week': 12}}"
2025,12,2025-11-15T02:00:00Z,20251115_0200_minnesota_oregon_ducks,401752904,Oregon,Oregon Ducks,Minnesota,Minnesota,,,,,,,,93.29,3.0,72.37,55.0,73.19,70.81,30.0,52.0,3.67,20.92,,,,,,38.7,13.8,239.7,231.9,471.6,115.1,126.1,241.2,0.7,8-1,,7,72,17,26,1,3,23.8,21.6,110.1,203.3,313.4,109.0,203.4,312.4,0.2,6-3,,118,94,118,20,40,20,"{'schedule_row': {'id': 401752904, 'season': 2025, 'week': 12, 'kickoff_iso_utc': '2025-11-15T02:00:00Z', 'home_team': 'Oregon', 'away_team': 'Minnesota', 'venue': 'Autzen Stadium', 'conference_game': True}, 'league_metrics_home': {'Team': 'Oregon Ducks', 'RY(O)': 239.7, 'R(O)_RY': 7, 'PY(O)': 231.9, 'R(O)_PY': 72, 'TY(O)': 471.6, 'R(O)_TY': 17, 'RY(D)': 115.1, 'R(D)_RY': 26, 'PY(D)': 126.1, 'R(D)_PY': 1, 'TY(D)': 241.2, 'R(D)_TY': 3, 'TO': 0.7, 'PF': 38.7, 'PA': 13.8, 'SU': '8-1', 'ATS': None}, 'league_metrics_away': {'Team': 'Minnesota', 'RY(O)': 110.1, 'R(O)_RY': 118, 'PY(O)': 203.3, 'R(O)_PY': 94, 'TY(O)': 313.4, 'R(O)_TY': 118, 'RY(D)': 109.0, 'R(D)_RY': 20, 'PY(D)': 203.4, 'R(D)_PY': 40, 'TY(D)': 312.4, 'R(D)_TY': 20, 'TO': 0.2, 'PF': 23.8, 'PA': 21.6, 'SU': '6-3', 'ATS': None}, 'sagarin_home': {'fetched_at': Timestamp('2025-11-23 01:53:34.149432+0000', tz='UTC'), 'hfa': 3.67, 'page_stamp': 'COLLEGE FOOTBALL 2025 through results of 2025 NOVEMBER 15 SATURDAY - WEEK 12', 'pr': 93.29, 'pr_rank': 3, 'season': 2025, 'sos': 73.19, 'sos_rank': 30, 'source_url': 'http://sagarin.com/sports/cfsend.htm', 'team': 'Oregon Ducks', 'team_norm': 'Oregon Ducks', 'team_raw': 'Oregon', 'week': 12}, 'sagarin_away': {'fetched_at': Timestamp('2025-11-23 01:53:34.149432+0000', tz='UTC'), 'hfa': 3.67, 'page_stamp': 'COLLEGE FOOTBALL 2025 through results of 2025 NOVEMBER 15 SATURDAY - WEEK 12', 'pr': 72.37, 'pr_rank': 55, 'season': 2025, 'sos': 70.81, 'sos_rank': 52, 'source_url': 'http://sagarin.com/sports/cfsend.htm', 'team': 'Minnesota', 'team_norm': 'Minnesota', 'team_raw': 'Minnesota', 'week': 12}}"
2025,12,2025-11-15T17:00:00Z,20251115_1700_air_force_uconn,401757174,UConn,Uconn,Air Force,Air Force,,,,,,,,68.27,70.0,60.82,100.0,57.35,63.59,137.0,82.0,3.67,7.45,,,,,,36.9,24.9,161.2,300.5,461.7,174.2,217.3,391.5,1.3,7-3,,46,3,4,113,87,113,33.0,33.0,269.1,169.0,438.1,171.0,288.1,459.1,-0.1,3-6,,2,119,34,87,120,123,"{'schedule_row': {'id': 401757174, 'season': 2025, 'week': 12, 'kickoff_iso_utc': '2025-11-15T17:00:00Z', 'home_team': 'UConn', 'away_team': 'Air Force', 'venue': 'Pratt & Whitney Stadium', 'conference_game': False}, 'league_metrics_home': {'Team': 'Uconn', 'RY(O)': 161.2, 'R(O)_RY': 46, 'PY(O)': 300.5, 'R(O)_PY': 3, 'TY(O)': 461.7, 'R(O)_TY': 4, 'RY(D)': 174.2, 'R(D)_RY': 113, 'PY(D)': 217.3, 'R(D)_PY': 87, 'TY(D)': 391.5, 'R(D)_TY': 113, 'TO': 1.3, 'PF': 36.9, 'PA': 24.9, 'SU': '7-3', 'ATS': None}, 'league_metrics_away': {'Team': 'Air Force', 'RY(O)': 269.1, 'R(O)_RY': 2, 'PY(O)': 169.0, 'R(O)_PY': 119, 'TY(O)': 438.1, 'R(O)_TY': 34, 'RY(D)': 171.0, 'R(D)_RY': 87, 'PY(D)': 288.1, 'R(D)_PY': 120, 'TY(D)': 459.1, 'R(D)_TY': 123, 'TO': -0.1, 'PF': 33.0, 'PA': 33.0, 'SU': '3-6', 'ATS': None}, 'sagarin_home': {'fetched_at': Timestamp('2025-11-23 01:53:34.149432+0000', tz='UTC'), 'hfa': 3.67, 'page_stamp': 'COLLEGE FOOTBALL 2025 through results of 2025 NOVEMBER 15 SATURDAY - WEEK 12', 'pr': 68.27, 'pr_rank': 70, 'season': 2025, 'sos': 57.35, 'sos_rank': 137, 'source_url': 'http://sagarin.com/sports/cfsend.htm', 'team': 'Connecticut', 'team_norm': 'Connecticut', 'team_raw': 'Connecticut', 'week': 12}, 'sagarin_away': {'fetched_at': Timestamp('2025-11-23 01:53:34.149432+0000', tz='UTC'), 'hfa': 3.67, 'page_stamp': 'COLLEGE FOOTBALL 2025 through results of 2025 NOVEMBER 15 SATURDAY - WEEK 12', 'pr': 60.82, 'pr_rank': 100, 'season': 2025, 'sos': 63.59, 'sos_rank': 82, 'source_url': 'http://sagarin.com/sports/cfsend.htm', 'team': 'Air Force', 'team_norm': 'Air Force', 'team_raw': 'Air Force', 'week': 12}}"
2025,12,2025-11-15T17:00:00Z,20251115_1700_arizona_cincinnati,401756951,Cincinnati,Cincinnati,Arizona,Arizona,,,,,,,,75.48,42.0,75.61,41.0,67.64,69.36,68.0,60.0,3.67,-0.13,,,,,,35.6,21.9,197.0,239.9,436.9,155.3,225.6,380.9,0.2,7-2,,31,64,37,71,61,71,33.0,19.9,152.0,254.4,406.4,142.3,160.1,302.4,0.9,6-3,,78,50,62,52,7,15,"{'schedule_row': {'id': 401756951, 'season': 2025, 'week': 12, 'kickoff_iso_utc': '2025-11-15T17:00:00Z', 'home_team': 'Cincinnati', 'away_team': 'Arizona', 'venue': 'Nippert Stadium', 'conference_game': True}, 'league_metrics_home': {'Team': 'Cincinnati', 'RY(O)': 197.0, 'R(O)_RY': 31, 'PY(O)': 239.9, 'R(O)_PY': 64, 'TY(O)': 436.9, 'R(O)_TY': 37, 'RY(D)': 155.3, 'R(D)_RY': 71, 'PY(D)': 225.6, 'R(D)_PY': 61, 'TY(D)': 380.9, 'R(D)_TY': 71, 'TO': 0.2, 'PF': 35.6, 'PA': 21.9, 'SU': '7-2', 'ATS': None}, 'league_metrics_away': {'Team': 'Arizona', 'RY(O)': 152.0, 'R(O)_RY': 78, 'PY(O)': 254.4, 'R(O)_PY': 50, 'TY(O)': 406.4, 'R(O)_TY': 62, 'RY(D)': 142.3, 'R(D)_RY': 52, 'PY(D)': 160.1, 'R(D)_PY': 7, 'TY(D)': 302.4, 'R(D)_TY': 15, 'TO': 0.9, 'PF': 33.0, 'PA': 19.9, 'SU': '6-3', 'ATS': None}, 'sagarin_home': {'fetched_at': Timestamp('2025-11-23 01:53:34.149432+0000', tz='UTC'), 'hfa': 3.67, 'page_stamp': 'COLLEGE FOOTBALL 2025 through results of 2025 NOVEMBER 15 SATURDAY - WEEK 12', 'pr': 75.48, 'pr_rank': 42, 'season': 2025, 'sos': 67.64, 'sos_rank': 68, 'source_url': 'http://sagarin.com/sports/cfsend.htm', 'team': 'Cincinnati', 'team_norm': 'Cincinnati', 'team_raw': 'Cincinnati', 'week': 12}, 'sagarin_away': {'fetched_at': Timestamp('2025-11-23 01:53:34.149432+0000', tz='UTC'), 'hfa': 3.67, 'page_stamp': 'COLLEGE FOOTBALL 2025 through results of 2025 NOVEMBER 15 SATURDAY - WEEK 12', 'pr': 75.61, 'pr_rank': 41, 'season': 2025, 'sos': 69.36, 'sos_rank': 60, 'source_url': 'http://sagarin.com/sports/cfsend.htm', 'team': 'Arizona', 'team_norm': 'Arizona', 'team_raw': 'Arizona', 'week': 12}}"
2025,12,2025-11-15T17:00:00Z,20251115_1700_eastern_michigan_ball_state,401762861,Ball State,Ball State,Eastern Michigan,Eastern Michigan,,,,,,,,49.48,127.0,56.17,113.0,60.43,59.69,113.0,121.0,3.67,-6.69,,,,,,16.4,27.9,134.3,134.6,268.9,176.3,227.7,404.0,-0.2,4-5,,95,129,128,93,67,92,24.4,31.7,142.8,226.1,368.9,232.9,203.8,436.7,0.1,3-7,,65,54,58,127,64,132,"{'schedule_row': {'id': 401762861, 'season': 2025, 'week': 12, 'kickoff_iso_utc': '2025-11-15T17:00:00Z', 'home_team': 'Ball State', 'away_team': 'Eastern Michigan', 'venue': 'Scheumann Stadium', 'conference_game': True}, 'league_metrics_home': {'Team': 'Ball State', 'RY(O)': 134.3, 'R(O)_RY': 95, 'PY(O)': 134.6, 'R(O)_PY': 129, 'TY(O)': 268.9, 'R(O)_TY': 128, 'RY(D)': 176.3, 'R(D)_RY': 93, 'PY(D)': 227.7, 'R(D)_PY': 67, 'TY(D)': 404.0, 'R(D)_TY': 92, 'TO': -0.2, 'PF': 16.4, 'PA': 27.9, 'SU': '4-5', 'ATS': None}, 'league_metrics_away': {'Team': 'Eastern Michigan', 'RY(O)': 142.8, 'R(O)_RY': 65, 'PY(O)': 226.1, 'R(O)_PY': 54, 'TY(O)': 368.9, 'R(O)_TY': 58, 'RY(D)': 232.9, 'R(D)_RY': 127, 'PY(D)': 203.8, 'R(D)_PY': 64, 'TY(D)': 436.7, 'R(D)_TY': 132, 'TO': 0.1, 'PF': 24.4, 'PA': 31.7, 'SU': '3-7', 'ATS': None}, 'sagarin_home': {'fetched_at': Timestamp('2025-11-23 01:53:34.149432+0000', tz='UTC'), 'hfa': 3.67, 'page_stamp': 'COLLEGE FOOTBALL 2025 through results of 2025 NOVEMBER 15 SATURDAY - WEEK 12', 'pr': 49.48, 'pr_rank': 127, 'season': 2025, 'sos': 60.43, 'sos_rank': 113, 'source_url': 'http://sagarin.com/sports/cfsend.htm', 'team': 'Ball State', 'team_norm': 'Ball State', 'team_raw': 'Ball State', 'week': 12}, 'sagarin_away': {'fetched_at': Timestamp('2025-11-23 01:53:34.149432+0000', tz='UTC'), 'hfa': 3.67, 'page_stamp': 'COLLEGE FOOTBALL 2025 through results of 2025 NOVEMBER 15 SATURDAY - WEEK 12', 'pr': 56.17, 'pr_rank': 113, 'season': 2025, 'sos': 59.69, 'sos_rank': 121, 'source_url': 'http://sagarin.com/sports/cfsend.htm', 'team': 'Eastern Michigan', 'team_norm': 'Eastern Michigan', 'team_raw': 'Eastern Michigan', 'week': 12}}"
2025,12,2025-11-15T17:00:00Z,20251115_1700_kansas_state_oklahoma_state,401756952,Oklahoma State,Oklahoma State,Kansas State,Kansas State,,,,,,,,55.86,115.0,75.35,43.0,72.64,70.75,39.0,53.0,3.67,-19.49,,,,,,15.2,38.8,127.0,170.8,297.8,171.4,272.7,444.1,-0.1,1-8,,99,117,123,88,117,116,29.8,27.7,142.4,220.7,363.1,152.9,223.6,376.4,0.7,4-5,,84,80,90,67,59,66,"{'schedule_row': {'id': 401756952, 'season': 2025, 'week': 12, 'kickoff_iso_utc': '2025-11-15T17:00:00Z', 'home_team': 'Oklahoma State', 'away_team': 'Kansas State', 'venue': 'Boone Pickens Stadium', 'conference_game': True}, 'league_metrics_home': {'Team': 'Oklahoma State', 'RY(O)': 127.0, 'R(O)_RY': 99, 'PY(O)': 170.8, 'R(O)_PY': 117, 'TY(O)': 297.8, 'R(O)_TY': 123, 'RY(D)': 171.4, 'R(D)_RY': 88, 'PY(D)': 272.7, 'R(D)_PY': 117, 'TY(D)': 444.1, 'R(D)_TY': 116, 'TO': -0.1, 'PF': 15.2, 'PA': 38.8, 'SU': '1-8', 'ATS': None}, 'league_metrics_away': {'Team': 'Kansas State', 'RY(O)': 142.4, 'R(O)_RY': 84, 'PY(O)': 220.7, 'R(O)_PY': 80, 'TY(O)': 363.1, 'R(O)_TY': 90, 'RY(D)': 152.9, 'R(D)_RY': 67, 'PY(D)': 223.6, 'R(D)_PY': 59, 'TY(D)': 376.4, 'R(D)_TY': 66, 'TO': 0.7, 'PF': 29.8, 'PA': 27.7, 'SU': '4-5', 'ATS': None}, 'sagarin_home': {'fetched_at': Timestamp('2025-11-23 01:53:34.149432+0000', tz='UTC'), 'hfa': 3.67, 'page_stamp': 'COLLEGE FOOTBALL 2025 through results of 2025 NOVEMBER 15 SATURDAY - WEEK 12', 'pr': 55.86, 'pr_rank': 115, 'season': 2025, 'sos': 72.64, 'sos_rank': 39, 'source_url': 'http://sagarin.com/sports/cfsend.htm', 'team': 'Oklahoma State', 'team_norm': 'Oklahoma State', 'team_raw': 'Oklahoma State', 'week': 12}, 'sagarin_away': {'fetched_at': Timestamp('2025-11-23 01:53:34.149432+0000', tz='UTC'), 'hfa': 3.67, 'page_stamp': 'COLLEGE FOOTBALL 2025 through results of 2025 NOVEMBER 15 SATURDAY - WEEK 12', 'pr': 75.35, 'pr_rank': 43, 'season': 2025, 'sos': 70.75, 'sos_rank': 53, 'source_url': 'http://sagarin.com/sports/cfsend.htm', 'team': 'Kansas State', 'team_norm': 'Kansas State', 'team_raw': 'Kansas State', 'week': 12}}"
2025,12,2025-11-15T17:00:00Z,20251115_1700_michigan_northwestern,401752905,Northwestern,Northwestern,Michigan,Michigan,,,,,,,,71.26,59.0,81.45,24.0,73.15,73.21,33.0,29.0,3.67,-10.19,,,,,,21.9,19.1,182.6,169.9,352.4,142.9,181.1,324.0,-0.6,5-4,,42,118,96,54,18,29,28.1,17.2,225.2,185.7,410.9,100.7,203.8,304.4,0.9,7-2,,13,105,56,12,42,18,"{'schedule_row': {'id': 401752905, 'season': 2025, 'week': 12, 'kickoff_iso_utc': '2025-11-15T17:00:00Z', 'home_team': 'Northwestern', 'away_team': 'Michigan', 'venue': 'Wrigley Field', 'conference_game': True}, 'league_metrics_home': {'Team': 'Northwestern', 'RY(O)': 182.6, 'R(O)_RY': 42, 'PY(O)': 169.9, 'R(O)_PY': 118, 'TY(O)': 352.4, 'R(O)_TY': 96, 'RY(D)': 142.9, 'R(D)_RY': 54, 'PY(D)': 181.1, 'R(D)_PY': 18, 'TY(D)': 324.0, 'R(D)_TY': 29, 'TO': -0.6, 'PF': 21.9, 'PA': 19.1, 'SU': '5-4', 'ATS': None}, 'league_metrics_away': {'Team': 'Michigan', 'RY(O)': 225.2, 'R(O)_RY': 13, 'PY(O)': 185.7, 'R(O)_PY': 105, 'TY(O)': 410.9, 'R(O)_TY': 56, 'RY(D)': 100.7, 'R(D)_RY': 12, 'PY(D)': 203.8, 'R(D)_PY': 42, 'TY(D)': 304.4, 'R(D)_TY': 18, 'TO': 0.9, 'PF': 28.1, 'PA': 17.2, 'SU': '7-2', 'ATS': None}, 'sagarin_home': {'fetched_at': Timestamp('2025-11-23 01:53:34.149432+0000', tz='UTC'), 'hfa': 3.67, 'page_stamp': 'COLLEGE FOOTBALL 2025 through results of 2025 NOVEMBER 15 SATURDAY - WEEK 12', 'pr': 71.26, 'pr_rank': 59, 'season': 2025, 'sos': 73.15, 'sos_rank': 33, 'source_url': 'http://sagarin.com/sports/cfsend.htm', 'team': 'Northwestern', 'team_norm': 'Northwestern', 'team_raw': 'Northwestern', 'week': 12}, 'sagarin_away': {'fetched_at': Timestamp('2025-11-23 01:53:34.149432+0000', tz='UTC'), 'hfa': 3.67, 'page_stamp': 'COLLEGE FOOTBALL 2025 through results of 2025 NOVEMBER 15 SATURDAY - WEEK 12', 'pr': 81.45, 'pr_rank': 24, 'season': 2025, 'sos': 73.21, 'sos_rank': 29, 'source_url': 'http://sagarin.com/sports/cfsend.htm', 'team': 'Michigan', 'team_norm': 'Michigan', 'team_raw': 'Michigan', 'week': 12}}"
2025,12,2025-11-15T17:00:00Z,20251115_1700_notre_dame_fighting_irish_pittsburgh,401754597,Pittsburgh,Pittsburgh,Notre Dame,Notre Dame Fighting Irish,,,,,,,,79.58,30.0,93.1,4.0,69.5,75.34,56.0,20.0,3.67,-13.52,,,,,,39.7,21.8,124.9,302.9,427.8,81.0,237.4,318.4,-0.1,7-2,,101,16,44,2,81,24,38.7,18.8,195.8,271.7,467.4,103.1,232.3,335.4,1.1,7-2,,32,32,20,15,73,41,"{'schedule_row': {'id': 401754597, 'season': 2025, 'week': 12, 'kickoff_iso_utc': '2025-11-15T17:00:00Z', 'home_team': 'Pittsburgh', 'away_team': 'Notre Dame', 'venue': 'Acrisure Stadium', 'conference_game': False}, 'league_metrics_home': {'Team': 'Pittsburgh', 'RY(O)': 124.9, 'R(O)_RY': 101, 'PY(O)': 302.9, 'R(O)_PY': 16, 'TY(O)': 427.8, 'R(O)_TY': 44, 'RY(D)': 81.0, 'R(D)_RY': 2, 'PY(D)': 237.4, 'R(D)_PY': 81, 'TY(D)': 318.4, 'R(D)_TY': 24, 'TO': -0.1, 'PF': 39.7, 'PA': 21.8, 'SU': '7-2', 'ATS': None}, 'league_metrics_away': {'Team': 'Notre Dame Fighting Irish', 'RY(O)': 195.8, 'R(O)_RY': 32, 'PY(O)': 271.7, 'R(O)_PY': 32, 'TY(O)': 467.4, 'R(O)_TY': 20, 'RY(D)': 103.1, 'R(D)_RY': 15, 'PY(D)': 232.3, 'R(D)_PY': 73, 'TY(D)': 335.4, 'R(D)_TY': 41, 'TO': 1.1, 'PF': 38.7, 'PA': 18.8, 'SU': '7-2', 'ATS': None}, 'sagarin_home': {'fetched_at': Timestamp('2025-11-23 01:53:34.149432+0000', tz='UTC'), 'hfa': 3.67, 'page_stamp': 'COLLEGE FOOTBALL 2025 through results of 2025 NOVEMBER 15 SATURDAY - WEEK 12', 'pr': 79.58, 'pr_rank': 30, 'season': 2025, 'sos': 69.5, 'sos_rank': 56, 'source_url': 'http://sagarin.com/sports/cfsend.htm', 'team': 'Pittsburgh', 'team_norm': 'Pittsburgh', 'team_raw': 'Pittsburgh', 'week': 12}, 'sagarin_away': {'fetched_at': Timestamp('2025-11-23 01:53:34.149432+0000', tz='UTC'), 'hfa': 3.67, 'page_stamp': 'COLLEGE FOOTBALL 2025 through results of 2025 NOVEMBER 15 SATURDAY - WEEK 12', 'pr': 93.1, 'pr_rank': 4, 'season': 2025, 'sos': 75.34, 'sos_rank': 20, 'source_url': 'http://sagarin.com/sports/cfsend.htm', 'team': 'Notre Dame Fighting Irish', 'team_norm': 'Notre Dame Fighting Irish', 'team_raw': 'Notre Dame', 'week': 12}}"
2025,12,2025-11-15T17:00:00Z,20251115_1700_south_carolina_texas_aandm,401752772,Texas A&M,Texas Aandm,South Carolina,South Carolina,,,,,,,,91.48,6.0,80.24,27.0,77.21,81.8,14.0,2.0,3.67,11.24,,,,,,37.8,22.9,205.3,254.9,460.2,128.3,189.0,317.3,0.0,9-0,,23,49,22,35,27,22,19.7,22.1,101.4,193.3,294.8,154.1,190.6,344.7,0.3,3-6,,123,103,124,69,28,43,"{'schedule_row': {'id': 401752772, 'season': 2025, 'week': 12, 'kickoff_iso_utc': '2025-11-15T17:00:00Z', 'home_team': 'Texas A&M', 'away_team': 'South Carolina', 'venue': 'Kyle Field', 'conference_game': True}, 'league_metrics_home': {'Team': 'Texas Aandm', 'RY(O)': 205.3, 'R(O)_RY': 23, 'PY(O)': 254.9, 'R(O)_PY': 49, 'TY(O)': 460.2, 'R(O)_TY': 22, 'RY(D)': 128.3, 'R(D)_RY': 35, 'PY(D)': 189.0, 'R(D)_PY': 27, 'TY(D)': 317.3, 'R(D)_TY': 22, 'TO': 0.0, 'PF': 37.8, 'PA': 22.9, 'SU': '9-0', 'ATS': None}, 'league_metrics_away': {'Team': 'South Carolina', 'RY(O)': 101.4, 'R(O)_RY': 123, 'PY(O)': 193.3, 'R(O)_PY': 103, 'TY(O)': 294.8, 'R(O)_TY': 124, 'RY(D)': 154.1, 'R(D)_RY': 69, 'PY(D)': 190.6, 'R(D)_PY': 28, 'TY(D)': 344.7, 'R(D)_TY': 43, 'TO': 0.3, 'PF': 19.7, 'PA': 22.1, 'SU': '3-6', 'ATS': None}, 'sagarin_home': {'fetched_at': Timestamp('2025-11-23 01:53:34.149432+0000', tz='UTC'), 'hfa': 3.67, 'page_stamp': 'COLLEGE FOOTBALL 2025 through results of 2025 NOVEMBER 15 SATURDAY - WEEK 12', 'pr': 91.48, 'pr_rank': 6, 'season': 2025, 'sos': 77.21, 'sos_rank': 14, 'source_url': 'http://sagarin.com/sports/cfsend.htm', 'team': 'Texas Aandm', 'team_norm': 'Texas Aandm', 'team_raw': 'Texas A&M', 'week': 12}, 'sagarin_away': {'fetched_at': Timestamp('2025-11-23 01:53:34.149432+0000', tz='UTC'), 'hfa': 3.67, 'page_stamp': 'COLLEGE FOOTBALL 2025 through results of 2025 NOVEMBER 15 SATURDAY - WEEK 12', 'pr': 80.24, 'pr_rank': 27, 'season': 2025, 'sos': 81.8, 'sos_rank': 2, 'source_url': 'http://sagarin.com/sports/cfsend.htm', 'team': 'South Carolina', 'team_norm': 'South Carolina', 'team_raw': 'South Carolina', 'week': 12}}"
2025,12,2025-11-15T17:00:00Z,20251115_1700_south_florida_navy,401762510,Navy,Navy,South Florida,South Florida,,,,,,,,67.53,74.0,76.91,38.0,59.91,68.11,119.0,66.0,3.67,-9.38,,,,,,32.0,26.8,305.6,134.9,440.4,140.1,253.7,393.8,0.1,7-2,,1,128,32,46,100,84,42.0,24.2,227.1,258.3,485.4,109.0,275.3,384.3,0.8,7-2,,11,42,10,20,118,76,"{'schedule_row': {'id': 401762510, 'season': 2025, 'week': 12, 'kickoff_iso_utc': '2025-11-15T17:00:00Z', 'home_team': 'Navy', 'away_team': 'South Florida', 'venue': 'Navy-Marine Corps Memorial Stadium', 'conference_game': True}, 'league_metrics_home': {'Team': 'Navy', 'RY(O)': 305.6, 'R(O)_RY': 1, 'PY(O)': 134.9, 'R(O)_PY': 128, 'TY(O)': 440.4, 'R(O)_TY': 32, 'RY(D)': 140.1, 'R(D)_RY': 46, 'PY(D)': 253.7, 'R(D)_PY': 100, 'TY(D)': 393.8, 'R(D)_TY': 84, 'TO': 0.1, 'PF': 32.0, 'PA': 26.8, 'SU': '7-2', 'ATS': None}, 'league_metrics_away': {'Team': 'South Florida', 'RY(O)': 227.1, 'R(O)_RY': 11, 'PY(O)': 258.3, 'R(O)_PY': 42, 'TY(O)': 485.4, 'R(O)_TY': 10, 'RY(D)': 109.0, 'R(D)_RY': 20, 'PY(D)': 275.3, 'R(D)_PY': 118, 'TY(D)': 384.3, 'R(D)_TY': 76, 'TO': 0.8, 'PF': 42.0, 'PA': 24.2, 'SU': '7-2', 'ATS': None}, 'sagarin_home': {'fetched_at': Timestamp('2025-11-23 01:53:34.149432+0000', tz='UTC'), 'hfa': 3.67, 'page_stamp': 'COLLEGE FOOTBALL 2025 through results of 2025 NOVEMBER 15 SATURDAY - WEEK 12', 'pr': 67.53, 'pr_rank': 74, 'season': 2025, 'sos': 59.91, 'sos_rank': 119, 'source_url': 'http://sagarin.com/sports/cfsend.htm', 'team': 'Navy', 'team_norm': 'Navy', 'team_raw': 'Navy', 'week': 12}, 'sagarin_away': {'fetched_at': Timestamp('2025-11-23 01:53:34.149432+0000', tz='UTC'), 'hfa': 3.67, 'page_stamp': 'COLLEGE FOOTBALL 2025 through results of 2025 NOVEMBER 15 SATURDAY - WEEK 12', 'pr': 76.91, 'pr_rank': 38, 'season': 2025, 'sos': 68.11, 'sos_rank': 66, 'source_url': 'http://sagarin.com/sports/cfsend.htm', 'team': 'South Florida', 'team_norm': 'South Florida', 'team_raw': 'South Florida', 'week': 12}}"
2025,12,2025-11-15T17:00:00Z,20251115_1700_utsa_charlotte,401762507,Charlotte,Charlotte,UTSA,Utsa,,,,,,,,44.98,133.0,67.0,78.0,63.31,64.37,83.0,78.0,3.67,-22.02,,,,,,18.0,38.4,99.4,225.4,324.9,205.1,265.0,470.1,-1.0,1-8,,124,75,114,119,109,127,32.8,33.0,170.7,232.8,403.4,158.9,251.2,410.1,0.3,4-5,,56,71,65,74,98,98,"{'schedule_row': {'id': 401762507, 'season': 2025, 'week': 12, 'kickoff_iso_utc': '2025-11-15T17:00:00Z', 'home_team': 'Charlotte', 'away_team': 'UTSA', 'venue': 'Jerry Richardson Stadium', 'conference_game': True}, 'league_metrics_home': {'Team': 'Charlotte', 'RY(O)': 99.4, 'R(O)_RY': 124, 'PY(O)': 225.4, 'R(O)_PY': 75, 'TY(O)': 324.9, 'R(O)_TY': 114, 'RY(D)': 205.1, 'R(D)_RY': 119, 'PY(D)': 265.0, 'R(D)_PY': 109, 'TY(D)': 470.1, 'R(D)_TY': 127, 'TO': -1.0, 'PF': 18.0, 'PA': 38.4, 'SU': '1-8', 'ATS': None}, 'league_metrics_away': {'Team': 'Utsa', 'RY(O)': 170.7, 'R(O)_RY': 56, 'PY(O)': 232.8, 'R(O)_PY': 71, 'TY(O)': 403.4, 'R(O)_TY': 65, 'RY(D)': 158.9, 'R(D)_RY': 74, 'PY(D)': 251.2, 'R(D)_PY': 98, 'TY(D)': 410.1, 'R(D)_TY': 98, 'TO': 0.3, 'PF': 32.8, 'PA': 33.0, 'SU': '4-5', 'ATS': None}, 'sagarin_home': {'fetched_at': Timestamp('2025-11-23 01:53:34.149432+0000', tz='UTC'), 'hfa': 3.67, 'page_stamp': 'COLLEGE FOOTBALL 2025 through results of 2025 NOVEMBER 15 SATURDAY - WEEK 12', 'pr': 44.98, 'pr_rank': 133, 'season': 2025, 'sos': 63.31, 'sos_rank': 83, 'source_url': 'http://sagarin.com/sports/cfsend.htm', 'team': 'Charlotte', 'team_norm': 'Charlotte', 'team_raw': 'Charlotte', 'week': 12}, 'sagarin_away': {'fetched_at': Timestamp('2025-11-23 01:53:34.149432+0000', tz='UTC'), 'hfa': 3.67, 'page_stamp': 'COLLEGE FOOTBALL 2025 through results of 2025 NOVEMBER 15 SATURDAY - WEEK 12', 'pr': 67.0, 'pr_rank': 78, 'season': 2025, 'sos': 64.37, 'sos_rank': 78, 'source_url': 'http://sagarin.com/sports/cfsend.htm', 'team': 'Utsa', 'team_norm': 'Utsa', 'team_raw': 'UTSA', 'week': 12}}"
2025,12,2025-11-15T17:00:00Z,20251115_1700_wisconsin_indiana,401752901,Indiana,Indiana,Wisconsin,Wisconsin,,,,,,,,93.49,2.0,72.53,53.0,71.3,81.57,50.0,3.0,3.67,20.96,,,,,,44.5,12.1,238.8,255.1,493.9,83.7,173.4,257.1,1.3,10-0,,4,25,1,8,30,10,12.6,22.3,117.2,140.6,257.8,111.4,219.6,331.0,-0.6,3-6,,111,127,130,23,54,39,"{'schedule_row': {'id': 401752901, 'season': 2025, 'week': 12, 'kickoff_iso_utc': '2025-11-15T17:00:00Z', 'home_team': 'Indiana', 'away_team': 'Wisconsin', 'venue': 'Memorial Stadium (Bloomington, IN)', 'conference_game': True}, 'league_metrics_home': {'Team': 'Indiana', 'RY(O)': 238.8, 'R(O)_RY': 4, 'PY(O)': 255.1, 'R(O)_PY': 25, 'TY(O)': 493.9, 'R(O)_TY': 1, 'RY(D)': 83.7, 'R(D)_RY': 8, 'PY(D)': 173.4, 'R(D)_PY': 30, 'TY(D)': 257.1, 'R(D)_TY': 10, 'TO': 1.3, 'PF': 44.5, 'PA': 12.1, 'SU': '10-0', 'ATS': None}, 'league_metrics_away': {'Team': 'Wisconsin', 'RY(O)': 117.2, 'R(O)_RY': 111, 'PY(O)': 140.6, 'R(O)_PY': 127, 'TY(O)': 257.8, 'R(O)_TY': 130, 'RY(D)': 111.4, 'R(D)_RY': 23, 'PY(D)': 219.6, 'R(D)_PY': 54, 'TY(D)': 331.0, 'R(D)_TY': 39, 'TO': -0.6, 'PF': 12.6, 'PA': 22.3, 'SU': '3-6', 'ATS': None}, 'sagarin_home': {'fetched_at': Timestamp('2025-11-23 01:53:34.149432+0000', tz='UTC'), 'hfa': 3.67, 'page_stamp': 'COLLEGE FOOTBALL 2025 through results of 2025 NOVEMBER 15 SATURDAY - WEEK 12', 'pr': 93.49, 'pr_rank': 2, 'season': 2025, 'sos': 71.3, 'sos_rank': 50, 'source_url': 'http://sagarin.com/sports/cfsend.htm', 'team': 'Indiana', 'team_norm': 'Indiana', 'team_raw': 'Indiana', 'week': 12}, 'sagarin_away': {'fetched_at': Timestamp('2025-11-23 01:53:34.149432+0000', tz='UTC'), 'hfa': 3.67, 'page_stamp': 'COLLEGE FOOTBALL 2025 through results of 2025 NOVEMBER 15 SATURDAY - WEEK 12', 'pr': 72.53, 'pr_rank': 53, 'season': 2025, 'sos': 81.57, 'sos_rank': 3, 'source_url': 'http://sagarin.com/sports/cfsend.htm', 'team': 'Wisconsin', 'team_norm': 'Wisconsin', 'team_raw': 'Wisconsin', 'week': 12}}"
2025,12,2025-11-15T17:45:00Z,20251115_1745_arkansas_lsu,401752768,LSU,Lsu,Arkansas,Arkansas,,,,,,,,83.47,18.0,76.16,39.0,79.34,78.61,6.0,7.0,3.67,7.31,,,,,,23.7,19.0,102.1,240.8,342.7,126.6,201.9,328.4,0.3,5-4,,122,63,104,32,38,37,35.4,33.3,209.1,275.7,484.8,185.8,246.4,432.2,-0.8,2-7,,18,29,11,103,94,111,"{'schedule_row': {'id': 401752768, 'season': 2025, 'week': 12, 'kickoff_iso_utc': '2025-11-15T17:45:00Z', 'home_team': 'LSU', 'away_team': 'Arkansas', 'venue': 'Tiger Stadium (LA)', 'conference_game': True}, 'league_metrics_home': {'Team': 'Lsu', 'RY(O)': 102.1, 'R(O)_RY': 122, 'PY(O)': 240.8, 'R(O)_PY': 63, 'TY(O)': 342.7, 'R(O)_TY': 104, 'RY(D)': 126.6, 'R(D)_RY': 32, 'PY(D)': 201.9, 'R(D)_PY': 38, 'TY(D)': 328.4, 'R(D)_TY': 37, 'TO': 0.3, 'PF': 23.7, 'PA': 19.0, 'SU': '5-4', 'ATS': None}, 'league_metrics_away': {'Team': 'Arkansas', 'RY(O)': 209.1, 'R(O)_RY': 18, 'PY(O)': 275.7, 'R(O)_PY': 29, 'TY(O)': 484.8, 'R(O)_TY': 11, 'RY(D)': 185.8, 'R(D)_RY': 103, 'PY(D)': 246.4, 'R(D)_PY': 94, 'TY(D)': 432.2, 'R(D)_TY': 111, 'TO': -0.8, 'PF': 35.4, 'PA': 33.3, 'SU': '2-7', 'ATS': None}, 'sagarin_home': {'fetched_at': Timestamp('2025-11-23 01:53:34.149432+0000', tz='UTC'), 'hfa': 3.67, 'page_stamp': 'COLLEGE FOOTBALL 2025 through results of 2025 NOVEMBER 15 SATURDAY - WEEK 12', 'pr': 83.47, 'pr_rank': 18, 'season': 2025, 'sos': 79.34, 'sos_rank': 6, 'source_url': 'http://sagarin.com/sports/cfsend.htm', 'team': 'Lsu', 'team_norm': 'Lsu', 'team_raw': 'LSU', 'week': 12}, 'sagarin_away': {'fetched_at': Timestamp('2025-11-23 01:53:34.149432+0000', tz='UTC'), 'hfa': 3.67, 'page_stamp': 'COLLEGE FOOTBALL 2025 through results of 2025 NOVEMBER 15 SATURDAY - WEEK 12', 'pr': 76.16, 'pr_rank': 39, 'season': 2025, 'sos': 78.61, 'sos_rank': 7, 'source_url': 'http://sagarin.com/sports/cfsend.htm', 'team': 'Arkansas', 'team_norm': 'Arkansas', 'team_raw': 'Arkansas', 'week': 12}}"
2025,12,2025-11-15T18:00:00Z,20251115_1800_oregon_state_tulsa,401752945,Tulsa,Tulsa,Oregon State,Oregon State,,,,,,,,53.91,122.0,56.68,111.0,61.75,64.87,98.0,74.0,3.67,-2.77,,,,,,21.9,30.8,155.7,231.2,386.9,182.8,233.3,416.1,-0.7,2-7,,69,73,76,100,76,103,19.6,29.0,141.8,222.4,364.2,143.8,229.7,373.5,-0.9,2-8,,67,56,63,76,104,101,"{'schedule_row': {'id': 401752945, 'season': 2025, 'week': 12, 'kickoff_iso_utc': '2025-11-15T18:00:00Z', 'home_team': 'Tulsa', 'away_team': 'Oregon State', 'venue': 'Chapman Stadium', 'conference_game': False}, 'league_metrics_home': {'Team': 'Tulsa', 'RY(O)': 155.7, 'R(O)_RY': 69, 'PY(O)': 231.2, 'R(O)_PY': 73, 'TY(O)': 386.9, 'R(O)_TY': 76, 'RY(D)': 182.8, 'R(D)_RY': 100, 'PY(D)': 233.3, 'R(D)_PY': 76, 'TY(D)': 416.1, 'R(D)_TY': 103, 'TO': -0.7, 'PF': 21.9, 'PA': 30.8, 'SU': '2-7', 'ATS': None}, 'league_metrics_away': {'Team': 'Oregon State', 'RY(O)': 141.8, 'R(O)_RY': 67, 'PY(O)': 222.4, 'R(O)_PY': 56, 'TY(O)': 364.2, 'R(O)_TY': 63, 'RY(D)': 143.8, 'R(D)_RY': 76, 'PY(D)': 229.7, 'R(D)_PY': 104, 'TY(D)': 373.5, 'R(D)_TY': 101, 'TO': -0.9, 'PF': 19.6, 'PA': 29.0, 'SU': '2-8', 'ATS': None}, 'sagarin_home': {'fetched_at': Timestamp('2025-11-23 01:53:34.149432+0000', tz='UTC'), 'hfa': 3.67, 'page_stamp': 'COLLEGE FOOTBALL 2025 through results of 2025 NOVEMBER 15 SATURDAY - WEEK 12', 'pr': 53.91, 'pr_rank': 122, 'season': 2025, 'sos': 61.75, 'sos_rank': 98, 'source_url': 'http://sagarin.com/sports/cfsend.htm', 'team': 'Tulsa', 'team_norm': 'Tulsa', 'team_raw': 'Tulsa', 'week': 12}, 'sagarin_away': {'fetched_at': Timestamp('2025-11-23 01:53:34.149432+0000', tz='UTC'), 'hfa': 3.67, 'page_stamp': 'COLLEGE FOOTBALL 2025 through results of 2025 NOVEMBER 15 SATURDAY - WEEK 12', 'pr': 56.68, 'pr_rank': 111, 'season': 2025, 'sos': 64.87, 'sos_rank': 74, 'source_url': 'http://sagarin.com/sports/cfsend.htm', 'team': 'Oregon State', 'team_norm': 'Oregon State', 'team_raw': 'Oregon State', 'week': 12}}"
2025,12,2025-11-15T18:00:00Z,20251115_1800_west_virginia_arizona_state,401756948,Arizona State,Arizona State,West Virginia,West Virginia,,,,,,,,76.06,40.0,68.43,69.0,73.17,73.11,31.0,34.0,3.67,7.63,,,,,,24.7,23.7,187.3,220.8,408.1,123.8,211.6,335.3,0.3,6-3,,37,79,61,28,50,40,23.8,29.6,182.3,177.1,359.4,143.4,259.4,402.8,0.2,4-6,,25,99,71,75,121,118,"{'schedule_row': {'id': 401756948, 'season': 2025, 'week': 12, 'kickoff_iso_utc': '2025-11-15T18:00:00Z', 'home_team': 'Arizona State', 'away_team': 'West Virginia', 'venue': 'Mountain America Stadium', 'conference_game': True}, 'league_metrics_home': {'Team': 'Arizona State', 'RY(O)': 187.3, 'R(O)_RY': 37, 'PY(O)': 220.8, 'R(O)_PY': 79, 'TY(O)': 408.1, 'R(O)_TY': 61, 'RY(D)': 123.8, 'R(D)_RY': 28, 'PY(D)': 211.6, 'R(D)_PY': 50, 'TY(D)': 335.3, 'R(D)_TY': 40, 'TO': 0.3, 'PF': 24.7, 'PA': 23.7, 'SU': '6-3', 'ATS': None}, 'league_metrics_away': {'Team': 'West Virginia', 'RY(O)': 182.3, 'R(O)_RY': 25, 'PY(O)': 177.1, 'R(O)_PY': 99, 'TY(O)': 359.4, 'R(O)_TY': 71, 'RY(D)': 143.4, 'R(D)_RY': 75, 'PY(D)': 259.4, 'R(D)_PY': 121, 'TY(D)': 402.8, 'R(D)_TY': 118, 'TO': 0.2, 'PF': 23.8, 'PA': 29.6, 'SU': '4-6', 'ATS': None}, 'sagarin_home': {'fetched_at': Timestamp('2025-11-23 01:53:34.149432+0000', tz='UTC'), 'hfa': 3.67, 'page_stamp': 'COLLEGE FOOTBALL 2025 through results of 2025 NOVEMBER 15 SATURDAY - WEEK 12', 'pr': 76.06, 'pr_rank': 40, 'season': 2025, 'sos': 73.17, 'sos_rank': 31, 'source_url': 'http://sagarin.com/sports/cfsend.htm', 'team': 'Arizona State', 'team_norm': 'Arizona State', 'team_raw': 'Arizona State', 'week': 12}, 'sagarin_away': {'fetched_at': Timestamp('2025-11-23 01:53:34.149432+0000', tz='UTC'), 'hfa': 3.67, 'page_stamp': 'COLLEGE FOOTBALL 2025 through results of 2025 NOVEMBER 15 SATURDAY - WEEK 12', 'pr': 68.43, 'pr_rank': 69, 'season': 2025, 'sos': 73.11, 'sos_rank': 34, 'source_url': 'http://sagarin.com/sports/cfsend.htm', 'team': 'West Virginia', 'team_norm': 'West Virginia', 'team_raw': 'West Virginia', 'week': 12}}"
2025,12,2025-11-15T19:00:00Z,20251115_1900_marshall_georgia_state,401761651,Georgia State,Georgia State,Marshall,Marshall,,,,,,,,49.09,129.0,63.41,90.0,65.2,62.34,73.0,91.0,3.67,-14.32,,,,,,21.1,40.7,116.2,253.8,370.0,220.2,233.4,453.7,-1.0,1-8,,112,52,88,124,77,121,32.9,32.8,212.0,185.1,397.1,146.0,266.7,412.7,0.7,4-5,,17,107,72,56,110,100,"{'schedule_row': {'id': 401761651, 'season': 2025, 'week': 12, 'kickoff_iso_utc': '2025-11-15T19:00:00Z', 'home_team': 'Georgia State', 'away_team': 'Marshall', 'venue': 'Center Parc Stadium', 'conference_game': True}, 'league_metrics_home': {'Team': 'Georgia State', 'RY(O)': 116.2, 'R(O)_RY': 112, 'PY(O)': 253.8, 'R(O)_PY': 52, 'TY(O)': 370.0, 'R(O)_TY': 88, 'RY(D)': 220.2, 'R(D)_RY': 124, 'PY(D)': 233.4, 'R(D)_PY': 77, 'TY(D)': 453.7, 'R(D)_TY': 121, 'TO': -1.0, 'PF': 21.1, 'PA': 40.7, 'SU': '1-8', 'ATS': None}, 'league_metrics_away': {'Team': 'Marshall', 'RY(O)': 212.0, 'R(O)_RY': 17, 'PY(O)': 185.1, 'R(O)_PY': 107, 'TY(O)': 397.1, 'R(O)_TY': 72, 'RY(D)': 146.0, 'R(D)_RY': 56, 'PY(D)': 266.7, 'R(D)_PY': 110, 'TY(D)': 412.7, 'R(D)_TY': 100, 'TO': 0.7, 'PF': 32.9, 'PA': 32.8, 'SU': '4-5', 'ATS': None}, 'sagarin_home': {'fetched_at': Timestamp('2025-11-23 01:53:34.149432+0000', tz='UTC'), 'hfa': 3.67, 'page_stamp': 'COLLEGE FOOTBALL 2025 through results of 2025 NOVEMBER 15 SATURDAY - WEEK 12', 'pr': 49.09, 'pr_rank': 129, 'season': 2025, 'sos': 65.2, 'sos_rank': 73, 'source_url': 'http://sagarin.com/sports/cfsend.htm', 'team': 'Georgia State', 'team_norm': 'Georgia State', 'team_raw': 'Georgia State', 'week': 12}, 'sagarin_away': {'fetched_at': Timestamp('2025-11-23 01:53:34.149432+0000', tz='UTC'), 'hfa': 3.67, 'page_stamp': 'COLLEGE FOOTBALL 2025 through results of 2025 NOVEMBER 15 SATURDAY - WEEK 12', 'pr': 63.41, 'pr_rank': 90, 'season': 2025, 'sos': 62.34, 'sos_rank': 91, 'source_url': 'http://sagarin.com/sports/cfsend.htm', 'team': 'Marshall', 'team_norm': 'Marshall', 'team_raw': 'Marshall', 'week': 12}}"
2025,12,2025-11-15T19:00:00Z,20251115_1900_north_texas_uab,401762506,UAB,Uab,North Texas,North Texas,,,,,,,,52.79,123.0,74.53,45.0,64.84,61.46,76.0,104.0,3.67,-21.74,,,,,,27.1,37.1,123.9,275.8,399.7,189.8,220.1,409.9,-0.8,3-6,,103,28,70,109,56,96,44.4,24.1,179.0,307.2,486.2,204.3,160.3,364.7,1.1,8-1,,47,12,9,118,8,55,"{'schedule_row': {'id': 401762506, 'season': 2025, 'week': 12, 'kickoff_iso_utc': '2025-11-15T19:00:00Z', 'home_team': 'UAB', 'away_team': 'North Texas', 'venue': 'Protective Stadium', 'conference_game': True}, 'league_metrics_home': {'Team': 'Uab', 'RY(O)': 123.9, 'R(O)_RY': 103, 'PY(O)': 275.8, 'R(O)_PY': 28, 'TY(O)': 399.7, 'R(O)_TY': 70, 'RY(D)': 189.8, 'R(D)_RY': 109, 'PY(D)': 220.1, 'R(D)_PY': 56, 'TY(D)': 409.9, 'R(D)_TY': 96, 'TO': -0.8, 'PF': 27.1, 'PA': 37.1, 'SU': '3-6', 'ATS': None}, 'league_metrics_away': {'Team': 'North Texas', 'RY(O)': 179.0, 'R(O)_RY': 47, 'PY(O)': 307.2, 'R(O)_PY': 12, 'TY(O)': 486.2, 'R(O)_TY': 9, 'RY(D)': 204.3, 'R(D)_RY': 118, 'PY(D)': 160.3, 'R(D)_PY': 8, 'TY(D)': 364.7, 'R(D)_TY': 55, 'TO': 1.1, 'PF': 44.4, 'PA': 24.1, 'SU': '8-1', 'ATS': None}, 'sagarin_home': {'fetched_at': Timestamp('2025-11-23 01:53:34.149432+0000', tz='UTC'), 'hfa': 3.67, 'page_stamp': 'COLLEGE FOOTBALL 2025 through results of 2025 NOVEMBER 15 SATURDAY - WEEK 12', 'pr': 52.79, 'pr_rank': 123, 'season': 2025, 'sos': 64.84, 'sos_rank': 76, 'source_url': 'http://sagarin.com/sports/cfsend.htm', 'team': 'Uab', 'team_norm': 'Uab', 'team_raw': 'UAB', 'week': 12}, 'sagarin_away': {'fetched_at': Timestamp('2025-11-23 01:53:34.149432+0000', tz='UTC'), 'hfa': 3.67, 'page_stamp': 'COLLEGE FOOTBALL 2025 through results of 2025 NOVEMBER 15 SATURDAY - WEEK 12', 'pr': 74.53, 'pr_rank': 45, 'season': 2025, 'sos': 61.46, 'sos_rank': 104, 'source_url': 'http://sagarin.com/sports/cfsend.htm', 'team': 'North Texas', 'team_norm': 'North Texas', 'team_raw': 'North Texas', 'week': 12}}"
2025,12,2025-11-15T20:00:00Z,20251115_2000_colorado_state_new_mexico,401760411,New Mexico,New Mexico,Colorado State,Colorado State,,,,,,,,62.36,93.0,55.78,116.0,61.55,64.86,103.0,75.0,3.67,6.58,,,,,,30.2,25.9,154.4,235.1,389.6,117.2,260.0,377.2,-1.0,6-3,,73,68,75,27,107,68,18.1,28.8,137.2,187.7,324.9,193.7,229.9,423.6,-0.1,2-7,,91,104,114,114,69,109,"{'schedule_row': {'id': 401760411, 'season': 2025, 'week': 12, 'kickoff_iso_utc': '2025-11-15T20:00:00Z', 'home_team': 'New Mexico', 'away_team': 'Colorado State', 'venue': 'University Stadium (NM)', 'conference_game': True}, 'league_metrics_home': {'Team': 'New Mexico', 'RY(O)': 154.4, 'R(O)_RY': 73, 'PY(O)': 235.1, 'R(O)_PY': 68, 'TY(O)': 389.6, 'R(O)_TY': 75, 'RY(D)': 117.2, 'R(D)_RY': 27, 'PY(D)': 260.0, 'R(D)_PY': 107, 'TY(D)': 377.2, 'R(D)_TY': 68, 'TO': -1.0, 'PF': 30.2, 'PA': 25.9, 'SU': '6-3', 'ATS': None}, 'league_metrics_away': {'Team': 'Colorado State', 'RY(O)': 137.2, 'R(O)_RY': 91, 'PY(O)': 187.7, 'R(O)_PY': 104, 'TY(O)': 324.9, 'R(O)_TY': 114, 'RY(D)': 193.7, 'R(D)_RY': 114, 'PY(D)': 229.9, 'R(D)_PY': 69, 'TY(D)': 423.6, 'R(D)_TY': 109, 'TO': -0.1, 'PF': 18.1, 'PA': 28.8, 'SU': '2-7', 'ATS': None}, 'sagarin_home': {'fetched_at': Timestamp('2025-11-23 01:53:34.149432+0000', tz='UTC'), 'hfa': 3.67, 'page_stamp': 'COLLEGE FOOTBALL 2025 through results of 2025 NOVEMBER 15 SATURDAY - WEEK 12', 'pr': 62.36, 'pr_rank': 93, 'season': 2025, 'sos': 61.55, 'sos_rank': 103, 'source_url': 'http://sagarin.com/sports/cfsend.htm', 'team': 'New Mexico', 'team_norm': 'New Mexico', 'team_raw': 'New Mexico', 'week': 12}, 'sagarin_away': {'fetched_at': Timestamp('2025-11-23 01:53:34.149432+0000', tz='UTC'), 'hfa': 3.67, 'page_stamp': 'COLLEGE FOOTBALL 2025 through results of 2025 NOVEMBER 15 SATURDAY - WEEK 12', 'pr': 55.78, 'pr_rank': 116, 'season': 2025, 'sos': 64.86, 'sos_rank': 75, 'source_url': 'http://sagarin.com/sports/cfsend.htm', 'team': 'Colorado State', 'team_norm': 'Colorado State', 'team_raw': 'Colorado State', 'week': 12}}"
2025,12,2025-11-15T20:00:00Z,20251115_2000_utep_missouri_state,401757304,Missouri State,Missouri State,UTEP,Utep,,,,,,,,,,,,,,,,,,,,,,,22.6,25.9,112.4,257.7,370.1,146.6,232.9,379.4,0.2,6-3,,115,44,87,57,74,70,21.6,25.8,110.9,219.4,330.3,169.8,193.9,363.7,-0.9,2-7,,117,82,113,86,32,54,"{'schedule_row': {'id': 401757304, 'season': 2025, 'week': 12, 'kickoff_iso_utc': '2025-11-15T20:00:00Z', 'home_team': 'Missouri State', 'away_team': 'UTEP', 'venue': 'Plaster Sports Complex', 'conference_game': True}, 'league_metrics_home': {'Team': 'Missouri State', 'RY(O)': 112.4, 'R(O)_RY': 115, 'PY(O)': 257.7, 'R(O)_PY': 44, 'TY(O)': 370.1, 'R(O)_TY': 87, 'RY(D)': 146.6, 'R(D)_RY': 57, 'PY(D)': 232.9, 'R(D)_PY': 74, 'TY(D)': 379.4, 'R(D)_TY': 70, 'TO': 0.2, 'PF': 22.6, 'PA': 25.9, 'SU': '6-3', 'ATS': None}, 'league_metrics_away': {'Team': 'Utep', 'RY(O)': 110.9, 'R(O)_RY': 117, 'PY(O)': 219.4, 'R(O)_PY': 82, 'TY(O)': 330.3, 'R(O)_TY': 113, 'RY(D)': 169.8, 'R(D)_RY': 86, 'PY(D)': 193.9, 'R(D)_PY': 32, 'TY(D)': 363.7, 'R(D)_TY': 54, 'TO': -0.9, 'PF': 21.6, 'PA': 25.8, 'SU': '2-7', 'ATS': None}, 'sagarin_away': {'fetched_at': Timestamp('2025-11-23 01:53:34.149432+0000', tz='UTC'), 'hfa': 3.67, 'page_stamp': 'COLLEGE FOOTBALL 2025 through results of 2025 NOVEMBER 15 SATURDAY - WEEK 12', 'pr': 52.21, 'pr_rank': 124, 'season': 2025, 'sos': 58.06, 'sos_rank': 132, 'source_url': 'http://sagarin.com/sports/cfsend.htm', 'team': 'Utep', 'team_norm': 'Utep', 'team_raw': 'UTEP', 'week': 12}}"
2025,12,2025-11-15T20:30:00Z,20251115_2030_app_state_james_madison,401761652,James Madison,James Madison,App State,App State,,,,,,,,78.98,32.0,55.57,117.0,60.88,60.24,108.0,117.0,3.67,23.41,,,,,,34.8,16.9,235.9,206.0,441.9,99.4,170.6,270.0,0.0,8-1,,8,91,31,10,14,8,26.6,27.3,128.6,288.1,416.7,117.2,271.2,388.4,-0.6,4-5,,98,21,50,27,115,79,"{'schedule_row': {'id': 401761652, 'season': 2025, 'week': 12, 'kickoff_iso_utc': '2025-11-15T20:30:00Z', 'home_team': 'James Madison', 'away_team': 'App State', 'venue': 'Bridgeforth Stadium', 'conference_game': True}, 'league_metrics_home': {'Team': 'James Madison', 'RY(O)': 235.9, 'R(O)_RY': 8, 'PY(O)': 206.0, 'R(O)_PY': 91, 'TY(O)': 441.9, 'R(O)_TY': 31, 'RY(D)': 99.4, 'R(D)_RY': 10, 'PY(D)': 170.6, 'R(D)_PY': 14, 'TY(D)': 270.0, 'R(D)_TY': 8, 'TO': 0.0, 'PF': 34.8, 'PA': 16.9, 'SU': '8-1', 'ATS': None}, 'league_metrics_away': {'Team': 'App State', 'RY(O)': 128.6, 'R(O)_RY': 98, 'PY(O)': 288.1, 'R(O)_PY': 21, 'TY(O)': 416.7, 'R(O)_TY': 50, 'RY(D)': 117.2, 'R(D)_RY': 27, 'PY(D)': 271.2, 'R(D)_PY': 115, 'TY(D)': 388.4, 'R(D)_TY': 79, 'TO': -0.6, 'PF': 26.6, 'PA': 27.3, 'SU': '4-5', 'ATS': None}, 'sagarin_home': {'fetched_at': Timestamp('2025-11-23 01:53:34.149432+0000', tz='UTC'), 'hfa': 3.67, 'page_stamp': 'COLLEGE FOOTBALL 2025 through results of 2025 NOVEMBER 15 SATURDAY - WEEK 12', 'pr': 78.98, 'pr_rank': 32, 'season': 2025, 'sos': 60.88, 'sos_rank': 108, 'source_url': 'http://sagarin.com/sports/cfsend.htm', 'team': 'James Madison', 'team_norm': 'James Madison', 'team_raw': 'James Madison', 'week': 12}, 'sagarin_away': {'fetched_at': Timestamp('2025-11-23 01:53:34.149432+0000', tz='UTC'), 'hfa': 3.67, 'page_stamp': 'COLLEGE FOOTBALL 2025 through results of 2025 NOVEMBER 15 SATURDAY - WEEK 12', 'pr': 55.57, 'pr_rank': 117, 'season': 2025, 'sos': 60.24, 'sos_rank': 117, 'source_url': 'http://sagarin.com/sports/cfsend.htm', 'team': 'Appalachian State', 'team_norm': 'Appalachian State', 'team_raw': 'Appalachian State', 'week': 12}}"
2025,12,2025-11-15T20:30:00Z,20251115_2030_georgia_tech_boston_college,401754592,Boston College,Boston College,Georgia Tech,Georgia Tech,,,,,,,,64.24,86.0,78.23,35.0,73.71,68.13,25.0,65.0,3.67,-13.99,,,,,,23.7,34.5,93.6,270.4,364.0,169.8,263.2,433.0,-1.0,1-9,,120,17,64,107,122,131,36.0,23.1,221.2,261.1,482.3,165.4,230.0,395.4,-0.3,8-1,,14,39,12,83,70,87,"{'schedule_row': {'id': 401754592, 'season': 2025, 'week': 12, 'kickoff_iso_utc': '2025-11-15T20:30:00Z', 'home_team': 'Boston College', 'away_team': 'Georgia Tech', 'venue': 'Alumni Stadium (Chestnut Hill, MA)', 'conference_game': True}, 'league_metrics_home': {'Team': 'Boston College', 'RY(O)': 93.6, 'R(O)_RY': 120, 'PY(O)': 270.4, 'R(O)_PY': 17, 'TY(O)': 364.0, 'R(O)_TY': 64, 'RY(D)': 169.8, 'R(D)_RY': 107, 'PY(D)': 263.2, 'R(D)_PY': 122, 'TY(D)': 433.0, 'R(D)_TY': 131, 'TO': -1.0, 'PF': 23.7, 'PA': 34.5, 'SU': '1-9', 'ATS': None}, 'league_metrics_away': {'Team': 'Georgia Tech', 'RY(O)': 221.2, 'R(O)_RY': 14, 'PY(O)': 261.1, 'R(O)_PY': 39, 'TY(O)': 482.3, 'R(O)_TY': 12, 'RY(D)': 165.4, 'R(D)_RY': 83, 'PY(D)': 230.0, 'R(D)_PY': 70, 'TY(D)': 395.4, 'R(D)_TY': 87, 'TO': -0.3, 'PF': 36.0, 'PA': 23.1, 'SU': '8-1', 'ATS': None}, 'sagarin_home': {'fetched_at': Timestamp('2025-11-23 01:53:34.149432+0000', tz='UTC'), 'hfa': 3.67, 'page_stamp': 'COLLEGE FOOTBALL 2025 through results of 2025 NOVEMBER 15 SATURDAY - WEEK 12', 'pr': 64.24, 'pr_rank': 86, 'season': 2025, 'sos': 73.71, 'sos_rank': 25, 'source_url': 'http://sagarin.com/sports/cfsend.htm', 'team': 'Boston College', 'team_norm': 'Boston College', 'team_raw': 'Boston College', 'week': 12}, 'sagarin_away': {'fetched_at': Timestamp('2025-11-23 01:53:34.149432+0000', tz='UTC'), 'hfa': 3.67, 'page_stamp': 'COLLEGE FOOTBALL 2025 through results of 2025 NOVEMBER 15 SATURDAY - WEEK 12', 'pr': 78.23, 'pr_rank': 35, 'season': 2025, 'sos': 68.13, 'sos_rank': 65, 'source_url': 'http://sagarin.com/sports/cfsend.htm', 'team': 'Georgia Tech', 'team_norm': 'Georgia Tech', 'team_raw': 'Georgia Tech', 'week': 12}}"
2025,12,2025-11-15T20:30:00Z,20251115_2030_iowa_usc_trojans,401752907,USC,USC Trojans,Iowa,Iowa,,,,,,,,85.58,14.0,83.98,17.0,73.17,75.79,32.0,18.0,3.67,1.6,,,,,,39.6,21.8,199.8,303.0,502.8,141.3,205.1,346.4,0.3,7-2,,29,15,6,50,44,44,29.6,13.7,175.9,133.2,309.1,109.0,146.7,255.7,0.4,6-3,,50,130,120,20,4,4,"{'schedule_row': {'id': 401752907, 'season': 2025, 'week': 12, 'kickoff_iso_utc': '2025-11-15T20:30:00Z', 'home_team': 'USC', 'away_team': 'Iowa', 'venue': 'Los Angeles Memorial Coliseum', 'conference_game': True}, 'league_metrics_home': {'Team': 'USC Trojans', 'RY(O)': 199.8, 'R(O)_RY': 29, 'PY(O)': 303.0, 'R(O)_PY': 15, 'TY(O)': 502.8, 'R(O)_TY': 6, 'RY(D)': 141.3, 'R(D)_RY': 50, 'PY(D)': 205.1, 'R(D)_PY': 44, 'TY(D)': 346.4, 'R(D)_TY': 44, 'TO': 0.3, 'PF': 39.6, 'PA': 21.8, 'SU': '7-2', 'ATS': None}, 'league_metrics_away': {'Team': 'Iowa', 'RY(O)': 175.9, 'R(O)_RY': 50, 'PY(O)': 133.2, 'R(O)_PY': 130, 'TY(O)': 309.1, 'R(O)_TY': 120, 'RY(D)': 109.0, 'R(D)_RY': 20, 'PY(D)': 146.7, 'R(D)_PY': 4, 'TY(D)': 255.7, 'R(D)_TY': 4, 'TO': 0.4, 'PF': 29.6, 'PA': 13.7, 'SU': '6-3', 'ATS': None}, 'sagarin_home': {'fetched_at': Timestamp('2025-11-23 01:53:34.149432+0000', tz='UTC'), 'hfa': 3.67, 'page_stamp': 'COLLEGE FOOTBALL 2025 through results of 2025 NOVEMBER 15 SATURDAY - WEEK 12', 'pr': 85.58, 'pr_rank': 14, 'season': 2025, 'sos': 73.17, 'sos_rank': 32, 'source_url': 'http://sagarin.com/sports/cfsend.htm', 'team': 'Southern California', 'team_norm': 'Southern California', 'team_raw': 'Southern California', 'week': 12}, 'sagarin_away': {'fetched_at': Timestamp('2025-11-23 01:53:34.149432+0000', tz='UTC'), 'hfa': 3.67, 'page_stamp': 'COLLEGE FOOTBALL 2025 through results of 2025 NOVEMBER 15 SATURDAY - WEEK 12', 'pr': 83.98, 'pr_rank': 17, 'season': 2025, 'sos': 75.79, 'sos_rank': 18, 'source_url': 'http://sagarin.com/sports/cfsend.htm', 'team': 'Iowa', 'team_norm': 'Iowa', 'team_raw': 'Iowa', 'week': 12}}"
2025,12,2025-11-15T20:30:00Z,20251115_2030_maryland_illinois,401752906,Illinois,Illinois,Maryland,Maryland,,,,,,,,80.37,26.0,67.9,72.0,74.03,71.34,23.0,49.0,3.67,12.47,,,,,,33.1,25.9,131.1,253.9,385.0,126.4,247.2,373.7,0.1,6-3,,96,51,77,31,95,63,25.3,23.4,118.3,232.8,351.1,166.3,226.6,392.9,0.9,4-5,,110,71,98,84,65,83,"{'schedule_row': {'id': 401752906, 'season': 2025, 'week': 12, 'kickoff_iso_utc': '2025-11-15T20:30:00Z', 'home_team': 'Illinois', 'away_team': 'Maryland', 'venue': 'Memorial Stadium (Champaign, IL)', 'conference_game': True}, 'league_metrics_home': {'Team': 'Illinois', 'RY(O)': 131.1, 'R(O)_RY': 96, 'PY(O)': 253.9, 'R(O)_PY': 51, 'TY(O)': 385.0, 'R(O)_TY': 77, 'RY(D)': 126.4, 'R(D)_RY': 31, 'PY(D)': 247.2, 'R(D)_PY': 95, 'TY(D)': 373.7, 'R(D)_TY': 63, 'TO': 0.1, 'PF': 33.1, 'PA': 25.9, 'SU': '6-3', 'ATS': None}, 'league_metrics_away': {'Team': 'Maryland', 'RY(O)': 118.3, 'R(O)_RY': 110, 'PY(O)': 232.8, 'R(O)_PY': 71, 'TY(O)': 351.1, 'R(O)_TY': 98, 'RY(D)': 166.3, 'R(D)_RY': 84, 'PY(D)': 226.6, 'R(D)_PY': 65, 'TY(D)': 392.9, 'R(D)_TY': 83, 'TO': 0.9, 'PF': 25.3, 'PA': 23.4, 'SU': '4-5', 'ATS': None}, 'sagarin_home': {'fetched_at': Timestamp('2025-11-23 01:53:34.149432+0000', tz='UTC'), 'hfa': 3.67, 'page_stamp': 'COLLEGE FOOTBALL 2025 through results of 2025 NOVEMBER 15 SATURDAY - WEEK 12', 'pr': 80.37, 'pr_rank': 26, 'season': 2025, 'sos': 74.03, 'sos_rank': 23, 'source_url': 'http://sagarin.com/sports/cfsend.htm', 'team': 'Illinois', 'team_norm': 'Illinois', 'team_raw': 'Illinois', 'week': 12}, 'sagarin_away': {'fetched_at': Timestamp('2025-11-23 01:53:34.149432+0000', tz='UTC'), 'hfa': 3.67, 'page_stamp': 'COLLEGE FOOTBALL 2025 through results of 2025 NOVEMBER 15 SATURDAY - WEEK 12', 'pr': 67.9, 'pr_rank': 72, 'season': 2025, 'sos': 71.34, 'sos_rank': 49, 'source_url': 'http://sagarin.com/sports/cfsend.htm', 'team': 'Maryland', 'team_norm': 'Maryland', 'team_raw': 'Maryland', 'week': 12}}"
2025,12,2025-11-15T20:30:00Z,20251115_2030_middle_tennessee_western_kentucky,401757303,Western Kentucky,Western Kentucky,Middle Tennessee,Middle Tennessee,,,,,,,,61.42,96.0,47.21,131.0,53.03,59.07,154.0,124.0,3.67,14.21,,,,,,30.1,22.8,122.0,287.8,409.8,177.7,205.3,383.0,-0.3,7-2,,105,22,59,94,46,75,20.1,32.0,81.1,251.3,332.4,147.0,234.6,381.6,-0.2,1-8,,128,53,112,59,78,74,"{'schedule_row': {'id': 401757303, 'season': 2025, 'week': 12, 'kickoff_iso_utc': '2025-11-15T20:30:00Z', 'home_team': 'Western Kentucky', 'away_team': 'Middle Tennessee', 'venue': 'Houchens Industries-L.T. Smith Stadium', 'conference_game': True}, 'league_metrics_home': {'Team': 'Western Kentucky', 'RY(O)': 122.0, 'R(O)_RY': 105, 'PY(O)': 287.8, 'R(O)_PY': 22, 'TY(O)': 409.8, 'R(O)_TY': 59, 'RY(D)': 177.7, 'R(D)_RY': 94, 'PY(D)': 205.3, 'R(D)_PY': 46, 'TY(D)': 383.0, 'R(D)_TY': 75, 'TO': -0.3, 'PF': 30.1, 'PA': 22.8, 'SU': '7-2', 'ATS': None}, 'league_metrics_away': {'Team': 'Middle Tennessee', 'RY(O)': 81.1, 'R(O)_RY': 128, 'PY(O)': 251.3, 'R(O)_PY': 53, 'TY(O)': 332.4, 'R(O)_TY': 112, 'RY(D)': 147.0, 'R(D)_RY': 59, 'PY(D)': 234.6, 'R(D)_PY': 78, 'TY(D)': 381.6, 'R(D)_TY': 74, 'TO': -0.2, 'PF': 20.1, 'PA': 32.0, 'SU': '1-8', 'ATS': None}, 'sagarin_home': {'fetched_at': Timestamp('2025-11-23 01:53:34.149432+0000', tz='UTC'), 'hfa': 3.67, 'page_stamp': 'COLLEGE FOOTBALL 2025 through results of 2025 NOVEMBER 15 SATURDAY - WEEK 12', 'pr': 61.42, 'pr_rank': 96, 'season': 2025, 'sos': 53.03, 'sos_rank': 154, 'source_url': 'http://sagarin.com/sports/cfsend.htm', 'team': 'Western Kentucky', 'team_norm': 'Western Kentucky', 'team_raw': 'Western Kentucky', 'week': 12}, 'sagarin_away': {'fetched_at': Timestamp('2025-11-23 01:53:34.149432+0000', tz='UTC'), 'hfa': 3.67, 'page_stamp': 'COLLEGE FOOTBALL 2025 through results of 2025 NOVEMBER 15 SATURDAY - WEEK 12', 'pr': 47.21, 'pr_rank': 131, 'season': 2025, 'sos': 59.07, 'sos_rank': 124, 'source_url': 'http://sagarin.com/sports/cfsend.htm', 'team': 'Middle Tennessee', 'team_norm': 'Middle Tennessee', 'team_raw': 'Middle Tennessee', 'week': 12}}"
2025,12,2025-11-15T20:30:00Z,20251115_2030_nc_state_miami,401754595,Miami,Miami,NC State,Nc State,,,,,,,,89.04,9.0,73.09,51.0,72.96,75.65,35.0,19.0,3.67,15.95,,,,,,32.9,15.0,151.3,259.1,410.4,88.4,196.8,285.2,0.8,7-2,,79,41,57,6,34,9,32.4,30.6,161.6,277.8,439.3,133.2,292.4,425.7,-0.4,5-4,,60,27,33,39,122,110,"{'schedule_row': {'id': 401754595, 'season': 2025, 'week': 12, 'kickoff_iso_utc': '2025-11-15T20:30:00Z', 'home_team': 'Miami', 'away_team': 'NC State', 'venue': 'Hard Rock Stadium', 'conference_game': True}, 'league_metrics_home': {'Team': 'Miami', 'RY(O)': 151.3, 'R(O)_RY': 79, 'PY(O)': 259.1, 'R(O)_PY': 41, 'TY(O)': 410.4, 'R(O)_TY': 57, 'RY(D)': 88.4, 'R(D)_RY': 6, 'PY(D)': 196.8, 'R(D)_PY': 34, 'TY(D)': 285.2, 'R(D)_TY': 9, 'TO': 0.8, 'PF': 32.9, 'PA': 15.0, 'SU': '7-2', 'ATS': None}, 'league_metrics_away': {'Team': 'Nc State', 'RY(O)': 161.6, 'R(O)_RY': 60, 'PY(O)': 277.8, 'R(O)_PY': 27, 'TY(O)': 439.3, 'R(O)_TY': 33, 'RY(D)': 133.2, 'R(D)_RY': 39, 'PY(D)': 292.4, 'R(D)_PY': 122, 'TY(D)': 425.7, 'R(D)_TY': 110, 'TO': -0.4, 'PF': 32.4, 'PA': 30.6, 'SU': '5-4', 'ATS': None}, 'sagarin_home': {'fetched_at': Timestamp('2025-11-23 01:53:34.149432+0000', tz='UTC'), 'hfa': 3.67, 'page_stamp': 'COLLEGE FOOTBALL 2025 through results of 2025 NOVEMBER 15 SATURDAY - WEEK 12', 'pr': 89.04, 'pr_rank': 9, 'season': 2025, 'sos': 72.96, 'sos_rank': 35, 'source_url': 'http://sagarin.com/sports/cfsend.htm', 'team': 'Miami-florida', 'team_norm': 'Miami-florida', 'team_raw': 'Miami-Florida', 'week': 12}, 'sagarin_away': {'fetched_at': Timestamp('2025-11-23 01:53:34.149432+0000', tz='UTC'), 'hfa': 3.67, 'page_stamp': 'COLLEGE FOOTBALL 2025 through results of 2025 NOVEMBER 15 SATURDAY - WEEK 12', 'pr': 73.09, 'pr_rank': 51, 'season': 2025, 'sos': 75.65, 'sos_rank': 19, 'source_url': 'http://sagarin.com/sports/cfsend.htm', 'team': 'Nc State', 'team_norm': 'Nc State', 'team_raw': 'NC State', 'week': 12}}"
2025,12,2025-11-15T20:30:00Z,20251115_2030_oklahoma_alabama_crimson_tide,401752765,Alabama,Alabama Crimson Tide,Oklahoma,Oklahoma,,,,,,,,90.41,7.0,86.34,12.0,80.37,77.27,4.0,12.0,3.67,4.07,,,,,,32.8,17.2,112.0,291.2,403.2,139.2,164.7,303.9,1.1,8-1,,116,19,66,45,10,17,28.9,14.1,137.3,236.7,374.0,82.8,181.8,264.6,-0.6,7-2,,90,67,85,3,19,6,"{'schedule_row': {'id': 401752765, 'season': 2025, 'week': 12, 'kickoff_iso_utc': '2025-11-15T20:30:00Z', 'home_team': 'Alabama', 'away_team': 'Oklahoma', 'venue': 'Bryant-Denny Stadium', 'conference_game': True}, 'league_metrics_home': {'Team': 'Alabama Crimson Tide', 'RY(O)': 112.0, 'R(O)_RY': 116, 'PY(O)': 291.2, 'R(O)_PY': 19, 'TY(O)': 403.2, 'R(O)_TY': 66, 'RY(D)': 139.2, 'R(D)_RY': 45, 'PY(D)': 164.7, 'R(D)_PY': 10, 'TY(D)': 303.9, 'R(D)_TY': 17, 'TO': 1.1, 'PF': 32.8, 'PA': 17.2, 'SU': '8-1', 'ATS': None}, 'league_metrics_away': {'Team': 'Oklahoma', 'RY(O)': 137.3, 'R(O)_RY': 90, 'PY(O)': 236.7, 'R(O)_PY': 67, 'TY(O)': 374.0, 'R(O)_TY': 85, 'RY(D)': 82.8, 'R(D)_RY': 3, 'PY(D)': 181.8, 'R(D)_PY': 19, 'TY(D)': 264.6, 'R(D)_TY': 6, 'TO': -0.6, 'PF': 28.9, 'PA': 14.1, 'SU': '7-2', 'ATS': None}, 'sagarin_home': {'fetched_at': Timestamp('2025-11-23 01:53:34.149432+0000', tz='UTC'), 'hfa': 3.67, 'page_stamp': 'COLLEGE FOOTBALL 2025 through results of 2025 NOVEMBER 15 SATURDAY - WEEK 12', 'pr': 90.41, 'pr_rank': 7, 'season': 2025, 'sos': 80.37, 'sos_rank': 4, 'source_url': 'http://sagarin.com/sports/cfsend.htm', 'team': 'Alabama Crimson Tide', 'team_norm': 'Alabama Crimson Tide', 'team_raw': 'Alabama', 'week': 12}, 'sagarin_away': {'fetched_at': Timestamp('2025-11-23 01:53:34.149432+0000', tz='UTC'), 'hfa': 3.67, 'page_stamp': 'COLLEGE FOOTBALL 2025 through results of 2025 NOVEMBER 15 SATURDAY - WEEK 12', 'pr': 86.34, 'pr_rank': 12, 'season': 2025, 'sos': 77.27, 'sos_rank': 12, 'source_url': 'http://sagarin.com/sports/cfsend.htm', 'team': 'Oklahoma', 'team_norm': 'Oklahoma', 'team_raw': 'Oklahoma', 'week': 12}}"
2025,12,2025-11-15T20:30:00Z,20251115_2030_penn_state_michigan_state,401752903,Michigan State,Michigan State,Penn State,Penn State,,,,,,,,68.87,66.0,85.33,15.0,74.5,73.84,21.0,24.0,3.67,-16.46,,,,,,25.6,31.4,125.6,221.9,347.4,146.0,227.0,373.0,-0.3,3-6,,100,78,100,56,66,62,30.7,22.3,151.0,184.7,335.7,154.9,172.1,327.0,0.1,3-6,,80,108,109,70,15,35,"{'schedule_row': {'id': 401752903, 'season': 2025, 'week': 12, 'kickoff_iso_utc': '2025-11-15T20:30:00Z', 'home_team': 'Michigan State', 'away_team': 'Penn State', 'venue': 'Spartan Stadium', 'conference_game': True}, 'league_metrics_home': {'Team': 'Michigan State', 'RY(O)': 125.6, 'R(O)_RY': 100, 'PY(O)': 221.9, 'R(O)_PY': 78, 'TY(O)': 347.4, 'R(O)_TY': 100, 'RY(D)': 146.0, 'R(D)_RY': 56, 'PY(D)': 227.0, 'R(D)_PY': 66, 'TY(D)': 373.0, 'R(D)_TY': 62, 'TO': -0.3, 'PF': 25.6, 'PA': 31.4, 'SU': '3-6', 'ATS': None}, 'league_metrics_away': {'Team': 'Penn State', 'RY(O)': 151.0, 'R(O)_RY': 80, 'PY(O)': 184.7, 'R(O)_PY': 108, 'TY(O)': 335.7, 'R(O)_TY': 109, 'RY(D)': 154.9, 'R(D)_RY': 70, 'PY(D)': 172.1, 'R(D)_PY': 15, 'TY(D)': 327.0, 'R(D)_TY': 35, 'TO': 0.1, 'PF': 30.7, 'PA': 22.3, 'SU': '3-6', 'ATS': None}, 'sagarin_home': {'fetched_at': Timestamp('2025-11-23 01:53:34.149432+0000', tz='UTC'), 'hfa': 3.67, 'page_stamp': 'COLLEGE FOOTBALL 2025 through results of 2025 NOVEMBER 15 SATURDAY - WEEK 12', 'pr': 68.87, 'pr_rank': 66, 'season': 2025, 'sos': 74.5, 'sos_rank': 21, 'source_url': 'http://sagarin.com/sports/cfsend.htm', 'team': 'Michigan State', 'team_norm': 'Michigan State', 'team_raw': 'Michigan State', 'week': 12}, 'sagarin_away': {'fetched_at': Timestamp('2025-11-23 01:53:34.149432+0000', tz='UTC'), 'hfa': 3.67, 'page_stamp': 'COLLEGE FOOTBALL 2025 through results of 2025 NOVEMBER 15 SATURDAY - WEEK 12', 'pr': 85.33, 'pr_rank': 15, 'season': 2025, 'sos': 73.84, 'sos_rank': 24, 'source_url': 'http://sagarin.com/sports/cfsend.htm', 'team': 'Penn State', 'team_norm': 'Penn State', 'team_raw': 'Penn State', 'week': 12}}"
2025,12,2025-11-15T20:30:00Z,20251115_2030_san_jos_state_nevada,401760413,Nevada,Nevada,San José State,San José State,,,,,,,,54.08,121.0,56.36,112.0,63.77,62.42,80.0,90.0,3.67,-2.28,,,,,,14.0,30.1,137.7,151.7,289.3,153.9,230.6,384.4,-1.8,1-8,,89,124,126,68,71,77,25.6,29.9,118.9,333.8,452.7,140.2,281.0,421.2,-0.4,3-6,,109,4,25,47,119,107,"{'schedule_row': {'id': 401760413, 'season': 2025, 'week': 12, 'kickoff_iso_utc': '2025-11-15T20:30:00Z', 'home_team': 'Nevada', 'away_team': 'San José State', 'venue': 'Mackay Stadium', 'conference_game': True}, 'league_metrics_home': {'Team': 'Nevada', 'RY(O)': 137.7, 'R(O)_RY': 89, 'PY(O)': 151.7, 'R(O)_PY': 124, 'TY(O)': 289.3, 'R(O)_TY': 126, 'RY(D)': 153.9, 'R(D)_RY': 68, 'PY(D)': 230.6, 'R(D)_PY': 71, 'TY(D)': 384.4, 'R(D)_TY': 77, 'TO': -1.8, 'PF': 14.0, 'PA': 30.1, 'SU': '1-8', 'ATS': None}, 'league_metrics_away': {'Team': 'San José State', 'RY(O)': 118.9, 'R(O)_RY': 109, 'PY(O)': 333.8, 'R(O)_PY': 4, 'TY(O)': 452.7, 'R(O)_TY': 25, 'RY(D)': 140.2, 'R(D)_RY': 47, 'PY(D)': 281.0, 'R(D)_PY': 119, 'TY(D)': 421.2, 'R(D)_TY': 107, 'TO': -0.4, 'PF': 25.6, 'PA': 29.9, 'SU': '3-6', 'ATS': None}, 'sagarin_home': {'fetched_at': Timestamp('2025-11-23 01:53:34.149432+0000', tz='UTC'), 'hfa': 3.67, 'page_stamp': 'COLLEGE FOOTBALL 2025 through results of 2025 NOVEMBER 15 SATURDAY - WEEK 12', 'pr': 54.08, 'pr_rank': 121, 'season': 2025, 'sos': 63.77, 'sos_rank': 80, 'source_url': 'http://sagarin.com/sports/cfsend.htm', 'team': 'Nevada', 'team_norm': 'Nevada', 'team_raw': 'Nevada', 'week': 12}, 'sagarin_away': {'fetched_at': Timestamp('2025-11-23 01:53:34.149432+0000', tz='UTC'), 'hfa': 3.67, 'page_stamp': 'COLLEGE FOOTBALL 2025 through results of 2025 NOVEMBER 15 SATURDAY - WEEK 12', 'pr': 56.36, 'pr_rank': 112, 'season': 2025, 'sos': 62.42, 'sos_rank': 90, 'source_url': 'http://sagarin.com/sports/cfsend.htm', 'team': 'San Jose State', 'team_norm': 'San Jose State', 'team_raw': 'San Jose State', 'week': 12}}"
2025,12,2025-11-15T20:30:00Z,20251115_2030_south_alabama_ul_monroe,401761653,UL Monroe,Ul Monroe,South Alabama,South Alabama,,,,,,,,49.43,128.0,59.06,107.0,62.28,60.7,92.0,112.0,3.67,-9.63,,,,,,16.0,32.9,171.1,150.7,321.8,146.9,242.3,389.2,-1.0,3-6,,55,125,116,58,90,82,24.9,29.7,193.7,185.4,379.1,192.8,188.6,381.3,0.1,2-7,,33,106,83,112,26,73,"{'schedule_row': {'id': 401761653, 'season': 2025, 'week': 12, 'kickoff_iso_utc': '2025-11-15T20:30:00Z', 'home_team': 'UL Monroe', 'away_team': 'South Alabama', 'venue': 'Malone Stadium', 'conference_game': True}, 'league_metrics_home': {'Team': 'Ul Monroe', 'RY(O)': 171.1, 'R(O)_RY': 55, 'PY(O)': 150.7, 'R(O)_PY': 125, 'TY(O)': 321.8, 'R(O)_TY': 116, 'RY(D)': 146.9, 'R(D)_RY': 58, 'PY(D)': 242.3, 'R(D)_PY': 90, 'TY(D)': 389.2, 'R(D)_TY': 82, 'TO': -1.0, 'PF': 16.0, 'PA': 32.9, 'SU': '3-6', 'ATS': None}, 'league_metrics_away': {'Team': 'South Alabama', 'RY(O)': 193.7, 'R(O)_RY': 33, 'PY(O)': 185.4, 'R(O)_PY': 106, 'TY(O)': 379.1, 'R(O)_TY': 83, 'RY(D)': 192.8, 'R(D)_RY': 112, 'PY(D)': 188.6, 'R(D)_PY': 26, 'TY(D)': 381.3, 'R(D)_TY': 73, 'TO': 0.1, 'PF': 24.9, 'PA': 29.7, 'SU': '2-7', 'ATS': None}, 'sagarin_home': {'fetched_at': Timestamp('2025-11-23 01:53:34.149432+0000', tz='UTC'), 'hfa': 3.67, 'page_stamp': 'COLLEGE FOOTBALL 2025 through results of 2025 NOVEMBER 15 SATURDAY - WEEK 12', 'pr': 49.43, 'pr_rank': 128, 'season': 2025, 'sos': 62.28, 'sos_rank': 92, 'source_url': 'http://sagarin.com/sports/cfsend.htm', 'team': 'Louisianamonroe(ulm)', 'team_norm': 'Louisianamonroe(ulm)', 'team_raw': 'LouisianaMonroe(ULM)', 'week': 12}, 'sagarin_away': {'fetched_at': Timestamp('2025-11-23 01:53:34.149432+0000', tz='UTC'), 'hfa': 3.67, 'page_stamp': 'COLLEGE FOOTBALL 2025 through results of 2025 NOVEMBER 15 SATURDAY - WEEK 12', 'pr': 59.06, 'pr_rank': 107, 'season': 2025, 'sos': 60.7, 'sos_rank': 112, 'source_url': 'http://sagarin.com/sports/cfsend.htm', 'team': 'South Alabama', 'team_norm': 'South Alabama', 'team_raw': 'South Alabama', 'week': 12}}"
2025,12,2025-11-15T20:30:00Z,20251115_2030_texas_state_southern_miss,401761654,Southern Miss,Southern Miss,Texas State,Texas State,,,,,,,,63.08,92.0,66.83,79.0,60.0,64.75,118.0,77.0,3.67,-3.75,,,,,,32.3,24.2,154.0,258.2,412.2,162.7,226.4,389.1,1.8,7-2,,76,43,55,80,64,81,34.7,34.8,212.4,265.8,478.2,179.0,239.0,418.0,-0.9,3-6,,16,38,13,96,83,105,"{'schedule_row': {'id': 401761654, 'season': 2025, 'week': 12, 'kickoff_iso_utc': '2025-11-15T20:30:00Z', 'home_team': 'Southern Miss', 'away_team': 'Texas State', 'venue': 'M. M. Roberts Stadium', 'conference_game': True}, 'league_metrics_home': {'Team': 'Southern Miss', 'RY(O)': 154.0, 'R(O)_RY': 76, 'PY(O)': 258.2, 'R(O)_PY': 43, 'TY(O)': 412.2, 'R(O)_TY': 55, 'RY(D)': 162.7, 'R(D)_RY': 80, 'PY(D)': 226.4, 'R(D)_PY': 64, 'TY(D)': 389.1, 'R(D)_TY': 81, 'TO': 1.8, 'PF': 32.3, 'PA': 24.2, 'SU': '7-2', 'ATS': None}, 'league_metrics_away': {'Team': 'Texas State', 'RY(O)': 212.4, 'R(O)_RY': 16, 'PY(O)': 265.8, 'R(O)_PY': 38, 'TY(O)': 478.2, 'R(O)_TY': 13, 'RY(D)': 179.0, 'R(D)_RY': 96, 'PY(D)': 239.0, 'R(D)_PY': 83, 'TY(D)': 418.0, 'R(D)_TY': 105, 'TO': -0.9, 'PF': 34.7, 'PA': 34.8, 'SU': '3-6', 'ATS': None}, 'sagarin_home': {'fetched_at': Timestamp('2025-11-23 01:53:34.149432+0000', tz='UTC'), 'hfa': 3.67, 'page_stamp': 'COLLEGE FOOTBALL 2025 through results of 2025 NOVEMBER 15 SATURDAY - WEEK 12', 'pr': 63.08, 'pr_rank': 92, 'season': 2025, 'sos': 60.0, 'sos_rank': 118, 'source_url': 'http://sagarin.com/sports/cfsend.htm', 'team': 'Southern Miss', 'team_norm': 'Southern Miss', 'team_raw': 'Southern Miss', 'week': 12}, 'sagarin_away': {'fetched_at': Timestamp('2025-11-23 01:53:34.149432+0000', tz='UTC'), 'hfa': 3.67, 'page_stamp': 'COLLEGE FOOTBALL 2025 through results of 2025 NOVEMBER 15 SATURDAY - WEEK 12', 'pr': 66.83, 'pr_rank': 79, 'season': 2025, 'sos': 64.75, 'sos_rank': 77, 'source_url': 'http://sagarin.com/sports/cfsend.htm', 'team': 'Texas State', 'team_norm': 'Texas State', 'team_raw': 'Texas State', 'week': 12}}"
2025,12,2025-11-15T20:30:00Z,20251115_2030_ucf_texas_tech,401756953,Texas Tech,Texas Tech,UCF,Ucf,,,,,,,,89.71,8.0,67.62,73.0,66.75,69.43,70.0,59.0,3.67,22.09,,,,,,42.1,12.6,194.6,285.7,480.3,76.6,192.7,269.3,1.1,9-1,,15,7,3,5,51,13,27.2,20.0,186.6,216.2,402.8,154.1,168.2,322.3,0.1,4-5,,38,85,67,69,13,28,"{'schedule_row': {'id': 401756953, 'season': 2025, 'week': 12, 'kickoff_iso_utc': '2025-11-15T20:30:00Z', 'home_team': 'Texas Tech', 'away_team': 'UCF', 'venue': 'Jones AT&T Stadium', 'conference_game': True}, 'league_metrics_home': {'Team': 'Texas Tech', 'RY(O)': 194.6, 'R(O)_RY': 15, 'PY(O)': 285.7, 'R(O)_PY': 7, 'TY(O)': 480.3, 'R(O)_TY': 3, 'RY(D)': 76.6, 'R(D)_RY': 5, 'PY(D)': 192.7, 'R(D)_PY': 51, 'TY(D)': 269.3, 'R(D)_TY': 13, 'TO': 1.1, 'PF': 42.1, 'PA': 12.6, 'SU': '9-1', 'ATS': None}, 'league_metrics_away': {'Team': 'Ucf', 'RY(O)': 186.6, 'R(O)_RY': 38, 'PY(O)': 216.2, 'R(O)_PY': 85, 'TY(O)': 402.8, 'R(O)_TY': 67, 'RY(D)': 154.1, 'R(D)_RY': 69, 'PY(D)': 168.2, 'R(D)_PY': 13, 'TY(D)': 322.3, 'R(D)_TY': 28, 'TO': 0.1, 'PF': 27.2, 'PA': 20.0, 'SU': '4-5', 'ATS': None}, 'sagarin_home': {'fetched_at': Timestamp('2025-11-23 01:53:34.149432+0000', tz='UTC'), 'hfa': 3.67, 'page_stamp': 'COLLEGE FOOTBALL 2025 through results of 2025 NOVEMBER 15 SATURDAY - WEEK 12', 'pr': 89.71, 'pr_rank': 8, 'season': 2025, 'sos': 66.75, 'sos_rank': 70, 'source_url': 'http://sagarin.com/sports/cfsend.htm', 'team': 'Texas Tech', 'team_norm': 'Texas Tech', 'team_raw': 'Texas Tech', 'week': 12}, 'sagarin_away': {'fetched_at': Timestamp('2025-11-23 01:53:34.149432+0000', tz='UTC'), 'hfa': 3.67, 'page_stamp': 'COLLEGE FOOTBALL 2025 through results of 2025 NOVEMBER 15 SATURDAY - WEEK 12', 'pr': 67.62, 'pr_rank': 73, 'season': 2025, 'sos': 69.43, 'sos_rank': 59, 'source_url': 'http://sagarin.com/sports/cfsend.htm', 'team': 'Central Florida(ucf)', 'team_norm': 'Central Florida(ucf)', 'team_raw': 'Central Florida(UCF)', 'week': 12}}"
2025,12,2025-11-15T20:30:00Z,20251115_2030_virginia_duke,401754593,Duke,Duke,Virginia,Virginia,,,,,,,,73.71,47.0,77.9,36.0,72.36,69.49,43.0,58.0,3.67,-4.19,,,,,,35.2,29.1,139.7,312.9,452.6,137.9,268.6,406.4,0.2,5-4,,87,9,26,43,114,95,33.7,21.6,186.0,243.5,429.5,116.1,215.0,331.1,0.6,8-2,,21,33,16,36,82,58,"{'schedule_row': {'id': 401754593, 'season': 2025, 'week': 12, 'kickoff_iso_utc': '2025-11-15T20:30:00Z', 'home_team': 'Duke', 'away_team': 'Virginia', 'venue': 'Wallace Wade Stadium', 'conference_game': True}, 'league_metrics_home': {'Team': 'Duke', 'RY(O)': 139.7, 'R(O)_RY': 87, 'PY(O)': 312.9, 'R(O)_PY': 9, 'TY(O)': 452.6, 'R(O)_TY': 26, 'RY(D)': 137.9, 'R(D)_RY': 43, 'PY(D)': 268.6, 'R(D)_PY': 114, 'TY(D)': 406.4, 'R(D)_TY': 95, 'TO': 0.2, 'PF': 35.2, 'PA': 29.1, 'SU': '5-4', 'ATS': None}, 'league_metrics_away': {'Team': 'Virginia', 'RY(O)': 186.0, 'R(O)_RY': 21, 'PY(O)': 243.5, 'R(O)_PY': 33, 'TY(O)': 429.5, 'R(O)_TY': 16, 'RY(D)': 116.1, 'R(D)_RY': 36, 'PY(D)': 215.0, 'R(D)_PY': 82, 'TY(D)': 331.1, 'R(D)_TY': 58, 'TO': 0.6, 'PF': 33.7, 'PA': 21.6, 'SU': '8-2', 'ATS': None}, 'sagarin_home': {'fetched_at': Timestamp('2025-11-23 01:53:34.149432+0000', tz='UTC'), 'hfa': 3.67, 'page_stamp': 'COLLEGE FOOTBALL 2025 through results of 2025 NOVEMBER 15 SATURDAY - WEEK 12', 'pr': 73.71, 'pr_rank': 47, 'season': 2025, 'sos': 72.36, 'sos_rank': 43, 'source_url': 'http://sagarin.com/sports/cfsend.htm', 'team': 'Duke', 'team_norm': 'Duke', 'team_raw': 'Duke', 'week': 12}, 'sagarin_away': {'fetched_at': Timestamp('2025-11-23 01:53:34.149432+0000', tz='UTC'), 'hfa': 3.67, 'page_stamp': 'COLLEGE FOOTBALL 2025 through results of 2025 NOVEMBER 15 SATURDAY - WEEK 12', 'pr': 77.9, 'pr_rank': 36, 'season': 2025, 'sos': 69.49, 'sos_rank': 58, 'source_url': 'http://sagarin.com/sports/cfsend.htm', 'team': 'Virginia', 'team_norm': 'Virginia', 'team_raw': 'Virginia', 'week': 12}}"
2025,12,2025-11-15T21:00:00Z,20251115_2100_florida_atlantic_tulane,401762509,Tulane,Tulane,Florida Atlantic,Florida Atlantic,,,,,,,,71.18,60.0,58.15,109.0,67.41,62.8,69.0,84.0,3.67,13.03,,,,,,27.2,26.2,169.7,244.1,413.8,147.9,257.9,405.8,0.2,7-2,,57,61,54,60,106,94,31.3,34.6,103.7,324.2,427.9,203.3,208.6,411.9,-1.3,4-5,,121,6,43,117,47,99,"{'schedule_row': {'id': 401762509, 'season': 2025, 'week': 12, 'kickoff_iso_utc': '2025-11-15T21:00:00Z', 'home_team': 'Tulane', 'away_team': 'Florida Atlantic', 'venue': 'Yulman Stadium', 'conference_game': True}, 'league_metrics_home': {'Team': 'Tulane', 'RY(O)': 169.7, 'R(O)_RY': 57, 'PY(O)': 244.1, 'R(O)_PY': 61, 'TY(O)': 413.8, 'R(O)_TY': 54, 'RY(D)': 147.9, 'R(D)_RY': 60, 'PY(D)': 257.9, 'R(D)_PY': 106, 'TY(D)': 405.8, 'R(D)_TY': 94, 'TO': 0.2, 'PF': 27.2, 'PA': 26.2, 'SU': '7-2', 'ATS': None}, 'league_metrics_away': {'Team': 'Florida Atlantic', 'RY(O)': 103.7, 'R(O)_RY': 121, 'PY(O)': 324.2, 'R(O)_PY': 6, 'TY(O)': 427.9, 'R(O)_TY': 43, 'RY(D)': 203.3, 'R(D)_RY': 117, 'PY(D)': 208.6, 'R(D)_PY': 47, 'TY(D)': 411.9, 'R(D)_TY': 99, 'TO': -1.3, 'PF': 31.3, 'PA': 34.6, 'SU': '4-5', 'ATS': None}, 'sagarin_home': {'fetched_at': Timestamp('2025-11-23 01:53:34.149432+0000', tz='UTC'), 'hfa': 3.67, 'page_stamp': 'COLLEGE FOOTBALL 2025 through results of 2025 NOVEMBER 15 SATURDAY - WEEK 12', 'pr': 71.18, 'pr_rank': 60, 'season': 2025, 'sos': 67.41, 'sos_rank': 69, 'source_url': 'http://sagarin.com/sports/cfsend.htm', 'team': 'Tulane', 'team_norm': 'Tulane', 'team_raw': 'Tulane', 'week': 12}, 'sagarin_away': {'fetched_at': Timestamp('2025-11-23 01:53:34.149432+0000', tz='UTC'), 'hfa': 3.67, 'page_stamp': 'COLLEGE FOOTBALL 2025 through results of 2025 NOVEMBER 15 SATURDAY - WEEK 12', 'pr': 58.15, 'pr_rank': 109, 'season': 2025, 'sos': 62.8, 'sos_rank': 84, 'source_url': 'http://sagarin.com/sports/cfsend.htm', 'team': 'Florida Atlantic', 'team_norm': 'Florida Atlantic', 'team_raw': 'Florida Atlantic', 'week': 12}}"
2025,12,2025-11-15T21:00:00Z,20251115_2100_memphis_east_carolina,401762508,East Carolina,East Carolina,Memphis,Memphis,,,,,,,,71.71,57.0,72.54,52.0,62.77,61.69,85.0,99.0,3.67,-0.83,,,,,,33.9,17.3,186.0,281.7,467.7,106.0,220.0,326.0,0.6,6-3,,39,26,19,17,55,33,37.1,21.1,187.6,242.6,430.2,127.9,230.0,357.9,0.8,8-2,,19,35,14,51,105,90,"{'schedule_row': {'id': 401762508, 'season': 2025, 'week': 12, 'kickoff_iso_utc': '2025-11-15T21:00:00Z', 'home_team': 'East Carolina', 'away_team': 'Memphis', 'venue': 'Dowdy-Ficklen Stadium', 'conference_game': True}, 'league_metrics_home': {'Team': 'East Carolina', 'RY(O)': 186.0, 'R(O)_RY': 39, 'PY(O)': 281.7, 'R(O)_PY': 26, 'TY(O)': 467.7, 'R(O)_TY': 19, 'RY(D)': 106.0, 'R(D)_RY': 17, 'PY(D)': 220.0, 'R(D)_PY': 55, 'TY(D)': 326.0, 'R(D)_TY': 33, 'TO': 0.6, 'PF': 33.9, 'PA': 17.3, 'SU': '6-3', 'ATS': None}, 'league_metrics_away': {'Team': 'Memphis', 'RY(O)': 187.6, 'R(O)_RY': 19, 'PY(O)': 242.6, 'R(O)_PY': 35, 'TY(O)': 430.2, 'R(O)_TY': 14, 'RY(D)': 127.9, 'R(D)_RY': 51, 'PY(D)': 230.0, 'R(D)_PY': 105, 'TY(D)': 357.9, 'R(D)_TY': 90, 'TO': 0.8, 'PF': 37.1, 'PA': 21.1, 'SU': '8-2', 'ATS': None}, 'sagarin_home': {'fetched_at': Timestamp('2025-11-23 01:53:34.149432+0000', tz='UTC'), 'hfa': 3.67, 'page_stamp': 'COLLEGE FOOTBALL 2025 through results of 2025 NOVEMBER 15 SATURDAY - WEEK 12', 'pr': 71.71, 'pr_rank': 57, 'season': 2025, 'sos': 62.77, 'sos_rank': 85, 'source_url': 'http://sagarin.com/sports/cfsend.htm', 'team': 'East Carolina', 'team_norm': 'East Carolina', 'team_raw': 'East Carolina', 'week': 12}, 'sagarin_away': {'fetched_at': Timestamp('2025-11-23 01:53:34.149432+0000', tz='UTC'), 'hfa': 3.67, 'page_stamp': 'COLLEGE FOOTBALL 2025 through results of 2025 NOVEMBER 15 SATURDAY - WEEK 12', 'pr': 72.54, 'pr_rank': 52, 'season': 2025, 'sos': 61.69, 'sos_rank': 99, 'source_url': 'http://sagarin.com/sports/cfsend.htm', 'team': 'Memphis', 'team_norm': 'Memphis', 'team_raw': 'Memphis', 'week': 12}}"
2025,12,2025-11-15T21:15:00Z,20251115_2115_new_mexico_state_tennessee,401752771,Tennessee,Tennessee,New Mexico State,New Mexico State,,,,,,,,83.45,19.0,51.05,126.0,72.3,58.22,44.0,130.0,3.67,32.4,,,,,,43.6,31.1,178.7,329.3,508.0,141.1,254.9,396.0,0.4,6-3,,48,5,5,48,102,88,21.3,25.2,69.3,233.8,303.1,149.0,245.9,394.9,0.2,3-6,,129,69,122,64,93,86,"{'schedule_row': {'id': 401752771, 'season': 2025, 'week': 12, 'kickoff_iso_utc': '2025-11-15T21:15:00Z', 'home_team': 'Tennessee', 'away_team': 'New Mexico State', 'venue': 'Neyland Stadium', 'conference_game': False}, 'league_metrics_home': {'Team': 'Tennessee', 'RY(O)': 178.7, 'R(O)_RY': 48, 'PY(O)': 329.3, 'R(O)_PY': 5, 'TY(O)': 508.0, 'R(O)_TY': 5, 'RY(D)': 141.1, 'R(D)_RY': 48, 'PY(D)': 254.9, 'R(D)_PY': 102, 'TY(D)': 396.0, 'R(D)_TY': 88, 'TO': 0.4, 'PF': 43.6, 'PA': 31.1, 'SU': '6-3', 'ATS': None}, 'league_metrics_away': {'Team': 'New Mexico State', 'RY(O)': 69.3, 'R(O)_RY': 129, 'PY(O)': 233.8, 'R(O)_PY': 69, 'TY(O)': 303.1, 'R(O)_TY': 122, 'RY(D)': 149.0, 'R(D)_RY': 64, 'PY(D)': 245.9, 'R(D)_PY': 93, 'TY(D)': 394.9, 'R(D)_TY': 86, 'TO': 0.2, 'PF': 21.3, 'PA': 25.2, 'SU': '3-6', 'ATS': None}, 'sagarin_home': {'fetched_at': Timestamp('2025-11-23 01:53:34.149432+0000', tz='UTC'), 'hfa': 3.67, 'page_stamp': 'COLLEGE FOOTBALL 2025 through results of 2025 NOVEMBER 15 SATURDAY - WEEK 12', 'pr': 83.45, 'pr_rank': 19, 'season': 2025, 'sos': 72.3, 'sos_rank': 44, 'source_url': 'http://sagarin.com/sports/cfsend.htm', 'team': 'Tennessee', 'team_norm': 'Tennessee', 'team_raw': 'Tennessee', 'week': 12}, 'sagarin_away': {'fetched_at': Timestamp('2025-11-23 01:53:34.149432+0000', tz='UTC'), 'hfa': 3.67, 'page_stamp': 'COLLEGE FOOTBALL 2025 through results of 2025 NOVEMBER 15 SATURDAY - WEEK 12', 'pr': 51.05, 'pr_rank': 126, 'season': 2025, 'sos': 58.22, 'sos_rank': 130, 'source_url': 'http://sagarin.com/sports/cfsend.htm', 'team': 'New Mexico State', 'team_norm': 'New Mexico State', 'team_raw': 'New Mexico State', 'week': 12}}"
2025,12,2025-11-15T21:30:00Z,20251115_2130_north_carolina_wake_forest,401754596,Wake Forest,Wake Forest,North Carolina,North Carolina,,,,,,,,72.49,54.0,67.43,76.0,69.14,67.8,62.0,67.0,3.67,5.06,,,,,,23.3,20.3,141.3,215.6,356.9,137.1,188.2,325.3,0.0,6-3,,86,86,94,41,25,32,19.4,21.3,115.0,178.6,293.6,102.1,218.7,320.8,-0.3,4-5,,113,111,125,13,53,26,"{'schedule_row': {'id': 401754596, 'season': 2025, 'week': 12, 'kickoff_iso_utc': '2025-11-15T21:30:00Z', 'home_team': 'Wake Forest', 'away_team': 'North Carolina', 'venue': 'Allegacy Federal Credit Union Stadium', 'conference_game': True}, 'league_metrics_home': {'Team': 'Wake Forest', 'RY(O)': 141.3, 'R(O)_RY': 86, 'PY(O)': 215.6, 'R(O)_PY': 86, 'TY(O)': 356.9, 'R(O)_TY': 94, 'RY(D)': 137.1, 'R(D)_RY': 41, 'PY(D)': 188.2, 'R(D)_PY': 25, 'TY(D)': 325.3, 'R(D)_TY': 32, 'TO': 0.0, 'PF': 23.3, 'PA': 20.3, 'SU': '6-3', 'ATS': None}, 'league_metrics_away': {'Team': 'North Carolina', 'RY(O)': 115.0, 'R(O)_RY': 113, 'PY(O)': 178.6, 'R(O)_PY': 111, 'TY(O)': 293.6, 'R(O)_TY': 125, 'RY(D)': 102.1, 'R(D)_RY': 13, 'PY(D)': 218.7, 'R(D)_PY': 53, 'TY(D)': 320.8, 'R(D)_TY': 26, 'TO': -0.3, 'PF': 19.4, 'PA': 21.3, 'SU': '4-5', 'ATS': None}, 'sagarin_home': {'fetched_at': Timestamp('2025-11-23 01:53:34.149432+0000', tz='UTC'), 'hfa': 3.67, 'page_stamp': 'COLLEGE FOOTBALL 2025 through results of 2025 NOVEMBER 15 SATURDAY - WEEK 12', 'pr': 72.49, 'pr_rank': 54, 'season': 2025, 'sos': 69.14, 'sos_rank': 62, 'source_url': 'http://sagarin.com/sports/cfsend.htm', 'team': 'Wake Forest', 'team_norm': 'Wake Forest', 'team_raw': 'Wake Forest', 'week': 12}, 'sagarin_away': {'fetched_at': Timestamp('2025-11-23 01:53:34.149432+0000', tz='UTC'), 'hfa': 3.67, 'page_stamp': 'COLLEGE FOOTBALL 2025 through results of 2025 NOVEMBER 15 SATURDAY - WEEK 12', 'pr': 67.43, 'pr_rank': 76, 'season': 2025, 'sos': 67.8, 'sos_rank': 67, 'source_url': 'http://sagarin.com/sports/cfsend.htm', 'team': 'North Carolina', 'team_norm': 'North Carolina', 'team_raw': 'North Carolina', 'week': 12}}"
2025,12,2025-11-15T22:00:00Z,20251115_2200_liberty_florida_international,401757301,Florida International,Florida International,Liberty,Liberty,,,,,,,,57.03,110.0,58.84,108.0,58.36,58.09,128.0,131.0,3.67,-1.81,,,,,,26.0,29.9,178.7,214.6,393.2,145.3,264.7,410.0,-0.2,4-5,,48,87,73,55,108,97,23.3,22.4,175.8,197.2,373.0,162.3,199.7,362.0,-0.1,4-5,,51,98,86,79,37,53,"{'schedule_row': {'id': 401757301, 'season': 2025, 'week': 12, 'kickoff_iso_utc': '2025-11-15T22:00:00Z', 'home_team': 'Florida International', 'away_team': 'Liberty', 'venue': 'Pitbull Stadium', 'conference_game': True}, 'league_metrics_home': {'Team': 'Florida International', 'RY(O)': 178.7, 'R(O)_RY': 48, 'PY(O)': 214.6, 'R(O)_PY': 87, 'TY(O)': 393.2, 'R(O)_TY': 73, 'RY(D)': 145.3, 'R(D)_RY': 55, 'PY(D)': 264.7, 'R(D)_PY': 108, 'TY(D)': 410.0, 'R(D)_TY': 97, 'TO': -0.2, 'PF': 26.0, 'PA': 29.9, 'SU': '4-5', 'ATS': None}, 'league_metrics_away': {'Team': 'Liberty', 'RY(O)': 175.8, 'R(O)_RY': 51, 'PY(O)': 197.2, 'R(O)_PY': 98, 'TY(O)': 373.0, 'R(O)_TY': 86, 'RY(D)': 162.3, 'R(D)_RY': 79, 'PY(D)': 199.7, 'R(D)_PY': 37, 'TY(D)': 362.0, 'R(D)_TY': 53, 'TO': -0.1, 'PF': 23.3, 'PA': 22.4, 'SU': '4-5', 'ATS': None}, 'sagarin_home': {'fetched_at': Timestamp('2025-11-23 01:53:34.149432+0000', tz='UTC'), 'hfa': 3.67, 'page_stamp': 'COLLEGE FOOTBALL 2025 through results of 2025 NOVEMBER 15 SATURDAY - WEEK 12', 'pr': 57.03, 'pr_rank': 110, 'season': 2025, 'sos': 58.36, 'sos_rank': 128, 'source_url': 'http://sagarin.com/sports/cfsend.htm', 'team': 'Fla. International', 'team_norm': 'Fla. International', 'team_raw': 'Fla. International', 'week': 12}, 'sagarin_away': {'fetched_at': Timestamp('2025-11-23 01:53:34.149432+0000', tz='UTC'), 'hfa': 3.67, 'page_stamp': 'COLLEGE FOOTBALL 2025 through results of 2025 NOVEMBER 15 SATURDAY - WEEK 12', 'pr': 58.84, 'pr_rank': 108, 'season': 2025, 'sos': 58.09, 'sos_rank': 131, 'source_url': 'http://sagarin.com/sports/cfsend.htm', 'team': 'Liberty', 'team_norm': 'Liberty', 'team_raw': 'Liberty', 'week': 12}}"
2025,12,2025-11-15T23:00:00Z,20251115_2300_coastal_carolina_georgia_southern,401761650,Georgia Southern,Georgia Southern,Coastal Carolina,Coastal Carolina,,,,,,,,60.82,99.0,60.59,101.0,61.68,60.39,100.0,114.0,3.67,0.23,,,,,,28.3,34.0,138.1,238.2,376.3,224.1,241.1,465.2,0.4,4-5,,88,66,84,125,86,124,24.1,28.0,193.6,140.7,334.2,187.2,228.0,415.2,0.0,6-3,,34,126,110,105,68,102,"{'schedule_row': {'id': 401761650, 'season': 2025, 'week': 12, 'kickoff_iso_utc': '2025-11-15T23:00:00Z', 'home_team': 'Georgia Southern', 'away_team': 'Coastal Carolina', 'venue': 'Allen E. Paulson Stadium', 'conference_game': True}, 'league_metrics_home': {'Team': 'Georgia Southern', 'RY(O)': 138.1, 'R(O)_RY': 88, 'PY(O)': 238.2, 'R(O)_PY': 66, 'TY(O)': 376.3, 'R(O)_TY': 84, 'RY(D)': 224.1, 'R(D)_RY': 125, 'PY(D)': 241.1, 'R(D)_PY': 86, 'TY(D)': 465.2, 'R(D)_TY': 124, 'TO': 0.4, 'PF': 28.3, 'PA': 34.0, 'SU': '4-5', 'ATS': None}, 'league_metrics_away': {'Team': 'Coastal Carolina', 'RY(O)': 193.6, 'R(O)_RY': 34, 'PY(O)': 140.7, 'R(O)_PY': 126, 'TY(O)': 334.2, 'R(O)_TY': 110, 'RY(D)': 187.2, 'R(D)_RY': 105, 'PY(D)': 228.0, 'R(D)_PY': 68, 'TY(D)': 415.2, 'R(D)_TY': 102, 'TO': 0.0, 'PF': 24.1, 'PA': 28.0, 'SU': '6-3', 'ATS': None}, 'sagarin_home': {'fetched_at': Timestamp('2025-11-23 01:53:34.149432+0000', tz='UTC'), 'hfa': 3.67, 'page_stamp': 'COLLEGE FOOTBALL 2025 through results of 2025 NOVEMBER 15 SATURDAY - WEEK 12', 'pr': 60.82, 'pr_rank': 99, 'season': 2025, 'sos': 61.68, 'sos_rank': 100, 'source_url': 'http://sagarin.com/sports/cfsend.htm', 'team': 'Georgia Southern', 'team_norm': 'Georgia Southern', 'team_raw': 'Georgia Southern', 'week': 12}, 'sagarin_away': {'fetched_at': Timestamp('2025-11-23 01:53:34.149432+0000', tz='UTC'), 'hfa': 3.67, 'page_stamp': 'COLLEGE FOOTBALL 2025 through results of 2025 NOVEMBER 15 SATURDAY - WEEK 12', 'pr': 60.59, 'pr_rank': 101, 'season': 2025, 'sos': 60.39, 'sos_rank': 114, 'source_url': 'http://sagarin.com/sports/cfsend.htm', 'team': 'Coastal Carolina', 'team_norm': 'Coastal Carolina', 'team_raw': 'Coastal Carolina', 'week': 12}}"
2025,12,2025-11-16T00:00:00Z,20251116_0000_delaware_sam_houston,401757300,Sam Houston,Sam Houston,Delaware,Delaware,,,,,,,,,,,,,,,,,,,,,,,17.1,38.2,131.1,172.3,303.4,211.1,268.2,479.3,0.3,1-8,,96,115,121,120,113,129,28.8,31.2,112.7,303.6,416.2,172.1,232.2,404.3,-0.6,5-4,,114,13,51,90,72,93,"{'schedule_row': {'id': 401757300, 'season': 2025, 'week': 12, 'kickoff_iso_utc': '2025-11-16T00:00:00Z', 'home_team': 'Sam Houston', 'away_team': 'Delaware', 'venue': 'BBVA Compass Stadium', 'conference_game': True}, 'league_metrics_home': {'Team': 'Sam Houston', 'RY(O)': 131.1, 'R(O)_RY': 96, 'PY(O)': 172.3, 'R(O)_PY': 115, 'TY(O)': 303.4, 'R(O)_TY': 121, 'RY(D)': 211.1, 'R(D)_RY': 120, 'PY(D)': 268.2, 'R(D)_PY': 113, 'TY(D)': 479.3, 'R(D)_TY': 129, 'TO': 0.3, 'PF': 17.1, 'PA': 38.2, 'SU': '1-8', 'ATS': None}, 'league_metrics_away': {'Team': 'Delaware', 'RY(O)': 112.7, 'R(O)_RY': 114, 'PY(O)': 303.6, 'R(O)_PY': 13, 'TY(O)': 416.2, 'R(O)_TY': 51, 'RY(D)': 172.1, 'R(D)_RY': 90, 'PY(D)': 232.2, 'R(D)_PY': 72, 'TY(D)': 404.3, 'R(D)_TY': 93, 'TO': -0.6, 'PF': 28.8, 'PA': 31.2, 'SU': '5-4', 'ATS': None}, 'sagarin_home': {'fetched_at': Timestamp('2025-11-23 01:53:34.149432+0000', tz='UTC'), 'hfa': 3.67, 'page_stamp': 'COLLEGE FOOTBALL 2025 through results of 2025 NOVEMBER 15 SATURDAY - WEEK 12', 'pr': 47.08, 'pr_rank': 132, 'season': 2025, 'sos': 61.41, 'sos_rank': 105, 'source_url': 'http://sagarin.com/sports/cfsend.htm', 'team': 'Sam Houston State', 'team_norm': 'Sam Houston State', 'team_raw': 'Sam Houston State', 'week': 12}}"
2025,12,2025-11-16T00:00:00Z,20251116_0000_florida_ole_miss,401752769,Ole Miss,Ole Miss,Florida,Florida,,,,,,,,87.52,11.0,78.91,33.0,73.58,82.86,27.0,1.0,3.67,8.61,,,,,,37.5,19.8,184.5,305.5,490.0,143.8,179.5,323.3,-0.3,9-1,,24,1,2,76,36,51,20.4,22.4,124.0,217.0,341.0,134.0,214.4,348.4,-0.2,3-6,,102,84,108,40,52,46,"{'schedule_row': {'id': 401752769, 'season': 2025, 'week': 12, 'kickoff_iso_utc': '2025-11-16T00:00:00Z', 'home_team': 'Ole Miss', 'away_team': 'Florida', 'venue': 'Vaught-Hemingway Stadium', 'conference_game': True}, 'league_metrics_home': {'Team': 'Ole Miss', 'RY(O)': 184.5, 'R(O)_RY': 24, 'PY(O)': 305.5, 'R(O)_PY': 1, 'TY(O)': 490.0, 'R(O)_TY': 2, 'RY(D)': 143.8, 'R(D)_RY': 76, 'PY(D)': 179.5, 'R(D)_PY': 36, 'TY(D)': 323.3, 'R(D)_TY': 51, 'TO': -0.3, 'PF': 37.5, 'PA': 19.8, 'SU': '9-1', 'ATS': None}, 'league_metrics_away': {'Team': 'Florida', 'RY(O)': 124.0, 'R(O)_RY': 102, 'PY(O)': 217.0, 'R(O)_PY': 84, 'TY(O)': 341.0, 'R(O)_TY': 108, 'RY(D)': 134.0, 'R(D)_RY': 40, 'PY(D)': 214.4, 'R(D)_PY': 52, 'TY(D)': 348.4, 'R(D)_TY': 46, 'TO': -0.2, 'PF': 20.4, 'PA': 22.4, 'SU': '3-6', 'ATS': None}, 'sagarin_home': {'fetched_at': Timestamp('2025-11-23 01:53:34.149432+0000', tz='UTC'), 'hfa': 3.67, 'page_stamp': 'COLLEGE FOOTBALL 2025 through results of 2025 NOVEMBER 15 SATURDAY - WEEK 12', 'pr': 87.52, 'pr_rank': 11, 'season': 2025, 'sos': 73.58, 'sos_rank': 27, 'source_url': 'http://sagarin.com/sports/cfsend.htm', 'team': 'Mississippi', 'team_norm': 'Mississippi', 'team_raw': 'Mississippi', 'week': 12}, 'sagarin_away': {'fetched_at': Timestamp('2025-11-23 01:53:34.149432+0000', tz='UTC'), 'hfa': 3.67, 'page_stamp': 'COLLEGE FOOTBALL 2025 through results of 2025 NOVEMBER 15 SATURDAY - WEEK 12', 'pr': 78.91, 'pr_rank': 33, 'season': 2025, 'sos': 82.86, 'sos_rank': 1, 'source_url': 'http://sagarin.com/sports/cfsend.htm', 'team': 'Florida', 'team_norm': 'Florida', 'team_raw': 'Florida', 'week': 12}}"
2025,12,2025-11-16T00:00:00Z,20251116_0000_purdue_washington,401752902,Washington,Washington,Purdue,Purdue,,,,,,,,82.66,22.0,64.08,87.0,71.19,77.43,51.0,10.0,3.67,18.58,,,,,,32.7,20.0,162.6,257.0,419.6,109.1,209.9,319.0,0.2,6-3,,58,46,49,21,48,25,20.9,27.7,137.3,220.1,357.4,162.0,241.3,403.3,-1.0,2-8,,77,60,72,98,112,119,"{'schedule_row': {'id': 401752902, 'season': 2025, 'week': 12, 'kickoff_iso_utc': '2025-11-16T00:00:00Z', 'home_team': 'Washington', 'away_team': 'Purdue', 'venue': 'Husky Stadium', 'conference_game': True}, 'league_metrics_home': {'Team': 'Washington', 'RY(O)': 162.6, 'R(O)_RY': 58, 'PY(O)': 257.0, 'R(O)_PY': 46, 'TY(O)': 419.6, 'R(O)_TY': 49, 'RY(D)': 109.1, 'R(D)_RY': 21, 'PY(D)': 209.9, 'R(D)_PY': 48, 'TY(D)': 319.0, 'R(D)_TY': 25, 'TO': 0.2, 'PF': 32.7, 'PA': 20.0, 'SU': '6-3', 'ATS': None}, 'league_metrics_away': {'Team': 'Purdue', 'RY(O)': 137.3, 'R(O)_RY': 77, 'PY(O)': 220.1, 'R(O)_PY': 60, 'TY(O)': 357.4, 'R(O)_TY': 72, 'RY(D)': 162.0, 'R(D)_RY': 98, 'PY(D)': 241.3, 'R(D)_PY': 112, 'TY(D)': 403.3, 'R(D)_TY': 119, 'TO': -1.0, 'PF': 20.9, 'PA': 27.7, 'SU': '2-8', 'ATS': None}, 'sagarin_home': {'fetched_at': Timestamp('2025-11-23 01:53:34.149432+0000', tz='UTC'), 'hfa': 3.67, 'page_stamp': 'COLLEGE FOOTBALL 2025 through results of 2025 NOVEMBER 15 SATURDAY - WEEK 12', 'pr': 82.66, 'pr_rank': 22, 'season': 2025, 'sos': 71.19, 'sos_rank': 51, 'source_url': 'http://sagarin.com/sports/cfsend.htm', 'team': 'Washington', 'team_norm': 'Washington', 'team_raw': 'Washington', 'week': 12}, 'sagarin_away': {'fetched_at': Timestamp('2025-11-23 01:53:34.149432+0000', tz='UTC'), 'hfa': 3.67, 'page_stamp': 'COLLEGE FOOTBALL 2025 through results of 2025 NOVEMBER 15 SATURDAY - WEEK 12', 'pr': 64.08, 'pr_rank': 87, 'season': 2025, 'sos': 77.43, 'sos_rank': 10, 'source_url': 'http://sagarin.com/sports/cfsend.htm', 'team': 'Purdue', 'team_norm': 'Purdue', 'team_raw': 'Purdue', 'week': 12}}"
2025,12,2025-11-16T00:00:00Z,20251116_0000_utah_baylor,401756949,Baylor,Baylor,Utah,Utah,,,,,,,,73.23,50.0,87.98,10.0,72.45,71.45,42.0,48.0,3.67,-14.75,,,,,,33.8,29.3,141.4,312.7,454.1,177.8,205.2,383.0,-0.9,5-4,,85,10,24,95,45,75,39.6,14.2,267.4,210.1,477.6,142.8,156.8,299.6,0.1,7-2,,3,90,15,53,6,14,"{'schedule_row': {'id': 401756949, 'season': 2025, 'week': 12, 'kickoff_iso_utc': '2025-11-16T00:00:00Z', 'home_team': 'Baylor', 'away_team': 'Utah', 'venue': 'McLane Stadium', 'conference_game': True}, 'league_metrics_home': {'Team': 'Baylor', 'RY(O)': 141.4, 'R(O)_RY': 85, 'PY(O)': 312.7, 'R(O)_PY': 10, 'TY(O)': 454.1, 'R(O)_TY': 24, 'RY(D)': 177.8, 'R(D)_RY': 95, 'PY(D)': 205.2, 'R(D)_PY': 45, 'TY(D)': 383.0, 'R(D)_TY': 75, 'TO': -0.9, 'PF': 33.8, 'PA': 29.3, 'SU': '5-4', 'ATS': None}, 'league_metrics_away': {'Team': 'Utah', 'RY(O)': 267.4, 'R(O)_RY': 3, 'PY(O)': 210.1, 'R(O)_PY': 90, 'TY(O)': 477.6, 'R(O)_TY': 15, 'RY(D)': 142.8, 'R(D)_RY': 53, 'PY(D)': 156.8, 'R(D)_PY': 6, 'TY(D)': 299.6, 'R(D)_TY': 14, 'TO': 0.1, 'PF': 39.6, 'PA': 14.2, 'SU': '7-2', 'ATS': None}, 'sagarin_home': {'fetched_at': Timestamp('2025-11-23 01:53:34.149432+0000', tz='UTC'), 'hfa': 3.67, 'page_stamp': 'COLLEGE FOOTBALL 2025 through results of 2025 NOVEMBER 15 SATURDAY - WEEK 12', 'pr': 73.23, 'pr_rank': 50, 'season': 2025, 'sos': 72.45, 'sos_rank': 42, 'source_url': 'http://sagarin.com/sports/cfsend.htm', 'team': 'Baylor', 'team_norm': 'Baylor', 'team_raw': 'Baylor', 'week': 12}, 'sagarin_away': {'fetched_at': Timestamp('2025-11-23 01:53:34.149432+0000', tz='UTC'), 'hfa': 3.67, 'page_stamp': 'COLLEGE FOOTBALL 2025 through results of 2025 NOVEMBER 15 SATURDAY - WEEK 12', 'pr': 87.98, 'pr_rank': 10, 'season': 2025, 'sos': 71.45, 'sos_rank': 48, 'source_url': 'http://sagarin.com/sports/cfsend.htm', 'team': 'Utah', 'team_norm': 'Utah', 'team_raw': 'Utah', 'week': 12}}"
2025,12,2025-11-16T00:00:00Z,20251116_0000_utah_state_unlv,401760414,UNLV,Unlv,Utah State,Utah State,,,,,,,,67.26,77.0,63.45,89.0,60.36,62.65,115.0,87.0,3.67,3.81,,,,,,37.4,31.6,208.1,256.0,464.1,185.2,265.0,450.2,0.9,7-2,,20,47,21,102,109,120,33.7,29.8,159.1,266.7,425.8,179.1,243.1,422.2,0.4,5-4,,64,37,46,97,91,108,"{'schedule_row': {'id': 401760414, 'season': 2025, 'week': 12, 'kickoff_iso_utc': '2025-11-16T00:00:00Z', 'home_team': 'UNLV', 'away_team': 'Utah State', 'venue': 'Allegiant Stadium', 'conference_game': True}, 'league_metrics_home': {'Team': 'Unlv', 'RY(O)': 208.1, 'R(O)_RY': 20, 'PY(O)': 256.0, 'R(O)_PY': 47, 'TY(O)': 464.1, 'R(O)_TY': 21, 'RY(D)': 185.2, 'R(D)_RY': 102, 'PY(D)': 265.0, 'R(D)_PY': 109, 'TY(D)': 450.2, 'R(D)_TY': 120, 'TO': 0.9, 'PF': 37.4, 'PA': 31.6, 'SU': '7-2', 'ATS': None}, 'league_metrics_away': {'Team': 'Utah State', 'RY(O)': 159.1, 'R(O)_RY': 64, 'PY(O)': 266.7, 'R(O)_PY': 37, 'TY(O)': 425.8, 'R(O)_TY': 46, 'RY(D)': 179.1, 'R(D)_RY': 97, 'PY(D)': 243.1, 'R(D)_PY': 91, 'TY(D)': 422.2, 'R(D)_TY': 108, 'TO': 0.4, 'PF': 33.7, 'PA': 29.8, 'SU': '5-4', 'ATS': None}, 'sagarin_home': {'fetched_at': Timestamp('2025-11-23 01:53:34.149432+0000', tz='UTC'), 'hfa': 3.67, 'page_stamp': 'COLLEGE FOOTBALL 2025 through results of 2025 NOVEMBER 15 SATURDAY - WEEK 12', 'pr': 67.26, 'pr_rank': 77, 'season': 2025, 'sos': 60.36, 'sos_rank': 115, 'source_url': 'http://sagarin.com/sports/cfsend.htm', 'team': 'Unlv', 'team_norm': 'Unlv', 'team_raw': 'UNLV', 'week': 12}, 'sagarin_away': {'fetched_at': Timestamp('2025-11-23 01:53:34.149432+0000', tz='UTC'), 'hfa': 3.67, 'page_stamp': 'COLLEGE FOOTBALL 2025 through results of 2025 NOVEMBER 15 SATURDAY - WEEK 12', 'pr': 63.45, 'pr_rank': 89, 'season': 2025, 'sos': 62.65, 'sos_rank': 87, 'source_url': 'http://sagarin.com/sports/cfsend.htm', 'team': 'Utah State', 'team_norm': 'Utah State', 'team_raw': 'Utah State', 'week': 12}}"
2025,12,2025-11-16T00:30:00Z,20251116_0030_texas_longhorns_georgia_bulldogs,401752766,Georgia,Georgia Bulldogs,Texas,Texas Longhorns,,,,,,,,92.51,5.0,85.78,13.0,78.19,77.64,8.0,9.0,3.67,6.73,,,,,,33.4,19.8,197.6,239.1,436.7,100.3,210.6,310.9,-0.2,8-1,,30,65,38,11,49,19,29.6,16.4,135.7,246.1,381.8,78.2,235.8,314.0,0.9,7-2,,94,59,79,1,80,21,"{'schedule_row': {'id': 401752766, 'season': 2025, 'week': 12, 'kickoff_iso_utc': '2025-11-16T00:30:00Z', 'home_team': 'Georgia', 'away_team': 'Texas', 'venue': 'Sanford Stadium', 'conference_game': True}, 'league_metrics_home': {'Team': 'Georgia Bulldogs', 'RY(O)': 197.6, 'R(O)_RY': 30, 'PY(O)': 239.1, 'R(O)_PY': 65, 'TY(O)': 436.7, 'R(O)_TY': 38, 'RY(D)': 100.3, 'R(D)_RY': 11, 'PY(D)': 210.6, 'R(D)_PY': 49, 'TY(D)': 310.9, 'R(D)_TY': 19, 'TO': -0.2, 'PF': 33.4, 'PA': 19.8, 'SU': '8-1', 'ATS': None}, 'league_metrics_away': {'Team': 'Texas Longhorns', 'RY(O)': 135.7, 'R(O)_RY': 94, 'PY(O)': 246.1, 'R(O)_PY': 59, 'TY(O)': 381.8, 'R(O)_TY': 79, 'RY(D)': 78.2, 'R(D)_RY': 1, 'PY(D)': 235.8, 'R(D)_PY': 80, 'TY(D)': 314.0, 'R(D)_TY': 21, 'TO': 0.9, 'PF': 29.6, 'PA': 16.4, 'SU': '7-2', 'ATS': None}, 'sagarin_home': {'fetched_at': Timestamp('2025-11-23 01:53:34.149432+0000', tz='UTC'), 'hfa': 3.67, 'page_stamp': 'COLLEGE FOOTBALL 2025 through results of 2025 NOVEMBER 15 SATURDAY - WEEK 12', 'pr': 92.51, 'pr_rank': 5, 'season': 2025, 'sos': 78.19, 'sos_rank': 8, 'source_url': 'http://sagarin.com/sports/cfsend.htm', 'team': 'Georgia Bulldogs', 'team_norm': 'Georgia Bulldogs', 'team_raw': 'Georgia', 'week': 12}, 'sagarin_away': {'fetched_at': Timestamp('2025-11-23 01:53:34.149432+0000', tz='UTC'), 'hfa': 3.67, 'page_stamp': 'COLLEGE FOOTBALL 2025 through results of 2025 NOVEMBER 15 SATURDAY - WEEK 12', 'pr': 85.78, 'pr_rank': 13, 'season': 2025, 'sos': 77.64, 'sos_rank': 9, 'source_url': 'http://sagarin.com/sports/cfsend.htm', 'team': 'Texas Longhorns', 'team_norm': 'Texas Longhorns', 'team_raw': 'Texas', 'week': 12}}"
2025,12,2025-11-16T00:30:00Z,20251116_0030_ucla_ohio_state_buckeyes,401752900,Ohio State,Ohio State Buckeyes,UCLA,Ucla,,,,,,,,96.92,1.0,68.96,65.0,72.62,77.1,40.0,15.0,3.67,27.96,,,,,,36.3,7.2,155.8,286.3,442.1,82.9,128.7,211.6,0.4,9-0,,68,24,30,4,2,1,20.4,30.7,160.2,184.3,344.6,191.4,185.6,377.0,-0.2,3-6,,62,109,102,111,23,67,"{'schedule_row': {'id': 401752900, 'season': 2025, 'week': 12, 'kickoff_iso_utc': '2025-11-16T00:30:00Z', 'home_team': 'Ohio State', 'away_team': 'UCLA', 'venue': 'Ohio Stadium', 'conference_game': True}, 'league_metrics_home': {'Team': 'Ohio State Buckeyes', 'RY(O)': 155.8, 'R(O)_RY': 68, 'PY(O)': 286.3, 'R(O)_PY': 24, 'TY(O)': 442.1, 'R(O)_TY': 30, 'RY(D)': 82.9, 'R(D)_RY': 4, 'PY(D)': 128.7, 'R(D)_PY': 2, 'TY(D)': 211.6, 'R(D)_TY': 1, 'TO': 0.4, 'PF': 36.3, 'PA': 7.2, 'SU': '9-0', 'ATS': None}, 'league_metrics_away': {'Team': 'Ucla', 'RY(O)': 160.2, 'R(O)_RY': 62, 'PY(O)': 184.3, 'R(O)_PY': 109, 'TY(O)': 344.6, 'R(O)_TY': 102, 'RY(D)': 191.4, 'R(D)_RY': 111, 'PY(D)': 185.6, 'R(D)_PY': 23, 'TY(D)': 377.0, 'R(D)_TY': 67, 'TO': -0.2, 'PF': 20.4, 'PA': 30.7, 'SU': '3-6', 'ATS': None}, 'sagarin_home': {'fetched_at': Timestamp('2025-11-23 01:53:34.149432+0000', tz='UTC'), 'hfa': 3.67, 'page_stamp': 'COLLEGE FOOTBALL 2025 through results of 2025 NOVEMBER 15 SATURDAY - WEEK 12', 'pr': 96.92, 'pr_rank': 1, 'season': 2025, 'sos': 72.62, 'sos_rank': 40, 'source_url': 'http://sagarin.com/sports/cfsend.htm', 'team': 'Ohio State Buckeyes', 'team_norm': 'Ohio State Buckeyes', 'team_raw': 'Ohio State', 'week': 12}, 'sagarin_away': {'fetched_at': Timestamp('2025-11-23 01:53:34.149432+0000', tz='UTC'), 'hfa': 3.67, 'page_stamp': 'COLLEGE FOOTBALL 2025 through results of 2025 NOVEMBER 15 SATURDAY - WEEK 12', 'pr': 68.96, 'pr_rank': 65, 'season': 2025, 'sos': 77.1, 'sos_rank': 15, 'source_url': 'http://sagarin.com/sports/cfsend.htm', 'team': 'Ucla', 'team_norm': 'Ucla', 'team_raw': 'UCLA', 'week': 12}}"
2025,12,2025-11-16T00:30:00Z,20251116_0030_virginia_tech_florida_state,401754594,Florida State,Florida State,Virginia Tech,Virginia Tech,,,,,,,,79.27,31.0,68.11,71.0,72.04,73.66,46.0,26.0,3.67,11.16,,,,,,36.7,21.0,226.9,267.1,494.0,112.9,204.9,317.8,-0.2,4-5,,12,36,7,24,43,23,24.3,29.7,183.0,176.9,359.9,148.2,220.7,368.9,-0.4,3-6,,41,112,92,62,57,59,"{'schedule_row': {'id': 401754594, 'season': 2025, 'week': 12, 'kickoff_iso_utc': '2025-11-16T00:30:00Z', 'home_team': 'Florida State', 'away_team': 'Virginia Tech', 'venue': 'Doak Campbell Stadium', 'conference_game': True}, 'league_metrics_home': {'Team': 'Florida State', 'RY(O)': 226.9, 'R(O)_RY': 12, 'PY(O)': 267.1, 'R(O)_PY': 36, 'TY(O)': 494.0, 'R(O)_TY': 7, 'RY(D)': 112.9, 'R(D)_RY': 24, 'PY(D)': 204.9, 'R(D)_PY': 43, 'TY(D)': 317.8, 'R(D)_TY': 23, 'TO': -0.2, 'PF': 36.7, 'PA': 21.0, 'SU': '4-5', 'ATS': None}, 'league_metrics_away': {'Team': 'Virginia Tech', 'RY(O)': 183.0, 'R(O)_RY': 41, 'PY(O)': 176.9, 'R(O)_PY': 112, 'TY(O)': 359.9, 'R(O)_TY': 92, 'RY(D)': 148.2, 'R(D)_RY': 62, 'PY(D)': 220.7, 'R(D)_PY': 57, 'TY(D)': 368.9, 'R(D)_TY': 59, 'TO': -0.4, 'PF': 24.3, 'PA': 29.7, 'SU': '3-6', 'ATS': None}, 'sagarin_home': {'fetched_at': Timestamp('2025-11-23 01:53:34.149432+0000', tz='UTC'), 'hfa': 3.67, 'page_stamp': 'COLLEGE FOOTBALL 2025 through results of 2025 NOVEMBER 15 SATURDAY - WEEK 12', 'pr': 79.27, 'pr_rank': 31, 'season': 2025, 'sos': 72.04, 'sos_rank': 46, 'source_url': 'http://sagarin.com/sports/cfsend.htm', 'team': 'Florida State', 'team_norm': 'Florida State', 'team_raw': 'Florida State', 'week': 12}, 'sagarin_away': {'fetched_at': Timestamp('2025-11-23 01:53:34.149432+0000', tz='UTC'), 'hfa': 3.67, 'page_stamp': 'COLLEGE FOOTBALL 2025 through results of 2025 NOVEMBER 15 SATURDAY - WEEK 12', 'pr': 68.11, 'pr_rank': 71, 'season': 2025, 'sos': 73.66, 'sos_rank': 26, 'source_url': 'http://sagarin.com/sports/cfsend.htm', 'team': 'Virginia Tech', 'team_norm': 'Virginia Tech', 'team_raw': 'Virginia Tech', 'week': 12}}"
2025,12,2025-11-16T00:45:00Z,20251116_0045_mississippi_state_missouri,401752770,Missouri,Missouri,Mississippi State,Mississippi State,,,,,,,,83.33,20.0,73.79,46.0,72.19,77.29,45.0,11.0,3.67,9.54,,,,,,33.3,19.1,232.6,220.0,452.6,104.3,162.7,267.0,-0.3,6-3,,10,81,26,16,9,7,32.0,26.3,156.5,243.1,399.6,177.2,211.9,389.1,0.4,5-5,,53,34,29,115,79,112,"{'schedule_row': {'id': 401752770, 'season': 2025, 'week': 12, 'kickoff_iso_utc': '2025-11-16T00:45:00Z', 'home_team': 'Missouri', 'away_team': 'Mississippi State', 'venue': 'Memorial Stadium', 'conference_game': True}, 'league_metrics_home': {'Team': 'Missouri', 'RY(O)': 232.6, 'R(O)_RY': 10, 'PY(O)': 220.0, 'R(O)_PY': 81, 'TY(O)': 452.6, 'R(O)_TY': 26, 'RY(D)': 104.3, 'R(D)_RY': 16, 'PY(D)': 162.7, 'R(D)_PY': 9, 'TY(D)': 267.0, 'R(D)_TY': 7, 'TO': -0.3, 'PF': 33.3, 'PA': 19.1, 'SU': '6-3', 'ATS': None}, 'league_metrics_away': {'Team': 'Mississippi State', 'RY(O)': 156.5, 'R(O)_RY': 53, 'PY(O)': 243.1, 'R(O)_PY': 34, 'TY(O)': 399.6, 'R(O)_TY': 29, 'RY(D)': 177.2, 'R(D)_RY': 115, 'PY(D)': 211.9, 'R(D)_PY': 79, 'TY(D)': 389.1, 'R(D)_TY': 112, 'TO': 0.4, 'PF': 32.0, 'PA': 26.3, 'SU': '5-5', 'ATS': None}, 'sagarin_home': {'fetched_at': Timestamp('2025-11-23 01:53:34.149432+0000', tz='UTC'), 'hfa': 3.67, 'page_stamp': 'COLLEGE FOOTBALL 2025 through results of 2025 NOVEMBER 15 SATURDAY - WEEK 12', 'pr': 83.33, 'pr_rank': 20, 'season': 2025, 'sos': 72.19, 'sos_rank': 45, 'source_url': 'http://sagarin.com/sports/cfsend.htm', 'team': 'Missouri', 'team_norm': 'Missouri', 'team_raw': 'Missouri', 'week': 12}, 'sagarin_away': {'fetched_at': Timestamp('2025-11-23 01:53:34.149432+0000', tz='UTC'), 'hfa': 3.67, 'page_stamp': 'COLLEGE FOOTBALL 2025 through results of 2025 NOVEMBER 15 SATURDAY - WEEK 12', 'pr': 73.79, 'pr_rank': 46, 'season': 2025, 'sos': 77.29, 'sos_rank': 11, 'source_url': 'http://sagarin.com/sports/cfsend.htm', 'team': 'Mississippi State', 'team_norm': 'Mississippi State', 'team_raw': 'Mississippi State', 'week': 12}}"
2025,12,2025-11-16T01:00:00Z,20251116_0100_kennesaw_state_jacksonville_state,401757302,Jacksonville State,Jacksonville State,Kennesaw State,Kennesaw State,,,,,,,,59.81,103.0,59.11,106.0,55.61,57.82,141.0,134.0,3.67,0.7,,,,,,29.9,26.0,262.3,153.0,415.3,138.1,241.1,379.2,0.4,6-3,,5,123,52,44,86,69,26.0,21.1,162.0,217.7,379.7,148.9,232.2,381.1,0.0,7-2,,59,83,81,63,72,72,"{'schedule_row': {'id': 401757302, 'season': 2025, 'week': 12, 'kickoff_iso_utc': '2025-11-16T01:00:00Z', 'home_team': 'Jacksonville State', 'away_team': 'Kennesaw State', 'venue': 'AmFirst Stadium', 'conference_game': True}, 'league_metrics_home': {'Team': 'Jacksonville State', 'RY(O)': 262.3, 'R(O)_RY': 5, 'PY(O)': 153.0, 'R(O)_PY': 123, 'TY(O)': 415.3, 'R(O)_TY': 52, 'RY(D)': 138.1, 'R(D)_RY': 44, 'PY(D)': 241.1, 'R(D)_PY': 86, 'TY(D)': 379.2, 'R(D)_TY': 69, 'TO': 0.4, 'PF': 29.9, 'PA': 26.0, 'SU': '6-3', 'ATS': None}, 'league_metrics_away': {'Team': 'Kennesaw State', 'RY(O)': 162.0, 'R(O)_RY': 59, 'PY(O)': 217.7, 'R(O)_PY': 83, 'TY(O)': 379.7, 'R(O)_TY': 81, 'RY(D)': 148.9, 'R(D)_RY': 63, 'PY(D)': 232.2, 'R(D)_PY': 72, 'TY(D)': 381.1, 'R(D)_TY': 72, 'TO': 0.0, 'PF': 26.0, 'PA': 21.1, 'SU': '7-2', 'ATS': None}, 'sagarin_home': {'fetched_at': Timestamp('2025-11-23 01:53:34.149432+0000', tz='UTC'), 'hfa': 3.67, 'page_stamp': 'COLLEGE FOOTBALL 2025 through results of 2025 NOVEMBER 15 SATURDAY - WEEK 12', 'pr': 59.81, 'pr_rank': 103, 'season': 2025, 'sos': 55.61, 'sos_rank': 141, 'source_url': 'http://sagarin.com/sports/cfsend.htm', 'team': 'Jacksonville State', 'team_norm': 'Jacksonville State', 'team_raw': 'Jacksonville State', 'week': 12}, 'sagarin_away': {'fetched_at': Timestamp('2025-11-23 01:53:34.149432+0000', tz='UTC'), 'hfa': 3.67, 'page_stamp': 'COLLEGE FOOTBALL 2025 through results of 2025 NOVEMBER 15 SATURDAY - WEEK 12', 'pr': 59.11, 'pr_rank': 106, 'season': 2025, 'sos': 57.82, 'sos_rank': 134, 'source_url': 'http://sagarin.com/sports/cfsend.htm', 'team': 'Kennesaw State', 'team_norm': 'Kennesaw State', 'team_raw': 'Kennesaw State', 'week': 12}}"
2025,12,2025-11-16T03:00:00Z,20251116_0300_louisiana_tech_washington_state,401752953,Washington State,Washington State,Louisiana Tech,Louisiana Tech,,,,,,,,69.91,64.0,60.44,102.0,68.61,59.05,63.0,125.0,3.67,9.47,,,,,,19.9,23.0,106.1,205.3,311.4,141.2,181.0,322.2,-1.1,4-5,,119,92,119,49,17,27,28.1,18.9,171.3,195.0,366.3,127.3,247.7,375.0,0.7,5-4,,54,101,89,33,96,64,"{'schedule_row': {'id': 401752953, 'season': 2025, 'week': 12, 'kickoff_iso_utc': '2025-11-16T03:00:00Z', 'home_team': 'Washington State', 'away_team': 'Louisiana Tech', 'venue': 'Gesa Field', 'conference_game': False}, 'league_metrics_home': {'Team': 'Washington State', 'RY(O)': 106.1, 'R(O)_RY': 119, 'PY(O)': 205.3, 'R(O)_PY': 92, 'TY(O)': 311.4, 'R(O)_TY': 119, 'RY(D)': 141.2, 'R(D)_RY': 49, 'PY(D)': 181.0, 'R(D)_PY': 17, 'TY(D)': 322.2, 'R(D)_TY': 27, 'TO': -1.1, 'PF': 19.9, 'PA': 23.0, 'SU': '4-5', 'ATS': None}, 'league_metrics_away': {'Team': 'Louisiana Tech', 'RY(O)': 171.3, 'R(O)_RY': 54, 'PY(O)': 195.0, 'R(O)_PY': 101, 'TY(O)': 366.3, 'R(O)_TY': 89, 'RY(D)': 127.3, 'R(D)_RY': 33, 'PY(D)': 247.7, 'R(D)_PY': 96, 'TY(D)': 375.0, 'R(D)_TY': 64, 'TO': 0.7, 'PF': 28.1, 'PA': 18.9, 'SU': '5-4', 'ATS': None}, 'sagarin_home': {'fetched_at': Timestamp('2025-11-23 01:53:34.149432+0000', tz='UTC'), 'hfa': 3.67, 'page_stamp': 'COLLEGE FOOTBALL 2025 through results of 2025 NOVEMBER 15 SATURDAY - WEEK 12', 'pr': 69.91, 'pr_rank': 64, 'season': 2025, 'sos': 68.61, 'sos_rank': 63, 'source_url': 'http://sagarin.com/sports/cfsend.htm', 'team': 'Washington State', 'team_norm': 'Washington State', 'team_raw': 'Washington State', 'week': 12}, 'sagarin_away': {'fetched_at': Timestamp('2025-11-23 01:53:34.149432+0000', tz='UTC'), 'hfa': 3.67, 'page_stamp': 'COLLEGE FOOTBALL 2025 through results of 2025 NOVEMBER 15 SATURDAY - WEEK 12', 'pr': 60.44, 'pr_rank': 102, 'season': 2025, 'sos': 59.05, 'sos_rank': 125, 'source_url': 'http://sagarin.com/sports/cfsend.htm', 'team': 'Louisiana Tech', 'team_norm': 'Louisiana Tech', 'team_raw': 'Louisiana Tech', 'week': 12}}"
2025,12,2025-11-16T03:15:00Z,20251116_0315_tcu_byu,401756950,BYU,Byu,TCU,Tcu,,,,,,,,82.69,21.0,73.47,48.0,72.57,72.71,41.0,38.0,3.67,9.22,,,,,,33.0,18.3,201.2,213.6,414.8,131.9,192.2,324.1,0.8,8-1,,28,88,53,38,29,30,32.7,24.6,123.3,303.4,426.8,125.3,241.6,366.9,0.3,6-3,,104,14,45,30,88,56,"{'schedule_row': {'id': 401756950, 'season': 2025, 'week': 12, 'kickoff_iso_utc': '2025-11-16T03:15:00Z', 'home_team': 'BYU', 'away_team': 'TCU', 'venue': 'LaVell Edwards Stadium', 'conference_game': True}, 'league_metrics_home': {'Team': 'Byu', 'RY(O)': 201.2, 'R(O)_RY': 28, 'PY(O)': 213.6, 'R(O)_PY': 88, 'TY(O)': 414.8, 'R(O)_TY': 53, 'RY(D)': 131.9, 'R(D)_RY': 38, 'PY(D)': 192.2, 'R(D)_PY': 29, 'TY(D)': 324.1, 'R(D)_TY': 30, 'TO': 0.8, 'PF': 33.0, 'PA': 18.3, 'SU': '8-1', 'ATS': None}, 'league_metrics_away': {'Team': 'Tcu', 'RY(O)': 123.3, 'R(O)_RY': 104, 'PY(O)': 303.4, 'R(O)_PY': 14, 'TY(O)': 426.8, 'R(O)_TY': 45, 'RY(D)': 125.3, 'R(D)_RY': 30, 'PY(D)': 241.6, 'R(D)_PY': 88, 'TY(D)': 366.9, 'R(D)_TY': 56, 'TO': 0.3, 'PF': 32.7, 'PA': 24.6, 'SU': '6-3', 'ATS': None}, 'sagarin_home': {'fetched_at': Timestamp('2025-11-23 01:53:34.149432+0000', tz='UTC'), 'hfa': 3.67, 'page_stamp': 'COLLEGE FOOTBALL 2025 through results of 2025 NOVEMBER 15 SATURDAY - WEEK 12', 'pr': 82.69, 'pr_rank': 21, 'season': 2025, 'sos': 72.57, 'sos_rank': 41, 'source_url': 'http://sagarin.com/sports/cfsend.htm', 'team': 'Byu', 'team_norm': 'Byu', 'team_raw': 'BYU', 'week': 12}, 'sagarin_away': {'fetched_at': Timestamp('2025-11-23 01:53:34.149432+0000', tz='UTC'), 'hfa': 3.67, 'page_stamp': 'COLLEGE FOOTBALL 2025 through results of 2025 NOVEMBER 15 SATURDAY - WEEK 12', 'pr': 73.47, 'pr_rank': 48, 'season': 2025, 'sos': 72.71, 'sos_rank': 38, 'source_url': 'http://sagarin.com/sports/cfsend.htm', 'team': 'Tcu', 'team_norm': 'Tcu', 'team_raw': 'TCU', 'week': 12}}"
2025,12,2025-11-16T03:30:00Z,20251116_0330_boise_state_san_diego_state,401760410,San Diego State,San Diego State,Boise State,Boise State,,,,,,,,68.84,67.0,71.17,61.0,61.76,64.09,97.0,79.0,3.67,-2.33,,,,,,26.3,13.1,180.3,176.3,355.4,95.8,166.8,262.6,0.3,7-2,,44,114,95,9,11,5,32.1,24.0,185.4,243.0,428.4,158.3,167.8,326.1,0.2,6-3,,40,62,42,73,12,34,"{'schedule_row': {'id': 401760410, 'season': 2025, 'week': 12, 'kickoff_iso_utc': '2025-11-16T03:30:00Z', 'home_team': 'San Diego State', 'away_team': 'Boise State', 'venue': 'Snapdragon Stadium', 'conference_game': True}, 'league_metrics_home': {'Team': 'San Diego State', 'RY(O)': 180.3, 'R(O)_RY': 44, 'PY(O)': 176.3, 'R(O)_PY': 114, 'TY(O)': 355.4, 'R(O)_TY': 95, 'RY(D)': 95.8, 'R(D)_RY': 9, 'PY(D)': 166.8, 'R(D)_PY': 11, 'TY(D)': 262.6, 'R(D)_TY': 5, 'TO': 0.3, 'PF': 26.3, 'PA': 13.1, 'SU': '7-2', 'ATS': None}, 'league_metrics_away': {'Team': 'Boise State', 'RY(O)': 185.4, 'R(O)_RY': 40, 'PY(O)': 243.0, 'R(O)_PY': 62, 'TY(O)': 428.4, 'R(O)_TY': 42, 'RY(D)': 158.3, 'R(D)_RY': 73, 'PY(D)': 167.8, 'R(D)_PY': 12, 'TY(D)': 326.1, 'R(D)_TY': 34, 'TO': 0.2, 'PF': 32.1, 'PA': 24.0, 'SU': '6-3', 'ATS': None}, 'sagarin_home': {'fetched_at': Timestamp('2025-11-23 01:53:34.149432+0000', tz='UTC'), 'hfa': 3.67, 'page_stamp': 'COLLEGE FOOTBALL 2025 through results of 2025 NOVEMBER 15 SATURDAY - WEEK 12', 'pr': 68.84, 'pr_rank': 67, 'season': 2025, 'sos': 61.76, 'sos_rank': 97, 'source_url': 'http://sagarin.com/sports/cfsend.htm', 'team': 'San Diego State', 'team_norm': 'San Diego State', 'team_raw': 'San Diego State', 'week': 12}, 'sagarin_away': {'fetched_at': Timestamp('2025-11-23 01:53:34.149432+0000', tz='UTC'), 'hfa': 3.67, 'page_stamp': 'COLLEGE FOOTBALL 2025 through results of 2025 NOVEMBER 15 SATURDAY - WEEK 12', 'pr': 71.17, 'pr_rank': 61, 'season': 2025, 'sos': 64.09, 'sos_rank': 79, 'source_url': 'http://sagarin.com/sports/cfsend.htm', 'team': 'Boise State', 'team_norm': 'Boise State', 'team_raw': 'Boise State', 'week': 12}}"
2025,12,2025-11-16T03:30:00Z,20251116_0330_wyoming_fresno_state,401760412,Fresno State,Fresno State,Wyoming,Wyoming,,,,,,,,65.53,83.0,59.45,105.0,60.81,62.63,110.0,88.0,3.67,6.08,,,,,,26.1,21.8,154.3,193.9,348.2,130.1,173.2,303.3,-0.1,6-3,,74,102,99,37,16,16,19.4,20.2,150.2,196.1,346.3,163.2,184.9,348.1,-0.3,4-5,,81,100,101,81,22,45,"{'schedule_row': {'id': 401760412, 'season': 2025, 'week': 12, 'kickoff_iso_utc': '2025-11-16T03:30:00Z', 'home_team': 'Fresno State', 'away_team': 'Wyoming', 'venue': ""Valley Children's Stadium"", 'conference_game': True}, 'league_metrics_home': {'Team': 'Fresno State', 'RY(O)': 154.3, 'R(O)_RY': 74, 'PY(O)': 193.9, 'R(O)_PY': 102, 'TY(O)': 348.2, 'R(O)_TY': 99, 'RY(D)': 130.1, 'R(D)_RY': 37, 'PY(D)': 173.2, 'R(D)_PY': 16, 'TY(D)': 303.3, 'R(D)_TY': 16, 'TO': -0.1, 'PF': 26.1, 'PA': 21.8, 'SU': '6-3', 'ATS': None}, 'league_metrics_away': {'Team': 'Wyoming', 'RY(O)': 150.2, 'R(O)_RY': 81, 'PY(O)': 196.1, 'R(O)_PY': 100, 'TY(O)': 346.3, 'R(O)_TY': 101, 'RY(D)': 163.2, 'R(D)_RY': 81, 'PY(D)': 184.9, 'R(D)_PY': 22, 'TY(D)': 348.1, 'R(D)_TY': 45, 'TO': -0.3, 'PF': 19.4, 'PA': 20.2, 'SU': '4-5', 'ATS': None}, 'sagarin_home': {'fetched_at': Timestamp('2025-11-23 01:53:34.149432+0000', tz='UTC'), 'hfa': 3.67, 'page_stamp': 'COLLEGE FOOTBALL 2025 through results of 2025 NOVEMBER 15 SATURDAY - WEEK 12', 'pr': 65.53, 'pr_rank': 83, 'season': 2025, 'sos': 60.81, 'sos_rank': 110, 'source_url': 'http://sagarin.com/sports/cfsend.htm', 'team': 'Fresno State', 'team_norm': 'Fresno State', 'team_raw': 'Fresno State', 'week': 12}, 'sagarin_away': {'fetched_at': Timestamp('2025-11-23 01:53:34.149432+0000', tz='UTC'), 'hfa': 3.67, 'page_stamp': 'COLLEGE FOOTBALL 2025 through results of 2025 NOVEMBER 15 SATURDAY - WEEK 12', 'pr': 59.45, 'pr_rank': 105, 'season': 2025, 'sos': 62.63, 'sos_rank': 88, 'source_url': 'http://sagarin.com/sports/cfsend.htm', 'team': 'Wyoming', 'team_norm': 'Wyoming', 'team_raw': 'Wyoming', 'week': 12}}"
